q,kv,d,group,kernel,fused_output_group_span,min_ms,mean_ms,cosine,splits,split_kv_len,storage_bytes,status,error,command
128,8192,256,2,sm120_fused,2,0.17206400632858276,0.1738453358411789,0.991536557674408,2,6656,50176,ok,,/home/josh/tdm/infer/current/.venv/bin/python /home/josh/tdm/infer/worktrees/flashinfer-nvfp4-kv/benchmarks/bench_sm120_nvfp4_cutlass_fused_attention.py --device 0 --q-len 128 --kv-len 8192 --head-dim 256 --group 2 --split-kv-len 6656 --warmup 1 --repeat 3 --sm120-qkv-online-splitkv-reuse2-full-grid-bench
128,8192,256,2,nvfp4_fa2,,0.04553600028157234,0.060085332641998924,,,,,ok,,/home/josh/tdm/infer/current/.venv/bin/python /home/josh/tdm/infer/worktrees/flashinfer-nvfp4-kv/benchmarks/bench_nvfp4_fmha_v2_gqa_grouped_attention.py --device 0 --gemma4-shape custom --q-len 128 --kv-len 8192 --head-dim 256 --group-sizes 2 --batch-size 1 --only grouped-fp4 --fp4-backend fa2 --fp4-v-layout nhd --fp4-v-sf-layout linear --bf16-backend fa2 --warmup 1 --repeat 3
128,8192,256,2,fp8_fa2,,0.041760001331567764,0.05675733337799708,,,,,ok,,/home/josh/tdm/infer/current/.venv/bin/python /home/josh/tdm/infer/worktrees/flashinfer-nvfp4-kv/benchmarks/bench_nvfp4_fmha_v2_gqa_grouped_attention.py --device 0 --gemma4-shape custom --q-len 128 --kv-len 8192 --head-dim 256 --group-sizes 2 --batch-size 1 --only fp8 --fp4-backend fa2 --fp4-v-layout nhd --fp4-v-sf-layout linear --bf16-backend fa2 --warmup 1 --repeat 3
128,8192,256,2,bf16_fa2,,0.03651199862360954,0.05694933359821638,,,,,ok,,/home/josh/tdm/infer/current/.venv/bin/python /home/josh/tdm/infer/worktrees/flashinfer-nvfp4-kv/benchmarks/bench_nvfp4_fmha_v2_gqa_grouped_attention.py --device 0 --gemma4-shape custom --q-len 128 --kv-len 8192 --head-dim 256 --group-sizes 2 --batch-size 1 --only bf16 --fp4-backend fa2 --fp4-v-layout nhd --fp4-v-sf-layout linear --bf16-backend fa2 --warmup 1 --repeat 3
128,32768,256,2,sm120_fused,2,0.17260800302028656,0.17553066710631052,0.9913776516914368,5,6656,50176,ok,,/home/josh/tdm/infer/current/.venv/bin/python /home/josh/tdm/infer/worktrees/flashinfer-nvfp4-kv/benchmarks/bench_sm120_nvfp4_cutlass_fused_attention.py --device 0 --q-len 128 --kv-len 32768 --head-dim 256 --group 2 --split-kv-len 6656 --warmup 1 --repeat 3 --sm120-qkv-online-splitkv-reuse2-full-grid-bench
128,32768,256,2,nvfp4_fa2,,0.08844800293445587,0.10301866630713145,,,,,ok,,/home/josh/tdm/infer/current/.venv/bin/python /home/josh/tdm/infer/worktrees/flashinfer-nvfp4-kv/benchmarks/bench_nvfp4_fmha_v2_gqa_grouped_attention.py --device 0 --gemma4-shape custom --q-len 128 --kv-len 32768 --head-dim 256 --group-sizes 2 --batch-size 1 --only grouped-fp4 --fp4-backend fa2 --fp4-v-layout nhd --fp4-v-sf-layout linear --bf16-backend fa2 --warmup 1 --repeat 3
128,32768,256,2,fp8_fa2,,0.08057600259780884,0.09389866640170415,,,,,ok,,/home/josh/tdm/infer/current/.venv/bin/python /home/josh/tdm/infer/worktrees/flashinfer-nvfp4-kv/benchmarks/bench_nvfp4_fmha_v2_gqa_grouped_attention.py --device 0 --gemma4-shape custom --q-len 128 --kv-len 32768 --head-dim 256 --group-sizes 2 --batch-size 1 --only fp8 --fp4-backend fa2 --fp4-v-layout nhd --fp4-v-sf-layout linear --bf16-backend fa2 --warmup 1 --repeat 3
128,32768,256,2,bf16_fa2,,0.05999999865889549,0.0710506650308768,,,,,ok,,/home/josh/tdm/infer/current/.venv/bin/python /home/josh/tdm/infer/worktrees/flashinfer-nvfp4-kv/benchmarks/bench_nvfp4_fmha_v2_gqa_grouped_attention.py --device 0 --gemma4-shape custom --q-len 128 --kv-len 32768 --head-dim 256 --group-sizes 2 --batch-size 1 --only bf16 --fp4-backend fa2 --fp4-v-layout nhd --fp4-v-sf-layout linear --bf16-backend fa2 --warmup 1 --repeat 3
128,65536,256,2,sm120_fused,2,0.1746239960193634,0.17841066420078278,0.9929161071777344,10,6656,50176,ok,,/home/josh/tdm/infer/current/.venv/bin/python /home/josh/tdm/infer/worktrees/flashinfer-nvfp4-kv/benchmarks/bench_sm120_nvfp4_cutlass_fused_attention.py --device 0 --q-len 128 --kv-len 65536 --head-dim 256 --group 2 --split-kv-len 6656 --warmup 1 --repeat 3 --sm120-qkv-online-splitkv-reuse2-full-grid-bench
128,65536,256,2,nvfp4_fa2,,0.14291200041770935,0.15764266749223074,,,,,ok,,/home/josh/tdm/infer/current/.venv/bin/python /home/josh/tdm/infer/worktrees/flashinfer-nvfp4-kv/benchmarks/bench_nvfp4_fmha_v2_gqa_grouped_attention.py --device 0 --gemma4-shape custom --q-len 128 --kv-len 65536 --head-dim 256 --group-sizes 2 --batch-size 1 --only grouped-fp4 --fp4-backend fa2 --fp4-v-layout nhd --fp4-v-sf-layout linear --bf16-backend fa2 --warmup 1 --repeat 3
128,65536,256,2,fp8_fa2,,0.12889599800109863,0.14320000012715658,,,,,ok,,/home/josh/tdm/infer/current/.venv/bin/python /home/josh/tdm/infer/worktrees/flashinfer-nvfp4-kv/benchmarks/bench_nvfp4_fmha_v2_gqa_grouped_attention.py --device 0 --gemma4-shape custom --q-len 128 --kv-len 65536 --head-dim 256 --group-sizes 2 --batch-size 1 --only fp8 --fp4-backend fa2 --fp4-v-layout nhd --fp4-v-sf-layout linear --bf16-backend fa2 --warmup 1 --repeat 3
128,65536,256,2,bf16_fa2,,0.09513600170612335,0.11051733543475468,,,,,ok,,/home/josh/tdm/infer/current/.venv/bin/python /home/josh/tdm/infer/worktrees/flashinfer-nvfp4-kv/benchmarks/bench_nvfp4_fmha_v2_gqa_grouped_attention.py --device 0 --gemma4-shape custom --q-len 128 --kv-len 65536 --head-dim 256 --group-sizes 2 --batch-size 1 --only bf16 --fp4-backend fa2 --fp4-v-layout nhd --fp4-v-sf-layout linear --bf16-backend fa2 --warmup 1 --repeat 3
128,131072,256,2,sm120_fused,2,0.18188799917697906,0.1847253292798996,0.9899891018867493,20,6656,50176,ok,,/home/josh/tdm/infer/current/.venv/bin/python /home/josh/tdm/infer/worktrees/flashinfer-nvfp4-kv/benchmarks/bench_sm120_nvfp4_cutlass_fused_attention.py --device 0 --q-len 128 --kv-len 131072 --head-dim 256 --group 2 --split-kv-len 6656 --warmup 1 --repeat 3 --sm120-qkv-online-splitkv-reuse2-full-grid-bench
128,131072,256,2,nvfp4_fa2,,0.2619520127773285,0.2768320043881734,,,,,ok,,/home/josh/tdm/infer/current/.venv/bin/python /home/josh/tdm/infer/worktrees/flashinfer-nvfp4-kv/benchmarks/bench_nvfp4_fmha_v2_gqa_grouped_attention.py --device 0 --gemma4-shape custom --q-len 128 --kv-len 131072 --head-dim 256 --group-sizes 2 --batch-size 1 --only grouped-fp4 --fp4-backend fa2 --fp4-v-layout nhd --fp4-v-sf-layout linear --bf16-backend fa2 --warmup 1 --repeat 3
128,131072,256,2,fp8_fa2,,0.22944000363349915,0.2435200015703837,,,,,ok,,/home/josh/tdm/infer/current/.venv/bin/python /home/josh/tdm/infer/worktrees/flashinfer-nvfp4-kv/benchmarks/bench_nvfp4_fmha_v2_gqa_grouped_attention.py --device 0 --gemma4-shape custom --q-len 128 --kv-len 131072 --head-dim 256 --group-sizes 2 --batch-size 1 --only fp8 --fp4-backend fa2 --fp4-v-layout nhd --fp4-v-sf-layout linear --bf16-backend fa2 --warmup 1 --repeat 3
128,131072,256,2,bf16_fa2,,0.17696000635623932,0.18955733378728232,,,,,ok,,/home/josh/tdm/infer/current/.venv/bin/python /home/josh/tdm/infer/worktrees/flashinfer-nvfp4-kv/benchmarks/bench_nvfp4_fmha_v2_gqa_grouped_attention.py --device 0 --gemma4-shape custom --q-len 128 --kv-len 131072 --head-dim 256 --group-sizes 2 --batch-size 1 --only bf16 --fp4-backend fa2 --fp4-v-layout nhd --fp4-v-sf-layout linear --bf16-backend fa2 --warmup 1 --repeat 3
128,262144,256,2,sm120_fused,2,0.206496000289917,0.20966399709383646,0.9916821718215942,40,6656,50176,ok,,/home/josh/tdm/infer/current/.venv/bin/python /home/josh/tdm/infer/worktrees/flashinfer-nvfp4-kv/benchmarks/bench_sm120_nvfp4_cutlass_fused_attention.py --device 0 --q-len 128 --kv-len 262144 --head-dim 256 --group 2 --split-kv-len 6656 --warmup 1 --repeat 3 --sm120-qkv-online-splitkv-reuse2-full-grid-bench
128,262144,256,2,nvfp4_fa2,,0.4963200092315674,0.5108586748441061,,,,,ok,,/home/josh/tdm/infer/current/.venv/bin/python /home/josh/tdm/infer/worktrees/flashinfer-nvfp4-kv/benchmarks/bench_nvfp4_fmha_v2_gqa_grouped_attention.py --device 0 --gemma4-shape custom --q-len 128 --kv-len 262144 --head-dim 256 --group-sizes 2 --batch-size 1 --only grouped-fp4 --fp4-backend fa2 --fp4-v-layout nhd --fp4-v-sf-layout linear --bf16-backend fa2 --warmup 1 --repeat 3
128,262144,256,2,fp8_fa2,,0.4668799936771393,0.47540266315142315,,,,,ok,,/home/josh/tdm/infer/current/.venv/bin/python /home/josh/tdm/infer/worktrees/flashinfer-nvfp4-kv/benchmarks/bench_nvfp4_fmha_v2_gqa_grouped_attention.py --device 0 --gemma4-shape custom --q-len 128 --kv-len 262144 --head-dim 256 --group-sizes 2 --batch-size 1 --only fp8 --fp4-backend fa2 --fp4-v-layout nhd --fp4-v-sf-layout linear --bf16-backend fa2 --warmup 1 --repeat 3
128,262144,256,2,bf16_fa2,,0.35040000081062317,0.3566506703694661,,,,,ok,,/home/josh/tdm/infer/current/.venv/bin/python /home/josh/tdm/infer/worktrees/flashinfer-nvfp4-kv/benchmarks/bench_nvfp4_fmha_v2_gqa_grouped_attention.py --device 0 --gemma4-shape custom --q-len 128 --kv-len 262144 --head-dim 256 --group-sizes 2 --batch-size 1 --only bf16 --fp4-backend fa2 --fp4-v-layout nhd --fp4-v-sf-layout linear --bf16-backend fa2 --warmup 1 --repeat 3
256,8192,256,2,sm120_fused,2,0.17187200486660004,0.1734186659256617,0.9915363192558289,2,6656,50176,ok,,/home/josh/tdm/infer/current/.venv/bin/python /home/josh/tdm/infer/worktrees/flashinfer-nvfp4-kv/benchmarks/bench_sm120_nvfp4_cutlass_fused_attention.py --device 0 --q-len 256 --kv-len 8192 --head-dim 256 --group 2 --split-kv-len 6656 --warmup 1 --repeat 3 --sm120-qkv-online-splitkv-reuse2-full-grid-bench
256,8192,256,2,nvfp4_fa2,,0.05833600088953972,0.07213866834839185,,,,,ok,,/home/josh/tdm/infer/current/.venv/bin/python /home/josh/tdm/infer/worktrees/flashinfer-nvfp4-kv/benchmarks/bench_nvfp4_fmha_v2_gqa_grouped_attention.py --device 0 --gemma4-shape custom --q-len 256 --kv-len 8192 --head-dim 256 --group-sizes 2 --batch-size 1 --only grouped-fp4 --fp4-backend fa2 --fp4-v-layout nhd --fp4-v-sf-layout linear --bf16-backend fa2 --warmup 1 --repeat 3
256,8192,256,2,fp8_fa2,,0.05417599901556969,0.06895999858776729,,,,,ok,,/home/josh/tdm/infer/current/.venv/bin/python /home/josh/tdm/infer/worktrees/flashinfer-nvfp4-kv/benchmarks/bench_nvfp4_fmha_v2_gqa_grouped_attention.py --device 0 --gemma4-shape custom --q-len 256 --kv-len 8192 --head-dim 256 --group-sizes 2 --batch-size 1 --only fp8 --fp4-backend fa2 --fp4-v-layout nhd --fp4-v-sf-layout linear --bf16-backend fa2 --warmup 1 --repeat 3
256,8192,256,2,bf16_fa2,,0.040511999279260635,0.056458666920661926,,,,,ok,,/home/josh/tdm/infer/current/.venv/bin/python /home/josh/tdm/infer/worktrees/flashinfer-nvfp4-kv/benchmarks/bench_nvfp4_fmha_v2_gqa_grouped_attention.py --device 0 --gemma4-shape custom --q-len 256 --kv-len 8192 --head-dim 256 --group-sizes 2 --batch-size 1 --only bf16 --fp4-backend fa2 --fp4-v-layout nhd --fp4-v-sf-layout linear --bf16-backend fa2 --warmup 1 --repeat 3
256,32768,256,2,sm120_fused,2,0.17270399630069733,0.17562666535377502,0.9913763403892517,5,6656,50176,ok,,/home/josh/tdm/infer/current/.venv/bin/python /home/josh/tdm/infer/worktrees/flashinfer-nvfp4-kv/benchmarks/bench_sm120_nvfp4_cutlass_fused_attention.py --device 0 --q-len 256 --kv-len 32768 --head-dim 256 --group 2 --split-kv-len 6656 --warmup 1 --repeat 3 --sm120-qkv-online-splitkv-reuse2-full-grid-bench
256,32768,256,2,nvfp4_fa2,,0.14108799397945404,0.15531733135382333,,,,,ok,,/home/josh/tdm/infer/current/.venv/bin/python /home/josh/tdm/infer/worktrees/flashinfer-nvfp4-kv/benchmarks/bench_nvfp4_fmha_v2_gqa_grouped_attention.py --device 0 --gemma4-shape custom --q-len 256 --kv-len 32768 --head-dim 256 --group-sizes 2 --batch-size 1 --only grouped-fp4 --fp4-backend fa2 --fp4-v-layout nhd --fp4-v-sf-layout linear --bf16-backend fa2 --warmup 1 --repeat 3
256,32768,256,2,fp8_fa2,,0.12646399438381195,0.14179199934005737,,,,,ok,,/home/josh/tdm/infer/current/.venv/bin/python /home/josh/tdm/infer/worktrees/flashinfer-nvfp4-kv/benchmarks/bench_nvfp4_fmha_v2_gqa_grouped_attention.py --device 0 --gemma4-shape custom --q-len 256 --kv-len 32768 --head-dim 256 --group-sizes 2 --batch-size 1 --only fp8 --fp4-backend fa2 --fp4-v-layout nhd --fp4-v-sf-layout linear --bf16-backend fa2 --warmup 1 --repeat 3
256,32768,256,2,bf16_fa2,,0.09436800330877304,0.10984533280134201,,,,,ok,,/home/josh/tdm/infer/current/.venv/bin/python /home/josh/tdm/infer/worktrees/flashinfer-nvfp4-kv/benchmarks/bench_nvfp4_fmha_v2_gqa_grouped_attention.py --device 0 --gemma4-shape custom --q-len 256 --kv-len 32768 --head-dim 256 --group-sizes 2 --batch-size 1 --only bf16 --fp4-backend fa2 --fp4-v-layout nhd --fp4-v-sf-layout linear --bf16-backend fa2 --warmup 1 --repeat 3
256,65536,256,2,sm120_fused,2,0.1783680021762848,0.18027733266353607,0.9929074645042419,10,6656,50176,ok,,/home/josh/tdm/infer/current/.venv/bin/python /home/josh/tdm/infer/worktrees/flashinfer-nvfp4-kv/benchmarks/bench_sm120_nvfp4_cutlass_fused_attention.py --device 0 --q-len 256 --kv-len 65536 --head-dim 256 --group 2 --split-kv-len 6656 --warmup 1 --repeat 3 --sm120-qkv-online-splitkv-reuse2-full-grid-bench
256,65536,256,2,nvfp4_fa2,,0.2586880028247833,0.2732800046602885,,,,,ok,,/home/josh/tdm/infer/current/.venv/bin/python /home/josh/tdm/infer/worktrees/flashinfer-nvfp4-kv/benchmarks/bench_nvfp4_fmha_v2_gqa_grouped_attention.py --device 0 --gemma4-shape custom --q-len 256 --kv-len 65536 --head-dim 256 --group-sizes 2 --batch-size 1 --only grouped-fp4 --fp4-backend fa2 --fp4-v-layout nhd --fp4-v-sf-layout linear --bf16-backend fa2 --warmup 1 --repeat 3
256,65536,256,2,fp8_fa2,,0.22950400412082672,0.24209066728750864,,,,,ok,,/home/josh/tdm/infer/current/.venv/bin/python /home/josh/tdm/infer/worktrees/flashinfer-nvfp4-kv/benchmarks/bench_nvfp4_fmha_v2_gqa_grouped_attention.py --device 0 --gemma4-shape custom --q-len 256 --kv-len 65536 --head-dim 256 --group-sizes 2 --batch-size 1 --only fp8 --fp4-backend fa2 --fp4-v-layout nhd --fp4-v-sf-layout linear --bf16-backend fa2 --warmup 1 --repeat 3
256,65536,256,2,bf16_fa2,,0.16185599565505981,0.17637333273887634,,,,,ok,,/home/josh/tdm/infer/current/.venv/bin/python /home/josh/tdm/infer/worktrees/flashinfer-nvfp4-kv/benchmarks/bench_nvfp4_fmha_v2_gqa_grouped_attention.py --device 0 --gemma4-shape custom --q-len 256 --kv-len 65536 --head-dim 256 --group-sizes 2 --batch-size 1 --only bf16 --fp4-backend fa2 --fp4-v-layout nhd --fp4-v-sf-layout linear --bf16-backend fa2 --warmup 1 --repeat 3
256,131072,256,2,sm120_fused,2,0.19788800179958344,0.19925333559513092,0.9899863004684448,20,6656,50176,ok,,/home/josh/tdm/infer/current/.venv/bin/python /home/josh/tdm/infer/worktrees/flashinfer-nvfp4-kv/benchmarks/bench_sm120_nvfp4_cutlass_fused_attention.py --device 0 --q-len 256 --kv-len 131072 --head-dim 256 --group 2 --split-kv-len 6656 --warmup 1 --repeat 3 --sm120-qkv-online-splitkv-reuse2-full-grid-bench
256,131072,256,2,nvfp4_fa2,,0.49775999784469604,0.5111253460248312,,,,,ok,,/home/josh/tdm/infer/current/.venv/bin/python /home/josh/tdm/infer/worktrees/flashinfer-nvfp4-kv/benchmarks/bench_nvfp4_fmha_v2_gqa_grouped_attention.py --device 0 --gemma4-shape custom --q-len 256 --kv-len 131072 --head-dim 256 --group-sizes 2 --batch-size 1 --only grouped-fp4 --fp4-backend fa2 --fp4-v-layout nhd --fp4-v-sf-layout linear --bf16-backend fa2 --warmup 1 --repeat 3
256,131072,256,2,fp8_fa2,,0.44233599305152893,0.45210666457811993,,,,,ok,,/home/josh/tdm/infer/current/.venv/bin/python /home/josh/tdm/infer/worktrees/flashinfer-nvfp4-kv/benchmarks/bench_nvfp4_fmha_v2_gqa_grouped_attention.py --device 0 --gemma4-shape custom --q-len 256 --kv-len 131072 --head-dim 256 --group-sizes 2 --batch-size 1 --only fp8 --fp4-backend fa2 --fp4-v-layout nhd --fp4-v-sf-layout linear --bf16-backend fa2 --warmup 1 --repeat 3
256,131072,256,2,bf16_fa2,,0.3230400085449219,0.33425066868464154,,,,,ok,,/home/josh/tdm/infer/current/.venv/bin/python /home/josh/tdm/infer/worktrees/flashinfer-nvfp4-kv/benchmarks/bench_nvfp4_fmha_v2_gqa_grouped_attention.py --device 0 --gemma4-shape custom --q-len 256 --kv-len 131072 --head-dim 256 --group-sizes 2 --batch-size 1 --only bf16 --fp4-backend fa2 --fp4-v-layout nhd --fp4-v-sf-layout linear --bf16-backend fa2 --warmup 1 --repeat 3
256,262144,256,2,sm120_fused,2,0.3681280016899109,0.3700159986813863,0.99167799949646,40,6656,50176,ok,,/home/josh/tdm/infer/current/.venv/bin/python /home/josh/tdm/infer/worktrees/flashinfer-nvfp4-kv/benchmarks/bench_sm120_nvfp4_cutlass_fused_attention.py --device 0 --q-len 256 --kv-len 262144 --head-dim 256 --group 2 --split-kv-len 6656 --warmup 1 --repeat 3 --sm120-qkv-online-splitkv-reuse2-full-grid-bench
256,262144,256,2,nvfp4_fa2,,0.964896023273468,0.9805653293927511,,,,,ok,,/home/josh/tdm/infer/current/.venv/bin/python /home/josh/tdm/infer/worktrees/flashinfer-nvfp4-kv/benchmarks/bench_nvfp4_fmha_v2_gqa_grouped_attention.py --device 0 --gemma4-shape custom --q-len 256 --kv-len 262144 --head-dim 256 --group-sizes 2 --batch-size 1 --only grouped-fp4 --fp4-backend fa2 --fp4-v-layout nhd --fp4-v-sf-layout linear --bf16-backend fa2 --warmup 1 --repeat 3
256,262144,256,2,fp8_fa2,,0.889631986618042,0.8977920015652975,,,,,ok,,/home/josh/tdm/infer/current/.venv/bin/python /home/josh/tdm/infer/worktrees/flashinfer-nvfp4-kv/benchmarks/bench_nvfp4_fmha_v2_gqa_grouped_attention.py --device 0 --gemma4-shape custom --q-len 256 --kv-len 262144 --head-dim 256 --group-sizes 2 --batch-size 1 --only fp8 --fp4-backend fa2 --fp4-v-layout nhd --fp4-v-sf-layout linear --bf16-backend fa2 --warmup 1 --repeat 3
256,262144,256,2,bf16_fa2,,0.6420480012893677,0.6524479985237122,,,,,ok,,/home/josh/tdm/infer/current/.venv/bin/python /home/josh/tdm/infer/worktrees/flashinfer-nvfp4-kv/benchmarks/bench_nvfp4_fmha_v2_gqa_grouped_attention.py --device 0 --gemma4-shape custom --q-len 256 --kv-len 262144 --head-dim 256 --group-sizes 2 --batch-size 1 --only bf16 --fp4-backend fa2 --fp4-v-layout nhd --fp4-v-sf-layout linear --bf16-backend fa2 --warmup 1 --repeat 3
512,8192,256,2,sm120_fused,2,0.1716800034046173,0.17392000059286752,0.9914748668670654,2,6656,50176,ok,,/home/josh/tdm/infer/current/.venv/bin/python /home/josh/tdm/infer/worktrees/flashinfer-nvfp4-kv/benchmarks/bench_sm120_nvfp4_cutlass_fused_attention.py --device 0 --q-len 512 --kv-len 8192 --head-dim 256 --group 2 --split-kv-len 6656 --warmup 1 --repeat 3 --sm120-qkv-online-splitkv-reuse2-full-grid-bench
512,8192,256,2,nvfp4_fa2,,0.09171199798583984,0.10621866583824158,,,,,ok,,/home/josh/tdm/infer/current/.venv/bin/python /home/josh/tdm/infer/worktrees/flashinfer-nvfp4-kv/benchmarks/bench_nvfp4_fmha_v2_gqa_grouped_attention.py --device 0 --gemma4-shape custom --q-len 512 --kv-len 8192 --head-dim 256 --group-sizes 2 --batch-size 1 --only grouped-fp4 --fp4-backend fa2 --fp4-v-layout nhd --fp4-v-sf-layout linear --bf16-backend fa2 --warmup 1 --repeat 3
512,8192,256,2,fp8_fa2,,0.08371199667453766,0.09909333288669586,,,,,ok,,/home/josh/tdm/infer/current/.venv/bin/python /home/josh/tdm/infer/worktrees/flashinfer-nvfp4-kv/benchmarks/bench_nvfp4_fmha_v2_gqa_grouped_attention.py --device 0 --gemma4-shape custom --q-len 512 --kv-len 8192 --head-dim 256 --group-sizes 2 --batch-size 1 --only fp8 --fp4-backend fa2 --fp4-v-layout nhd --fp4-v-sf-layout linear --bf16-backend fa2 --warmup 1 --repeat 3
512,8192,256,2,bf16_fa2,,0.05878400057554245,0.07542400186260541,,,,,ok,,/home/josh/tdm/infer/current/.venv/bin/python /home/josh/tdm/infer/worktrees/flashinfer-nvfp4-kv/benchmarks/bench_nvfp4_fmha_v2_gqa_grouped_attention.py --device 0 --gemma4-shape custom --q-len 512 --kv-len 8192 --head-dim 256 --group-sizes 2 --batch-size 1 --only bf16 --fp4-backend fa2 --fp4-v-layout nhd --fp4-v-sf-layout linear --bf16-backend fa2 --warmup 1 --repeat 3
512,32768,256,2,sm120_fused,2,0.17423999309539795,0.177429328362147,0.9913244247436523,5,6656,50176,ok,,/home/josh/tdm/infer/current/.venv/bin/python /home/josh/tdm/infer/worktrees/flashinfer-nvfp4-kv/benchmarks/bench_sm120_nvfp4_cutlass_fused_attention.py --device 0 --q-len 512 --kv-len 32768 --head-dim 256 --group 2 --split-kv-len 6656 --warmup 1 --repeat 3 --sm120-qkv-online-splitkv-reuse2-full-grid-bench
512,32768,256,2,nvfp4_fa2,,0.26287999749183655,0.2777493397394816,,,,,ok,,/home/josh/tdm/infer/current/.venv/bin/python /home/josh/tdm/infer/worktrees/flashinfer-nvfp4-kv/benchmarks/bench_nvfp4_fmha_v2_gqa_grouped_attention.py --device 0 --gemma4-shape custom --q-len 512 --kv-len 32768 --head-dim 256 --group-sizes 2 --batch-size 1 --only grouped-fp4 --fp4-backend fa2 --fp4-v-layout nhd --fp4-v-sf-layout linear --bf16-backend fa2 --warmup 1 --repeat 3
512,32768,256,2,fp8_fa2,,0.23043200373649597,0.2451413373152415,,,,,ok,,/home/josh/tdm/infer/current/.venv/bin/python /home/josh/tdm/infer/worktrees/flashinfer-nvfp4-kv/benchmarks/bench_nvfp4_fmha_v2_gqa_grouped_attention.py --device 0 --gemma4-shape custom --q-len 512 --kv-len 32768 --head-dim 256 --group-sizes 2 --batch-size 1 --only fp8 --fp4-backend fa2 --fp4-v-layout nhd --fp4-v-sf-layout linear --bf16-backend fa2 --warmup 1 --repeat 3
512,32768,256,2,bf16_fa2,,0.16371199488639832,0.1777919977903366,,,,,ok,,/home/josh/tdm/infer/current/.venv/bin/python /home/josh/tdm/infer/worktrees/flashinfer-nvfp4-kv/benchmarks/bench_nvfp4_fmha_v2_gqa_grouped_attention.py --device 0 --gemma4-shape custom --q-len 512 --kv-len 32768 --head-dim 256 --group-sizes 2 --batch-size 1 --only bf16 --fp4-backend fa2 --fp4-v-layout nhd --fp4-v-sf-layout linear --bf16-backend fa2 --warmup 1 --repeat 3
512,65536,256,2,sm120_fused,2,0.19094400107860565,0.19401600460211435,0.9928110241889954,10,6656,50176,ok,,/home/josh/tdm/infer/current/.venv/bin/python /home/josh/tdm/infer/worktrees/flashinfer-nvfp4-kv/benchmarks/bench_sm120_nvfp4_cutlass_fused_attention.py --device 0 --q-len 512 --kv-len 65536 --head-dim 256 --group 2 --split-kv-len 6656 --warmup 1 --repeat 3 --sm120-qkv-online-splitkv-reuse2-full-grid-bench
512,65536,256,2,nvfp4_fa2,,0.5023360252380371,0.5172266761461893,,,,,ok,,/home/josh/tdm/infer/current/.venv/bin/python /home/josh/tdm/infer/worktrees/flashinfer-nvfp4-kv/benchmarks/bench_nvfp4_fmha_v2_gqa_grouped_attention.py --device 0 --gemma4-shape custom --q-len 512 --kv-len 65536 --head-dim 256 --group-sizes 2 --batch-size 1 --only grouped-fp4 --fp4-backend fa2 --fp4-v-layout nhd --fp4-v-sf-layout linear --bf16-backend fa2 --warmup 1 --repeat 3
512,65536,256,2,fp8_fa2,,0.44787201285362244,0.458133339881897,,,,,ok,,/home/josh/tdm/infer/current/.venv/bin/python /home/josh/tdm/infer/worktrees/flashinfer-nvfp4-kv/benchmarks/bench_nvfp4_fmha_v2_gqa_grouped_attention.py --device 0 --gemma4-shape custom --q-len 512 --kv-len 65536 --head-dim 256 --group-sizes 2 --batch-size 1 --only fp8 --fp4-backend fa2 --fp4-v-layout nhd --fp4-v-sf-layout linear --bf16-backend fa2 --warmup 1 --repeat 3
512,65536,256,2,bf16_fa2,,0.30956798791885376,0.32102399071057636,,,,,ok,,/home/josh/tdm/infer/current/.venv/bin/python /home/josh/tdm/infer/worktrees/flashinfer-nvfp4-kv/benchmarks/bench_nvfp4_fmha_v2_gqa_grouped_attention.py --device 0 --gemma4-shape custom --q-len 512 --kv-len 65536 --head-dim 256 --group-sizes 2 --batch-size 1 --only bf16 --fp4-backend fa2 --fp4-v-layout nhd --fp4-v-sf-layout linear --bf16-backend fa2 --warmup 1 --repeat 3
512,131072,256,2,sm120_fused,2,0.35705599188804626,0.35974399248758954,0.9900740385055542,20,6656,50176,ok,,/home/josh/tdm/infer/current/.venv/bin/python /home/josh/tdm/infer/worktrees/flashinfer-nvfp4-kv/benchmarks/bench_sm120_nvfp4_cutlass_fused_attention.py --device 0 --q-len 512 --kv-len 131072 --head-dim 256 --group 2 --split-kv-len 6656 --warmup 1 --repeat 3 --sm120-qkv-online-splitkv-reuse2-full-grid-bench
512,131072,256,2,nvfp4_fa2,,0.9870079755783081,1.0024426380793254,,,,,ok,,/home/josh/tdm/infer/current/.venv/bin/python /home/josh/tdm/infer/worktrees/flashinfer-nvfp4-kv/benchmarks/bench_nvfp4_fmha_v2_gqa_grouped_attention.py --device 0 --gemma4-shape custom --q-len 512 --kv-len 131072 --head-dim 256 --group-sizes 2 --batch-size 1 --only grouped-fp4 --fp4-backend fa2 --fp4-v-layout nhd --fp4-v-sf-layout linear --bf16-backend fa2 --warmup 1 --repeat 3
512,131072,256,2,fp8_fa2,,0.87254399061203,0.8816213210423788,,,,,ok,,/home/josh/tdm/infer/current/.venv/bin/python /home/josh/tdm/infer/worktrees/flashinfer-nvfp4-kv/benchmarks/bench_nvfp4_fmha_v2_gqa_grouped_attention.py --device 0 --gemma4-shape custom --q-len 512 --kv-len 131072 --head-dim 256 --group-sizes 2 --batch-size 1 --only fp8 --fp4-backend fa2 --fp4-v-layout nhd --fp4-v-sf-layout linear --bf16-backend fa2 --warmup 1 --repeat 3
512,131072,256,2,bf16_fa2,,0.6211839914321899,0.6309013366699219,,,,,ok,,/home/josh/tdm/infer/current/.venv/bin/python /home/josh/tdm/infer/worktrees/flashinfer-nvfp4-kv/benchmarks/bench_nvfp4_fmha_v2_gqa_grouped_attention.py --device 0 --gemma4-shape custom --q-len 512 --kv-len 131072 --head-dim 256 --group-sizes 2 --batch-size 1 --only bf16 --fp4-backend fa2 --fp4-v-layout nhd --fp4-v-sf-layout linear --bf16-backend fa2 --warmup 1 --repeat 3
512,262144,256,2,sm120_fused,2,0.688256025314331,0.6924906770388285,0.9917594194412231,40,6656,50176,ok,,/home/josh/tdm/infer/current/.venv/bin/python /home/josh/tdm/infer/worktrees/flashinfer-nvfp4-kv/benchmarks/bench_sm120_nvfp4_cutlass_fused_attention.py --device 0 --q-len 512 --kv-len 262144 --head-dim 256 --group 2 --split-kv-len 6656 --warmup 1 --repeat 3 --sm120-qkv-online-splitkv-reuse2-full-grid-bench
512,262144,256,2,nvfp4_fa2,,1.9438079595565796,1.954090674718221,,,,,ok,,/home/josh/tdm/infer/current/.venv/bin/python /home/josh/tdm/infer/worktrees/flashinfer-nvfp4-kv/benchmarks/bench_nvfp4_fmha_v2_gqa_grouped_attention.py --device 0 --gemma4-shape custom --q-len 512 --kv-len 262144 --head-dim 256 --group-sizes 2 --batch-size 1 --only grouped-fp4 --fp4-backend fa2 --fp4-v-layout nhd --fp4-v-sf-layout linear --bf16-backend fa2 --warmup 1 --repeat 3
512,262144,256,2,fp8_fa2,,1.7458879947662354,1.7589653333028157,,,,,ok,,/home/josh/tdm/infer/current/.venv/bin/python /home/josh/tdm/infer/worktrees/flashinfer-nvfp4-kv/benchmarks/bench_nvfp4_fmha_v2_gqa_grouped_attention.py --device 0 --gemma4-shape custom --q-len 512 --kv-len 262144 --head-dim 256 --group-sizes 2 --batch-size 1 --only fp8 --fp4-backend fa2 --fp4-v-layout nhd --fp4-v-sf-layout linear --bf16-backend fa2 --warmup 1 --repeat 3
512,262144,256,2,bf16_fa2,,1.240224003791809,1.2508373260498047,,,,,ok,,/home/josh/tdm/infer/current/.venv/bin/python /home/josh/tdm/infer/worktrees/flashinfer-nvfp4-kv/benchmarks/bench_nvfp4_fmha_v2_gqa_grouped_attention.py --device 0 --gemma4-shape custom --q-len 512 --kv-len 262144 --head-dim 256 --group-sizes 2 --batch-size 1 --only bf16 --fp4-backend fa2 --fp4-v-layout nhd --fp4-v-sf-layout linear --bf16-backend fa2 --warmup 1 --repeat 3
1024,8192,256,2,sm120_fused,2,0.174112007021904,0.17734400431315103,0.9915404319763184,2,6656,50176,ok,,/home/josh/tdm/infer/current/.venv/bin/python /home/josh/tdm/infer/worktrees/flashinfer-nvfp4-kv/benchmarks/bench_sm120_nvfp4_cutlass_fused_attention.py --device 0 --q-len 1024 --kv-len 8192 --head-dim 256 --group 2 --split-kv-len 6656 --warmup 1 --repeat 3 --sm120-qkv-online-splitkv-reuse2-full-grid-bench
1024,8192,256,2,nvfp4_fa2,,0.15014399588108063,0.16392533481121063,,,,,ok,,/home/josh/tdm/infer/current/.venv/bin/python /home/josh/tdm/infer/worktrees/flashinfer-nvfp4-kv/benchmarks/bench_nvfp4_fmha_v2_gqa_grouped_attention.py --device 0 --gemma4-shape custom --q-len 1024 --kv-len 8192 --head-dim 256 --group-sizes 2 --batch-size 1 --only grouped-fp4 --fp4-backend fa2 --fp4-v-layout nhd --fp4-v-sf-layout linear --bf16-backend fa2 --warmup 1 --repeat 3
1024,8192,256,2,fp8_fa2,,0.1319040060043335,0.1485013316075007,,,,,ok,,/home/josh/tdm/infer/current/.venv/bin/python /home/josh/tdm/infer/worktrees/flashinfer-nvfp4-kv/benchmarks/bench_nvfp4_fmha_v2_gqa_grouped_attention.py --device 0 --gemma4-shape custom --q-len 1024 --kv-len 8192 --head-dim 256 --group-sizes 2 --batch-size 1 --only fp8 --fp4-backend fa2 --fp4-v-layout nhd --fp4-v-sf-layout linear --bf16-backend fa2 --warmup 1 --repeat 3
1024,8192,256,2,bf16_fa2,,0.09920000284910202,0.1144533356030782,,,,,ok,,/home/josh/tdm/infer/current/.venv/bin/python /home/josh/tdm/infer/worktrees/flashinfer-nvfp4-kv/benchmarks/bench_nvfp4_fmha_v2_gqa_grouped_attention.py --device 0 --gemma4-shape custom --q-len 1024 --kv-len 8192 --head-dim 256 --group-sizes 2 --batch-size 1 --only bf16 --fp4-backend fa2 --fp4-v-layout nhd --fp4-v-sf-layout linear --bf16-backend fa2 --warmup 1 --repeat 3
1024,32768,256,2,sm120_fused,2,0.1926400065422058,0.19354666769504547,0.9913380742073059,5,6656,50176,ok,,/home/josh/tdm/infer/current/.venv/bin/python /home/josh/tdm/infer/worktrees/flashinfer-nvfp4-kv/benchmarks/bench_sm120_nvfp4_cutlass_fused_attention.py --device 0 --q-len 1024 --kv-len 32768 --head-dim 256 --group 2 --split-kv-len 6656 --warmup 1 --repeat 3 --sm120-qkv-online-splitkv-reuse2-full-grid-bench
1024,32768,256,2,nvfp4_fa2,,0.5181120038032532,0.5328746636708578,,,,,ok,,/home/josh/tdm/infer/current/.venv/bin/python /home/josh/tdm/infer/worktrees/flashinfer-nvfp4-kv/benchmarks/bench_nvfp4_fmha_v2_gqa_grouped_attention.py --device 0 --gemma4-shape custom --q-len 1024 --kv-len 32768 --head-dim 256 --group-sizes 2 --batch-size 1 --only grouped-fp4 --fp4-backend fa2 --fp4-v-layout nhd --fp4-v-sf-layout linear --bf16-backend fa2 --warmup 1 --repeat 3
1024,32768,256,2,fp8_fa2,,0.4577920138835907,0.470549335082372,,,,,ok,,/home/josh/tdm/infer/current/.venv/bin/python /home/josh/tdm/infer/worktrees/flashinfer-nvfp4-kv/benchmarks/bench_nvfp4_fmha_v2_gqa_grouped_attention.py --device 0 --gemma4-shape custom --q-len 1024 --kv-len 32768 --head-dim 256 --group-sizes 2 --batch-size 1 --only fp8 --fp4-backend fa2 --fp4-v-layout nhd --fp4-v-sf-layout linear --bf16-backend fa2 --warmup 1 --repeat 3
1024,32768,256,2,bf16_fa2,,0.31808000802993774,0.3774080077807109,,,,,ok,,/home/josh/tdm/infer/current/.venv/bin/python /home/josh/tdm/infer/worktrees/flashinfer-nvfp4-kv/benchmarks/bench_nvfp4_fmha_v2_gqa_grouped_attention.py --device 0 --gemma4-shape custom --q-len 1024 --kv-len 32768 --head-dim 256 --group-sizes 2 --batch-size 1 --only bf16 --fp4-backend fa2 --fp4-v-layout nhd --fp4-v-sf-layout linear --bf16-backend fa2 --warmup 1 --repeat 3
1024,65536,256,2,sm120_fused,2,0.35603201389312744,0.35822932918866474,0.9929097294807434,10,6656,50176,ok,,/home/josh/tdm/infer/current/.venv/bin/python /home/josh/tdm/infer/worktrees/flashinfer-nvfp4-kv/benchmarks/bench_sm120_nvfp4_cutlass_fused_attention.py --device 0 --q-len 1024 --kv-len 65536 --head-dim 256 --group 2 --split-kv-len 6656 --warmup 1 --repeat 3 --sm120-qkv-online-splitkv-reuse2-full-grid-bench
1024,65536,256,2,nvfp4_fa2,,1.012384057044983,1.0242026646931965,,,,,ok,,/home/josh/tdm/infer/current/.venv/bin/python /home/josh/tdm/infer/worktrees/flashinfer-nvfp4-kv/benchmarks/bench_nvfp4_fmha_v2_gqa_grouped_attention.py --device 0 --gemma4-shape custom --q-len 1024 --kv-len 65536 --head-dim 256 --group-sizes 2 --batch-size 1 --only grouped-fp4 --fp4-backend fa2 --fp4-v-layout nhd --fp4-v-sf-layout linear --bf16-backend fa2 --warmup 1 --repeat 3
1024,65536,256,2,fp8_fa2,,0.8895360231399536,0.9018240173657736,,,,,ok,,/home/josh/tdm/infer/current/.venv/bin/python /home/josh/tdm/infer/worktrees/flashinfer-nvfp4-kv/benchmarks/bench_nvfp4_fmha_v2_gqa_grouped_attention.py --device 0 --gemma4-shape custom --q-len 1024 --kv-len 65536 --head-dim 256 --group-sizes 2 --batch-size 1 --only fp8 --fp4-backend fa2 --fp4-v-layout nhd --fp4-v-sf-layout linear --bf16-backend fa2 --warmup 1 --repeat 3
1024,65536,256,2,bf16_fa2,,0.6133120059967041,0.6261546611785889,,,,,ok,,/home/josh/tdm/infer/current/.venv/bin/python /home/josh/tdm/infer/worktrees/flashinfer-nvfp4-kv/benchmarks/bench_nvfp4_fmha_v2_gqa_grouped_attention.py --device 0 --gemma4-shape custom --q-len 1024 --kv-len 65536 --head-dim 256 --group-sizes 2 --batch-size 1 --only bf16 --fp4-backend fa2 --fp4-v-layout nhd --fp4-v-sf-layout linear --bf16-backend fa2 --warmup 1 --repeat 3
1024,131072,256,2,sm120_fused,2,0.6872959733009338,0.6908800005912781,0.9900943040847778,20,6656,50176,ok,,/home/josh/tdm/infer/current/.venv/bin/python /home/josh/tdm/infer/worktrees/flashinfer-nvfp4-kv/benchmarks/bench_sm120_nvfp4_cutlass_fused_attention.py --device 0 --q-len 1024 --kv-len 131072 --head-dim 256 --group 2 --split-kv-len 6656 --warmup 1 --repeat 3 --sm120-qkv-online-splitkv-reuse2-full-grid-bench
1024,131072,256,2,nvfp4_fa2,,1.9875199794769287,2.004469354947408,,,,,ok,,/home/josh/tdm/infer/current/.venv/bin/python /home/josh/tdm/infer/worktrees/flashinfer-nvfp4-kv/benchmarks/bench_nvfp4_fmha_v2_gqa_grouped_attention.py --device 0 --gemma4-shape custom --q-len 1024 --kv-len 131072 --head-dim 256 --group-sizes 2 --batch-size 1 --only grouped-fp4 --fp4-backend fa2 --fp4-v-layout nhd --fp4-v-sf-layout linear --bf16-backend fa2 --warmup 1 --repeat 3
1024,131072,256,2,fp8_fa2,,1.7566399574279785,1.769056002298991,,,,,ok,,/home/josh/tdm/infer/current/.venv/bin/python /home/josh/tdm/infer/worktrees/flashinfer-nvfp4-kv/benchmarks/bench_nvfp4_fmha_v2_gqa_grouped_attention.py --device 0 --gemma4-shape custom --q-len 1024 --kv-len 131072 --head-dim 256 --group-sizes 2 --batch-size 1 --only fp8 --fp4-backend fa2 --fp4-v-layout nhd --fp4-v-sf-layout linear --bf16-backend fa2 --warmup 1 --repeat 3
1024,131072,256,2,bf16_fa2,,1.2327040433883667,1.2460480133692424,,,,,ok,,/home/josh/tdm/infer/current/.venv/bin/python /home/josh/tdm/infer/worktrees/flashinfer-nvfp4-kv/benchmarks/bench_nvfp4_fmha_v2_gqa_grouped_attention.py --device 0 --gemma4-shape custom --q-len 1024 --kv-len 131072 --head-dim 256 --group-sizes 2 --batch-size 1 --only bf16 --fp4-backend fa2 --fp4-v-layout nhd --fp4-v-sf-layout linear --bf16-backend fa2 --warmup 1 --repeat 3
1024,262144,256,2,sm120_fused,2,1.2212159633636475,1.2256532907485962,0.9917619824409485,40,6656,50176,ok,,/home/josh/tdm/infer/current/.venv/bin/python /home/josh/tdm/infer/worktrees/flashinfer-nvfp4-kv/benchmarks/bench_sm120_nvfp4_cutlass_fused_attention.py --device 0 --q-len 1024 --kv-len 262144 --head-dim 256 --group 2 --split-kv-len 6656 --warmup 1 --repeat 3 --sm120-qkv-online-splitkv-reuse2-full-grid-bench
1024,262144,256,2,nvfp4_fa2,,3.953984022140503,3.9612266222635903,,,,,ok,,/home/josh/tdm/infer/current/.venv/bin/python /home/josh/tdm/infer/worktrees/flashinfer-nvfp4-kv/benchmarks/bench_nvfp4_fmha_v2_gqa_grouped_attention.py --device 0 --gemma4-shape custom --q-len 1024 --kv-len 262144 --head-dim 256 --group-sizes 2 --batch-size 1 --only grouped-fp4 --fp4-backend fa2 --fp4-v-layout nhd --fp4-v-sf-layout linear --bf16-backend fa2 --warmup 1 --repeat 3
1024,262144,256,2,fp8_fa2,,3.536736011505127,3.5530453523000083,,,,,ok,,/home/josh/tdm/infer/current/.venv/bin/python /home/josh/tdm/infer/worktrees/flashinfer-nvfp4-kv/benchmarks/bench_nvfp4_fmha_v2_gqa_grouped_attention.py --device 0 --gemma4-shape custom --q-len 1024 --kv-len 262144 --head-dim 256 --group-sizes 2 --batch-size 1 --only fp8 --fp4-backend fa2 --fp4-v-layout nhd --fp4-v-sf-layout linear --bf16-backend fa2 --warmup 1 --repeat 3
1024,262144,256,2,bf16_fa2,,2.472928047180176,2.4859840869903564,,,,,ok,,/home/josh/tdm/infer/current/.venv/bin/python /home/josh/tdm/infer/worktrees/flashinfer-nvfp4-kv/benchmarks/bench_nvfp4_fmha_v2_gqa_grouped_attention.py --device 0 --gemma4-shape custom --q-len 1024 --kv-len 262144 --head-dim 256 --group-sizes 2 --batch-size 1 --only bf16 --fp4-backend fa2 --fp4-v-layout nhd --fp4-v-sf-layout linear --bf16-backend fa2 --warmup 1 --repeat 3
2048,8192,256,2,sm120_fused,2,0.17881600558757782,0.18182400365670523,0.9915117025375366,2,6656,50176,ok,,/home/josh/tdm/infer/current/.venv/bin/python /home/josh/tdm/infer/worktrees/flashinfer-nvfp4-kv/benchmarks/bench_sm120_nvfp4_cutlass_fused_attention.py --device 0 --q-len 2048 --kv-len 8192 --head-dim 256 --group 2 --split-kv-len 6656 --warmup 1 --repeat 3 --sm120-qkv-online-splitkv-reuse2-full-grid-bench
2048,8192,256,2,nvfp4_fa2,,0.28009599447250366,0.29843200246493023,,,,,ok,,/home/josh/tdm/infer/current/.venv/bin/python /home/josh/tdm/infer/worktrees/flashinfer-nvfp4-kv/benchmarks/bench_nvfp4_fmha_v2_gqa_grouped_attention.py --device 0 --gemma4-shape custom --q-len 2048 --kv-len 8192 --head-dim 256 --group-sizes 2 --batch-size 1 --only grouped-fp4 --fp4-backend fa2 --fp4-v-layout nhd --fp4-v-sf-layout linear --bf16-backend fa2 --warmup 1 --repeat 3
2048,8192,256,2,fp8_fa2,,0.2481600046157837,0.2649493416150411,,,,,ok,,/home/josh/tdm/infer/current/.venv/bin/python /home/josh/tdm/infer/worktrees/flashinfer-nvfp4-kv/benchmarks/bench_nvfp4_fmha_v2_gqa_grouped_attention.py --device 0 --gemma4-shape custom --q-len 2048 --kv-len 8192 --head-dim 256 --group-sizes 2 --batch-size 1 --only fp8 --fp4-backend fa2 --fp4-v-layout nhd --fp4-v-sf-layout linear --bf16-backend fa2 --warmup 1 --repeat 3
2048,8192,256,2,bf16_fa2,,0.17235200107097626,0.1888426641623179,,,,,ok,,/home/josh/tdm/infer/current/.venv/bin/python /home/josh/tdm/infer/worktrees/flashinfer-nvfp4-kv/benchmarks/bench_nvfp4_fmha_v2_gqa_grouped_attention.py --device 0 --gemma4-shape custom --q-len 2048 --kv-len 8192 --head-dim 256 --group-sizes 2 --batch-size 1 --only bf16 --fp4-backend fa2 --fp4-v-layout nhd --fp4-v-sf-layout linear --bf16-backend fa2 --warmup 1 --repeat 3
2048,32768,256,2,sm120_fused,2,0.35766398906707764,0.3597013254960378,0.9913462400436401,5,6656,50176,ok,,/home/josh/tdm/infer/current/.venv/bin/python /home/josh/tdm/infer/worktrees/flashinfer-nvfp4-kv/benchmarks/bench_sm120_nvfp4_cutlass_fused_attention.py --device 0 --q-len 2048 --kv-len 32768 --head-dim 256 --group 2 --split-kv-len 6656 --warmup 1 --repeat 3 --sm120-qkv-online-splitkv-reuse2-full-grid-bench
2048,32768,256,2,nvfp4_fa2,,1.0554239749908447,1.0731839736302693,,,,,ok,,/home/josh/tdm/infer/current/.venv/bin/python /home/josh/tdm/infer/worktrees/flashinfer-nvfp4-kv/benchmarks/bench_nvfp4_fmha_v2_gqa_grouped_attention.py --device 0 --gemma4-shape custom --q-len 2048 --kv-len 32768 --head-dim 256 --group-sizes 2 --batch-size 1 --only grouped-fp4 --fp4-backend fa2 --fp4-v-layout nhd --fp4-v-sf-layout linear --bf16-backend fa2 --warmup 1 --repeat 3
2048,32768,256,2,fp8_fa2,,0.9375680088996887,0.9545813401540121,,,,,ok,,/home/josh/tdm/infer/current/.venv/bin/python /home/josh/tdm/infer/worktrees/flashinfer-nvfp4-kv/benchmarks/bench_nvfp4_fmha_v2_gqa_grouped_attention.py --device 0 --gemma4-shape custom --q-len 2048 --kv-len 32768 --head-dim 256 --group-sizes 2 --batch-size 1 --only fp8 --fp4-backend fa2 --fp4-v-layout nhd --fp4-v-sf-layout linear --bf16-backend fa2 --warmup 1 --repeat 3
2048,32768,256,2,bf16_fa2,,0.6456639766693115,0.658133327960968,,,,,ok,,/home/josh/tdm/infer/current/.venv/bin/python /home/josh/tdm/infer/worktrees/flashinfer-nvfp4-kv/benchmarks/bench_nvfp4_fmha_v2_gqa_grouped_attention.py --device 0 --gemma4-shape custom --q-len 2048 --kv-len 32768 --head-dim 256 --group-sizes 2 --batch-size 1 --only bf16 --fp4-backend fa2 --fp4-v-layout nhd --fp4-v-sf-layout linear --bf16-backend fa2 --warmup 1 --repeat 3
2048,65536,256,2,sm120_fused,2,0.6855679750442505,0.6905813217163086,0.9929403066635132,10,6656,50176,ok,,/home/josh/tdm/infer/current/.venv/bin/python /home/josh/tdm/infer/worktrees/flashinfer-nvfp4-kv/benchmarks/bench_sm120_nvfp4_cutlass_fused_attention.py --device 0 --q-len 2048 --kv-len 65536 --head-dim 256 --group 2 --split-kv-len 6656 --warmup 1 --repeat 3 --sm120-qkv-online-splitkv-reuse2-full-grid-bench
2048,65536,256,2,nvfp4_fa2,,2.0904319286346436,2.0988053480784097,,,,,ok,,/home/josh/tdm/infer/current/.venv/bin/python /home/josh/tdm/infer/worktrees/flashinfer-nvfp4-kv/benchmarks/bench_nvfp4_fmha_v2_gqa_grouped_attention.py --device 0 --gemma4-shape custom --q-len 2048 --kv-len 65536 --head-dim 256 --group-sizes 2 --batch-size 1 --only grouped-fp4 --fp4-backend fa2 --fp4-v-layout nhd --fp4-v-sf-layout linear --bf16-backend fa2 --warmup 1 --repeat 3
2048,65536,256,2,fp8_fa2,,1.8562239408493042,1.8730773131052654,,,,,ok,,/home/josh/tdm/infer/current/.venv/bin/python /home/josh/tdm/infer/worktrees/flashinfer-nvfp4-kv/benchmarks/bench_nvfp4_fmha_v2_gqa_grouped_attention.py --device 0 --gemma4-shape custom --q-len 2048 --kv-len 65536 --head-dim 256 --group-sizes 2 --batch-size 1 --only fp8 --fp4-backend fa2 --fp4-v-layout nhd --fp4-v-sf-layout linear --bf16-backend fa2 --warmup 1 --repeat 3
2048,65536,256,2,bf16_fa2,,1.2869759798049927,1.2982933123906453,,,,,ok,,/home/josh/tdm/infer/current/.venv/bin/python /home/josh/tdm/infer/worktrees/flashinfer-nvfp4-kv/benchmarks/bench_nvfp4_fmha_v2_gqa_grouped_attention.py --device 0 --gemma4-shape custom --q-len 2048 --kv-len 65536 --head-dim 256 --group-sizes 2 --batch-size 1 --only bf16 --fp4-backend fa2 --fp4-v-layout nhd --fp4-v-sf-layout linear --bf16-backend fa2 --warmup 1 --repeat 3
2048,131072,256,2,sm120_fused,2,1.2208000421524048,1.2276586691538494,0.9900097846984863,20,6656,50176,ok,,/home/josh/tdm/infer/current/.venv/bin/python /home/josh/tdm/infer/worktrees/flashinfer-nvfp4-kv/benchmarks/bench_sm120_nvfp4_cutlass_fused_attention.py --device 0 --q-len 2048 --kv-len 131072 --head-dim 256 --group 2 --split-kv-len 6656 --warmup 1 --repeat 3 --sm120-qkv-online-splitkv-reuse2-full-grid-bench
2048,131072,256,2,nvfp4_fa2,,4.144351959228516,4.156799952189128,,,,,ok,,/home/josh/tdm/infer/current/.venv/bin/python /home/josh/tdm/infer/worktrees/flashinfer-nvfp4-kv/benchmarks/bench_nvfp4_fmha_v2_gqa_grouped_attention.py --device 0 --gemma4-shape custom --q-len 2048 --kv-len 131072 --head-dim 256 --group-sizes 2 --batch-size 1 --only grouped-fp4 --fp4-backend fa2 --fp4-v-layout nhd --fp4-v-sf-layout linear --bf16-backend fa2 --warmup 1 --repeat 3
2048,131072,256,2,fp8_fa2,,3.701888084411621,3.716576019922892,,,,,ok,,/home/josh/tdm/infer/current/.venv/bin/python /home/josh/tdm/infer/worktrees/flashinfer-nvfp4-kv/benchmarks/bench_nvfp4_fmha_v2_gqa_grouped_attention.py --device 0 --gemma4-shape custom --q-len 2048 --kv-len 131072 --head-dim 256 --group-sizes 2 --batch-size 1 --only fp8 --fp4-backend fa2 --fp4-v-layout nhd --fp4-v-sf-layout linear --bf16-backend fa2 --warmup 1 --repeat 3
2048,131072,256,2,bf16_fa2,,2.5678720474243164,2.581376075744629,,,,,ok,,/home/josh/tdm/infer/current/.venv/bin/python /home/josh/tdm/infer/worktrees/flashinfer-nvfp4-kv/benchmarks/bench_nvfp4_fmha_v2_gqa_grouped_attention.py --device 0 --gemma4-shape custom --q-len 2048 --kv-len 131072 --head-dim 256 --group-sizes 2 --batch-size 1 --only bf16 --fp4-backend fa2 --fp4-v-layout nhd --fp4-v-sf-layout linear --bf16-backend fa2 --warmup 1 --repeat 3
2048,262144,256,2,sm120_fused,2,2.6227200031280518,2.6271146138509116,0.9917868971824646,40,6656,50176,ok,,/home/josh/tdm/infer/current/.venv/bin/python /home/josh/tdm/infer/worktrees/flashinfer-nvfp4-kv/benchmarks/bench_sm120_nvfp4_cutlass_fused_attention.py --device 0 --q-len 2048 --kv-len 262144 --head-dim 256 --group 2 --split-kv-len 6656 --warmup 1 --repeat 3 --sm120-qkv-online-splitkv-reuse2-full-grid-bench
2048,262144,256,2,nvfp4_fa2,,8.257439613342285,8.266047795613607,,,,,ok,,/home/josh/tdm/infer/current/.venv/bin/python /home/josh/tdm/infer/worktrees/flashinfer-nvfp4-kv/benchmarks/bench_nvfp4_fmha_v2_gqa_grouped_attention.py --device 0 --gemma4-shape custom --q-len 2048 --kv-len 262144 --head-dim 256 --group-sizes 2 --batch-size 1 --only grouped-fp4 --fp4-backend fa2 --fp4-v-layout nhd --fp4-v-sf-layout linear --bf16-backend fa2 --warmup 1 --repeat 3
2048,262144,256,2,fp8_fa2,,7.424543857574463,7.4363945325215655,,,,,ok,,/home/josh/tdm/infer/current/.venv/bin/python /home/josh/tdm/infer/worktrees/flashinfer-nvfp4-kv/benchmarks/bench_nvfp4_fmha_v2_gqa_grouped_attention.py --device 0 --gemma4-shape custom --q-len 2048 --kv-len 262144 --head-dim 256 --group-sizes 2 --batch-size 1 --only fp8 --fp4-backend fa2 --fp4-v-layout nhd --fp4-v-sf-layout linear --bf16-backend fa2 --warmup 1 --repeat 3
2048,262144,256,2,bf16_fa2,,5.141280174255371,5.155104160308838,,,,,ok,,/home/josh/tdm/infer/current/.venv/bin/python /home/josh/tdm/infer/worktrees/flashinfer-nvfp4-kv/benchmarks/bench_nvfp4_fmha_v2_gqa_grouped_attention.py --device 0 --gemma4-shape custom --q-len 2048 --kv-len 262144 --head-dim 256 --group-sizes 2 --batch-size 1 --only bf16 --fp4-backend fa2 --fp4-v-layout nhd --fp4-v-sf-layout linear --bf16-backend fa2 --warmup 1 --repeat 3
4096,8192,256,2,sm120_fused,2,0.19846400618553162,0.20035200317700705,0.9900065064430237,2,6656,50176,ok,,/home/josh/tdm/infer/current/.venv/bin/python /home/josh/tdm/infer/worktrees/flashinfer-nvfp4-kv/benchmarks/bench_sm120_nvfp4_cutlass_fused_attention.py --device 0 --q-len 4096 --kv-len 8192 --head-dim 256 --group 2 --split-kv-len 6656 --warmup 1 --repeat 3 --sm120-qkv-online-splitkv-reuse2-full-grid-bench
4096,8192,256,2,nvfp4_fa2,,0.6087039709091187,0.6253759860992432,,,,,ok,,/home/josh/tdm/infer/current/.venv/bin/python /home/josh/tdm/infer/worktrees/flashinfer-nvfp4-kv/benchmarks/bench_nvfp4_fmha_v2_gqa_grouped_attention.py --device 0 --gemma4-shape custom --q-len 4096 --kv-len 8192 --head-dim 256 --group-sizes 2 --batch-size 1 --only grouped-fp4 --fp4-backend fa2 --fp4-v-layout nhd --fp4-v-sf-layout linear --bf16-backend fa2 --warmup 1 --repeat 3
4096,8192,256,2,fp8_fa2,,0.5207039713859558,0.538698653380076,,,,,ok,,/home/josh/tdm/infer/current/.venv/bin/python /home/josh/tdm/infer/worktrees/flashinfer-nvfp4-kv/benchmarks/bench_nvfp4_fmha_v2_gqa_grouped_attention.py --device 0 --gemma4-shape custom --q-len 4096 --kv-len 8192 --head-dim 256 --group-sizes 2 --batch-size 1 --only fp8 --fp4-backend fa2 --fp4-v-layout nhd --fp4-v-sf-layout linear --bf16-backend fa2 --warmup 1 --repeat 3
4096,8192,256,2,bf16_fa2,,0.36800000071525574,0.3856853246688843,,,,,ok,,/home/josh/tdm/infer/current/.venv/bin/python /home/josh/tdm/infer/worktrees/flashinfer-nvfp4-kv/benchmarks/bench_nvfp4_fmha_v2_gqa_grouped_attention.py --device 0 --gemma4-shape custom --q-len 4096 --kv-len 8192 --head-dim 256 --group-sizes 2 --batch-size 1 --only bf16 --fp4-backend fa2 --fp4-v-layout nhd --fp4-v-sf-layout linear --bf16-backend fa2 --warmup 1 --repeat 3
4096,32768,256,2,sm120_fused,2,0.6800640225410461,0.6842453479766846,0.9919518828392029,5,6656,50176,ok,,/home/josh/tdm/infer/current/.venv/bin/python /home/josh/tdm/infer/worktrees/flashinfer-nvfp4-kv/benchmarks/bench_sm120_nvfp4_cutlass_fused_attention.py --device 0 --q-len 4096 --kv-len 32768 --head-dim 256 --group 2 --split-kv-len 6656 --warmup 1 --repeat 3 --sm120-qkv-online-splitkv-reuse2-full-grid-bench
4096,32768,256,2,nvfp4_fa2,,2.4655680656433105,2.4820160071055093,,,,,ok,,/home/josh/tdm/infer/current/.venv/bin/python /home/josh/tdm/infer/worktrees/flashinfer-nvfp4-kv/benchmarks/bench_nvfp4_fmha_v2_gqa_grouped_attention.py --device 0 --gemma4-shape custom --q-len 4096 --kv-len 32768 --head-dim 256 --group-sizes 2 --batch-size 1 --only grouped-fp4 --fp4-backend fa2 --fp4-v-layout nhd --fp4-v-sf-layout linear --bf16-backend fa2 --warmup 1 --repeat 3
4096,32768,256,2,fp8_fa2,,2.1335999965667725,2.145397345225016,,,,,ok,,/home/josh/tdm/infer/current/.venv/bin/python /home/josh/tdm/infer/worktrees/flashinfer-nvfp4-kv/benchmarks/bench_nvfp4_fmha_v2_gqa_grouped_attention.py --device 0 --gemma4-shape custom --q-len 4096 --kv-len 32768 --head-dim 256 --group-sizes 2 --batch-size 1 --only fp8 --fp4-backend fa2 --fp4-v-layout nhd --fp4-v-sf-layout linear --bf16-backend fa2 --warmup 1 --repeat 3
4096,32768,256,2,bf16_fa2,,1.4779200553894043,1.4948266744613647,,,,,ok,,/home/josh/tdm/infer/current/.venv/bin/python /home/josh/tdm/infer/worktrees/flashinfer-nvfp4-kv/benchmarks/bench_nvfp4_fmha_v2_gqa_grouped_attention.py --device 0 --gemma4-shape custom --q-len 4096 --kv-len 32768 --head-dim 256 --group-sizes 2 --batch-size 1 --only bf16 --fp4-backend fa2 --fp4-v-layout nhd --fp4-v-sf-layout linear --bf16-backend fa2 --warmup 1 --repeat 3
4096,65536,256,2,sm120_fused,2,1.2137600183486938,1.2208746671676636,0.9930034279823303,10,6656,50176,ok,,/home/josh/tdm/infer/current/.venv/bin/python /home/josh/tdm/infer/worktrees/flashinfer-nvfp4-kv/benchmarks/bench_sm120_nvfp4_cutlass_fused_attention.py --device 0 --q-len 4096 --kv-len 65536 --head-dim 256 --group 2 --split-kv-len 6656 --warmup 1 --repeat 3 --sm120-qkv-online-splitkv-reuse2-full-grid-bench
4096,65536,256,2,nvfp4_fa2,,4.930208206176758,4.95033613840739,,,,,ok,,/home/josh/tdm/infer/current/.venv/bin/python /home/josh/tdm/infer/worktrees/flashinfer-nvfp4-kv/benchmarks/bench_nvfp4_fmha_v2_gqa_grouped_attention.py --device 0 --gemma4-shape custom --q-len 4096 --kv-len 65536 --head-dim 256 --group-sizes 2 --batch-size 1 --only grouped-fp4 --fp4-backend fa2 --fp4-v-layout nhd --fp4-v-sf-layout linear --bf16-backend fa2 --warmup 1 --repeat 3
4096,65536,256,2,fp8_fa2,,4.235904216766357,4.254378795623779,,,,,ok,,/home/josh/tdm/infer/current/.venv/bin/python /home/josh/tdm/infer/worktrees/flashinfer-nvfp4-kv/benchmarks/bench_nvfp4_fmha_v2_gqa_grouped_attention.py --device 0 --gemma4-shape custom --q-len 4096 --kv-len 65536 --head-dim 256 --group-sizes 2 --batch-size 1 --only fp8 --fp4-backend fa2 --fp4-v-layout nhd --fp4-v-sf-layout linear --bf16-backend fa2 --warmup 1 --repeat 3
4096,65536,256,2,bf16_fa2,,2.9412479400634766,2.9561919371287027,,,,,ok,,/home/josh/tdm/infer/current/.venv/bin/python /home/josh/tdm/infer/worktrees/flashinfer-nvfp4-kv/benchmarks/bench_nvfp4_fmha_v2_gqa_grouped_attention.py --device 0 --gemma4-shape custom --q-len 4096 --kv-len 65536 --head-dim 256 --group-sizes 2 --batch-size 1 --only bf16 --fp4-backend fa2 --fp4-v-layout nhd --fp4-v-sf-layout linear --bf16-backend fa2 --warmup 1 --repeat 3
4096,131072,256,2,sm120_fused,2,2.4410240650177,2.4453226725260415,0.990166962146759,20,6656,50176,ok,,/home/josh/tdm/infer/current/.venv/bin/python /home/josh/tdm/infer/worktrees/flashinfer-nvfp4-kv/benchmarks/bench_sm120_nvfp4_cutlass_fused_attention.py --device 0 --q-len 4096 --kv-len 131072 --head-dim 256 --group 2 --split-kv-len 6656 --warmup 1 --repeat 3 --sm120-qkv-online-splitkv-reuse2-full-grid-bench
4096,131072,256,2,nvfp4_fa2,,9.829536437988281,9.842933336893717,,,,,ok,,/home/josh/tdm/infer/current/.venv/bin/python /home/josh/tdm/infer/worktrees/flashinfer-nvfp4-kv/benchmarks/bench_nvfp4_fmha_v2_gqa_grouped_attention.py --device 0 --gemma4-shape custom --q-len 4096 --kv-len 131072 --head-dim 256 --group-sizes 2 --batch-size 1 --only grouped-fp4 --fp4-backend fa2 --fp4-v-layout nhd --fp4-v-sf-layout linear --bf16-backend fa2 --warmup 1 --repeat 3
4096,131072,256,2,fp8_fa2,,8.454272270202637,8.477770805358887,,,,,ok,,/home/josh/tdm/infer/current/.venv/bin/python /home/josh/tdm/infer/worktrees/flashinfer-nvfp4-kv/benchmarks/bench_nvfp4_fmha_v2_gqa_grouped_attention.py --device 0 --gemma4-shape custom --q-len 4096 --kv-len 131072 --head-dim 256 --group-sizes 2 --batch-size 1 --only fp8 --fp4-backend fa2 --fp4-v-layout nhd --fp4-v-sf-layout linear --bf16-backend fa2 --warmup 1 --repeat 3
4096,131072,256,2,bf16_fa2,,5.914752006530762,5.9252800941467285,,,,,ok,,/home/josh/tdm/infer/current/.venv/bin/python /home/josh/tdm/infer/worktrees/flashinfer-nvfp4-kv/benchmarks/bench_nvfp4_fmha_v2_gqa_grouped_attention.py --device 0 --gemma4-shape custom --q-len 4096 --kv-len 131072 --head-dim 256 --group-sizes 2 --batch-size 1 --only bf16 --fp4-backend fa2 --fp4-v-layout nhd --fp4-v-sf-layout linear --bf16-backend fa2 --warmup 1 --repeat 3
4096,262144,256,2,sm120_fused,2,5.051360130310059,5.057781378428142,0.9919426441192627,40,6656,50176,ok,,/home/josh/tdm/infer/current/.venv/bin/python /home/josh/tdm/infer/worktrees/flashinfer-nvfp4-kv/benchmarks/bench_sm120_nvfp4_cutlass_fused_attention.py --device 0 --q-len 4096 --kv-len 262144 --head-dim 256 --group 2 --split-kv-len 6656 --warmup 1 --repeat 3 --sm120-qkv-online-splitkv-reuse2-full-grid-bench
4096,262144,256,2,nvfp4_fa2,,19.65235137939453,19.6583251953125,,,,,ok,,/home/josh/tdm/infer/current/.venv/bin/python /home/josh/tdm/infer/worktrees/flashinfer-nvfp4-kv/benchmarks/bench_nvfp4_fmha_v2_gqa_grouped_attention.py --device 0 --gemma4-shape custom --q-len 4096 --kv-len 262144 --head-dim 256 --group-sizes 2 --batch-size 1 --only grouped-fp4 --fp4-backend fa2 --fp4-v-layout nhd --fp4-v-sf-layout linear --bf16-backend fa2 --warmup 1 --repeat 3
4096,262144,256,2,fp8_fa2,,16.958911895751953,16.98266665140788,,,,,ok,,/home/josh/tdm/infer/current/.venv/bin/python /home/josh/tdm/infer/worktrees/flashinfer-nvfp4-kv/benchmarks/bench_nvfp4_fmha_v2_gqa_grouped_attention.py --device 0 --gemma4-shape custom --q-len 4096 --kv-len 262144 --head-dim 256 --group-sizes 2 --batch-size 1 --only fp8 --fp4-backend fa2 --fp4-v-layout nhd --fp4-v-sf-layout linear --bf16-backend fa2 --warmup 1 --repeat 3
4096,262144,256,2,bf16_fa2,,11.832351684570312,11.840533256530762,,,,,ok,,/home/josh/tdm/infer/current/.venv/bin/python /home/josh/tdm/infer/worktrees/flashinfer-nvfp4-kv/benchmarks/bench_nvfp4_fmha_v2_gqa_grouped_attention.py --device 0 --gemma4-shape custom --q-len 4096 --kv-len 262144 --head-dim 256 --group-sizes 2 --batch-size 1 --only bf16 --fp4-backend fa2 --fp4-v-layout nhd --fp4-v-sf-layout linear --bf16-backend fa2 --warmup 1 --repeat 3
128,8192,256,4,sm120_fused,2,0.16979199647903442,0.1722773313522339,0.9915338158607483,2,6656,50176,ok,,/home/josh/tdm/infer/current/.venv/bin/python /home/josh/tdm/infer/worktrees/flashinfer-nvfp4-kv/benchmarks/bench_sm120_nvfp4_cutlass_fused_attention.py --device 0 --q-len 128 --kv-len 8192 --head-dim 256 --group 4 --split-kv-len 6656 --warmup 1 --repeat 3 --sm120-qkv-online-splitkv-reuse2-full-grid-bench
128,8192,256,4,nvfp4_fa2,,0.05913599953055382,0.0727146677672863,,,,,ok,,/home/josh/tdm/infer/current/.venv/bin/python /home/josh/tdm/infer/worktrees/flashinfer-nvfp4-kv/benchmarks/bench_nvfp4_fmha_v2_gqa_grouped_attention.py --device 0 --gemma4-shape custom --q-len 128 --kv-len 8192 --head-dim 256 --group-sizes 4 --batch-size 1 --only grouped-fp4 --fp4-backend fa2 --fp4-v-layout nhd --fp4-v-sf-layout linear --bf16-backend fa2 --warmup 1 --repeat 3
128,8192,256,4,fp8_fa2,,0.05407999828457832,0.06913066531221072,,,,,ok,,/home/josh/tdm/infer/current/.venv/bin/python /home/josh/tdm/infer/worktrees/flashinfer-nvfp4-kv/benchmarks/bench_nvfp4_fmha_v2_gqa_grouped_attention.py --device 0 --gemma4-shape custom --q-len 128 --kv-len 8192 --head-dim 256 --group-sizes 4 --batch-size 1 --only fp8 --fp4-backend fa2 --fp4-v-layout nhd --fp4-v-sf-layout linear --bf16-backend fa2 --warmup 1 --repeat 3
128,8192,256,4,bf16_fa2,,0.04022400081157684,0.05483733490109444,,,,,ok,,/home/josh/tdm/infer/current/.venv/bin/python /home/josh/tdm/infer/worktrees/flashinfer-nvfp4-kv/benchmarks/bench_nvfp4_fmha_v2_gqa_grouped_attention.py --device 0 --gemma4-shape custom --q-len 128 --kv-len 8192 --head-dim 256 --group-sizes 4 --batch-size 1 --only bf16 --fp4-backend fa2 --fp4-v-layout nhd --fp4-v-sf-layout linear --bf16-backend fa2 --warmup 1 --repeat 3
128,32768,256,4,sm120_fused,2,0.17283199727535248,0.17854933440685272,0.9913761615753174,5,6656,50176,ok,,/home/josh/tdm/infer/current/.venv/bin/python /home/josh/tdm/infer/worktrees/flashinfer-nvfp4-kv/benchmarks/bench_sm120_nvfp4_cutlass_fused_attention.py --device 0 --q-len 128 --kv-len 32768 --head-dim 256 --group 4 --split-kv-len 6656 --warmup 1 --repeat 3 --sm120-qkv-online-splitkv-reuse2-full-grid-bench
128,32768,256,4,nvfp4_fa2,,0.1401599943637848,0.1546880006790161,,,,,ok,,/home/josh/tdm/infer/current/.venv/bin/python /home/josh/tdm/infer/worktrees/flashinfer-nvfp4-kv/benchmarks/bench_nvfp4_fmha_v2_gqa_grouped_attention.py --device 0 --gemma4-shape custom --q-len 128 --kv-len 32768 --head-dim 256 --group-sizes 4 --batch-size 1 --only grouped-fp4 --fp4-backend fa2 --fp4-v-layout nhd --fp4-v-sf-layout linear --bf16-backend fa2 --warmup 1 --repeat 3
128,32768,256,4,fp8_fa2,,0.12783999741077423,0.1414186656475067,,,,,ok,,/home/josh/tdm/infer/current/.venv/bin/python /home/josh/tdm/infer/worktrees/flashinfer-nvfp4-kv/benchmarks/bench_nvfp4_fmha_v2_gqa_grouped_attention.py --device 0 --gemma4-shape custom --q-len 128 --kv-len 32768 --head-dim 256 --group-sizes 4 --batch-size 1 --only fp8 --fp4-backend fa2 --fp4-v-layout nhd --fp4-v-sf-layout linear --bf16-backend fa2 --warmup 1 --repeat 3
128,32768,256,4,bf16_fa2,,0.09961599856615067,0.11110400160153706,,,,,ok,,/home/josh/tdm/infer/current/.venv/bin/python /home/josh/tdm/infer/worktrees/flashinfer-nvfp4-kv/benchmarks/bench_nvfp4_fmha_v2_gqa_grouped_attention.py --device 0 --gemma4-shape custom --q-len 128 --kv-len 32768 --head-dim 256 --group-sizes 4 --batch-size 1 --only bf16 --fp4-backend fa2 --fp4-v-layout nhd --fp4-v-sf-layout linear --bf16-backend fa2 --warmup 1 --repeat 3
128,65536,256,4,sm120_fused,2,0.17798399925231934,0.1798080007235209,0.992911159992218,10,6656,50176,ok,,/home/josh/tdm/infer/current/.venv/bin/python /home/josh/tdm/infer/worktrees/flashinfer-nvfp4-kv/benchmarks/bench_sm120_nvfp4_cutlass_fused_attention.py --device 0 --q-len 128 --kv-len 65536 --head-dim 256 --group 4 --split-kv-len 6656 --warmup 1 --repeat 3 --sm120-qkv-online-splitkv-reuse2-full-grid-bench
128,65536,256,4,nvfp4_fa2,,0.2611199915409088,0.2754666606585185,,,,,ok,,/home/josh/tdm/infer/current/.venv/bin/python /home/josh/tdm/infer/worktrees/flashinfer-nvfp4-kv/benchmarks/bench_nvfp4_fmha_v2_gqa_grouped_attention.py --device 0 --gemma4-shape custom --q-len 128 --kv-len 65536 --head-dim 256 --group-sizes 4 --batch-size 1 --only grouped-fp4 --fp4-backend fa2 --fp4-v-layout nhd --fp4-v-sf-layout linear --bf16-backend fa2 --warmup 1 --repeat 3
128,65536,256,4,fp8_fa2,,0.22944000363349915,0.24342399835586548,,,,,ok,,/home/josh/tdm/infer/current/.venv/bin/python /home/josh/tdm/infer/worktrees/flashinfer-nvfp4-kv/benchmarks/bench_nvfp4_fmha_v2_gqa_grouped_attention.py --device 0 --gemma4-shape custom --q-len 128 --kv-len 65536 --head-dim 256 --group-sizes 4 --batch-size 1 --only fp8 --fp4-backend fa2 --fp4-v-layout nhd --fp4-v-sf-layout linear --bf16-backend fa2 --warmup 1 --repeat 3
128,65536,256,4,bf16_fa2,,0.16208000481128693,0.17612800002098083,,,,,ok,,/home/josh/tdm/infer/current/.venv/bin/python /home/josh/tdm/infer/worktrees/flashinfer-nvfp4-kv/benchmarks/bench_nvfp4_fmha_v2_gqa_grouped_attention.py --device 0 --gemma4-shape custom --q-len 128 --kv-len 65536 --head-dim 256 --group-sizes 4 --batch-size 1 --only bf16 --fp4-backend fa2 --fp4-v-layout nhd --fp4-v-sf-layout linear --bf16-backend fa2 --warmup 1 --repeat 3
128,131072,256,4,sm120_fused,2,0.19740800559520721,0.19853867093722025,0.989991307258606,20,6656,50176,ok,,/home/josh/tdm/infer/current/.venv/bin/python /home/josh/tdm/infer/worktrees/flashinfer-nvfp4-kv/benchmarks/bench_sm120_nvfp4_cutlass_fused_attention.py --device 0 --q-len 128 --kv-len 131072 --head-dim 256 --group 4 --split-kv-len 6656 --warmup 1 --repeat 3 --sm120-qkv-online-splitkv-reuse2-full-grid-bench
128,131072,256,4,nvfp4_fa2,,0.4999360144138336,0.5132160087426504,,,,,ok,,/home/josh/tdm/infer/current/.venv/bin/python /home/josh/tdm/infer/worktrees/flashinfer-nvfp4-kv/benchmarks/bench_nvfp4_fmha_v2_gqa_grouped_attention.py --device 0 --gemma4-shape custom --q-len 128 --kv-len 131072 --head-dim 256 --group-sizes 4 --batch-size 1 --only grouped-fp4 --fp4-backend fa2 --fp4-v-layout nhd --fp4-v-sf-layout linear --bf16-backend fa2 --warmup 1 --repeat 3
128,131072,256,4,fp8_fa2,,0.4429759979248047,0.4529813329378764,,,,,ok,,/home/josh/tdm/infer/current/.venv/bin/python /home/josh/tdm/infer/worktrees/flashinfer-nvfp4-kv/benchmarks/bench_nvfp4_fmha_v2_gqa_grouped_attention.py --device 0 --gemma4-shape custom --q-len 128 --kv-len 131072 --head-dim 256 --group-sizes 4 --batch-size 1 --only fp8 --fp4-backend fa2 --fp4-v-layout nhd --fp4-v-sf-layout linear --bf16-backend fa2 --warmup 1 --repeat 3
128,131072,256,4,bf16_fa2,,0.3270080089569092,0.3323520024617513,,,,,ok,,/home/josh/tdm/infer/current/.venv/bin/python /home/josh/tdm/infer/worktrees/flashinfer-nvfp4-kv/benchmarks/bench_nvfp4_fmha_v2_gqa_grouped_attention.py --device 0 --gemma4-shape custom --q-len 128 --kv-len 131072 --head-dim 256 --group-sizes 4 --batch-size 1 --only bf16 --fp4-backend fa2 --fp4-v-layout nhd --fp4-v-sf-layout linear --bf16-backend fa2 --warmup 1 --repeat 3
128,262144,256,4,sm120_fused,2,0.3675520122051239,0.36977067589759827,0.9916786551475525,40,6656,50176,ok,,/home/josh/tdm/infer/current/.venv/bin/python /home/josh/tdm/infer/worktrees/flashinfer-nvfp4-kv/benchmarks/bench_sm120_nvfp4_cutlass_fused_attention.py --device 0 --q-len 128 --kv-len 262144 --head-dim 256 --group 4 --split-kv-len 6656 --warmup 1 --repeat 3 --sm120-qkv-online-splitkv-reuse2-full-grid-bench
128,262144,256,4,nvfp4_fa2,,0.974943995475769,0.9874560038248698,,,,,ok,,/home/josh/tdm/infer/current/.venv/bin/python /home/josh/tdm/infer/worktrees/flashinfer-nvfp4-kv/benchmarks/bench_nvfp4_fmha_v2_gqa_grouped_attention.py --device 0 --gemma4-shape custom --q-len 128 --kv-len 262144 --head-dim 256 --group-sizes 4 --batch-size 1 --only grouped-fp4 --fp4-backend fa2 --fp4-v-layout nhd --fp4-v-sf-layout linear --bf16-backend fa2 --warmup 1 --repeat 3
128,262144,256,4,fp8_fa2,,0.9015359878540039,0.9122666517893473,,,,,ok,,/home/josh/tdm/infer/current/.venv/bin/python /home/josh/tdm/infer/worktrees/flashinfer-nvfp4-kv/benchmarks/bench_nvfp4_fmha_v2_gqa_grouped_attention.py --device 0 --gemma4-shape custom --q-len 128 --kv-len 262144 --head-dim 256 --group-sizes 4 --batch-size 1 --only fp8 --fp4-backend fa2 --fp4-v-layout nhd --fp4-v-sf-layout linear --bf16-backend fa2 --warmup 1 --repeat 3
128,262144,256,4,bf16_fa2,,0.6527040004730225,0.6610986789067587,,,,,ok,,/home/josh/tdm/infer/current/.venv/bin/python /home/josh/tdm/infer/worktrees/flashinfer-nvfp4-kv/benchmarks/bench_nvfp4_fmha_v2_gqa_grouped_attention.py --device 0 --gemma4-shape custom --q-len 128 --kv-len 262144 --head-dim 256 --group-sizes 4 --batch-size 1 --only bf16 --fp4-backend fa2 --fp4-v-layout nhd --fp4-v-sf-layout linear --bf16-backend fa2 --warmup 1 --repeat 3
256,8192,256,4,sm120_fused,2,0.1709119975566864,0.17321600019931793,0.9914779663085938,2,6656,50176,ok,,/home/josh/tdm/infer/current/.venv/bin/python /home/josh/tdm/infer/worktrees/flashinfer-nvfp4-kv/benchmarks/bench_sm120_nvfp4_cutlass_fused_attention.py --device 0 --q-len 256 --kv-len 8192 --head-dim 256 --group 4 --split-kv-len 6656 --warmup 1 --repeat 3 --sm120-qkv-online-splitkv-reuse2-full-grid-bench
256,8192,256,4,nvfp4_fa2,,0.09283199906349182,0.10725333293279012,,,,,ok,,/home/josh/tdm/infer/current/.venv/bin/python /home/josh/tdm/infer/worktrees/flashinfer-nvfp4-kv/benchmarks/bench_nvfp4_fmha_v2_gqa_grouped_attention.py --device 0 --gemma4-shape custom --q-len 256 --kv-len 8192 --head-dim 256 --group-sizes 4 --batch-size 1 --only grouped-fp4 --fp4-backend fa2 --fp4-v-layout nhd --fp4-v-sf-layout linear --bf16-backend fa2 --warmup 1 --repeat 3
256,8192,256,4,fp8_fa2,,0.08160000294446945,0.09611733257770538,,,,,ok,,/home/josh/tdm/infer/current/.venv/bin/python /home/josh/tdm/infer/worktrees/flashinfer-nvfp4-kv/benchmarks/bench_nvfp4_fmha_v2_gqa_grouped_attention.py --device 0 --gemma4-shape custom --q-len 256 --kv-len 8192 --head-dim 256 --group-sizes 4 --batch-size 1 --only fp8 --fp4-backend fa2 --fp4-v-layout nhd --fp4-v-sf-layout linear --bf16-backend fa2 --warmup 1 --repeat 3
256,8192,256,4,bf16_fa2,,0.061792001128196716,0.0796800007422765,,,,,ok,,/home/josh/tdm/infer/current/.venv/bin/python /home/josh/tdm/infer/worktrees/flashinfer-nvfp4-kv/benchmarks/bench_nvfp4_fmha_v2_gqa_grouped_attention.py --device 0 --gemma4-shape custom --q-len 256 --kv-len 8192 --head-dim 256 --group-sizes 4 --batch-size 1 --only bf16 --fp4-backend fa2 --fp4-v-layout nhd --fp4-v-sf-layout linear --bf16-backend fa2 --warmup 1 --repeat 3
256,32768,256,4,sm120_fused,2,0.17584000527858734,0.17722666760285696,0.9913234114646912,5,6656,50176,ok,,/home/josh/tdm/infer/current/.venv/bin/python /home/josh/tdm/infer/worktrees/flashinfer-nvfp4-kv/benchmarks/bench_sm120_nvfp4_cutlass_fused_attention.py --device 0 --q-len 256 --kv-len 32768 --head-dim 256 --group 4 --split-kv-len 6656 --warmup 1 --repeat 3 --sm120-qkv-online-splitkv-reuse2-full-grid-bench
256,32768,256,4,nvfp4_fa2,,0.26550400257110596,0.27940266331036884,,,,,ok,,/home/josh/tdm/infer/current/.venv/bin/python /home/josh/tdm/infer/worktrees/flashinfer-nvfp4-kv/benchmarks/bench_nvfp4_fmha_v2_gqa_grouped_attention.py --device 0 --gemma4-shape custom --q-len 256 --kv-len 32768 --head-dim 256 --group-sizes 4 --batch-size 1 --only grouped-fp4 --fp4-backend fa2 --fp4-v-layout nhd --fp4-v-sf-layout linear --bf16-backend fa2 --warmup 1 --repeat 3
256,32768,256,4,fp8_fa2,,0.2343679964542389,0.24628266195456186,,,,,ok,,/home/josh/tdm/infer/current/.venv/bin/python /home/josh/tdm/infer/worktrees/flashinfer-nvfp4-kv/benchmarks/bench_nvfp4_fmha_v2_gqa_grouped_attention.py --device 0 --gemma4-shape custom --q-len 256 --kv-len 32768 --head-dim 256 --group-sizes 4 --batch-size 1 --only fp8 --fp4-backend fa2 --fp4-v-layout nhd --fp4-v-sf-layout linear --bf16-backend fa2 --warmup 1 --repeat 3
256,32768,256,4,bf16_fa2,,0.16547200083732605,0.17814400295416513,,,,,ok,,/home/josh/tdm/infer/current/.venv/bin/python /home/josh/tdm/infer/worktrees/flashinfer-nvfp4-kv/benchmarks/bench_nvfp4_fmha_v2_gqa_grouped_attention.py --device 0 --gemma4-shape custom --q-len 256 --kv-len 32768 --head-dim 256 --group-sizes 4 --batch-size 1 --only bf16 --fp4-backend fa2 --fp4-v-layout nhd --fp4-v-sf-layout linear --bf16-backend fa2 --warmup 1 --repeat 3
256,65536,256,4,sm120_fused,2,0.19219200313091278,0.19415466984113058,0.9928094744682312,10,6656,50176,ok,,/home/josh/tdm/infer/current/.venv/bin/python /home/josh/tdm/infer/worktrees/flashinfer-nvfp4-kv/benchmarks/bench_sm120_nvfp4_cutlass_fused_attention.py --device 0 --q-len 256 --kv-len 65536 --head-dim 256 --group 4 --split-kv-len 6656 --warmup 1 --repeat 3 --sm120-qkv-online-splitkv-reuse2-full-grid-bench
256,65536,256,4,nvfp4_fa2,,0.5045440196990967,0.5232746601104736,,,,,ok,,/home/josh/tdm/infer/current/.venv/bin/python /home/josh/tdm/infer/worktrees/flashinfer-nvfp4-kv/benchmarks/bench_nvfp4_fmha_v2_gqa_grouped_attention.py --device 0 --gemma4-shape custom --q-len 256 --kv-len 65536 --head-dim 256 --group-sizes 4 --batch-size 1 --only grouped-fp4 --fp4-backend fa2 --fp4-v-layout nhd --fp4-v-sf-layout linear --bf16-backend fa2 --warmup 1 --repeat 3
256,65536,256,4,fp8_fa2,,0.4514879882335663,0.46056532859802246,,,,,ok,,/home/josh/tdm/infer/current/.venv/bin/python /home/josh/tdm/infer/worktrees/flashinfer-nvfp4-kv/benchmarks/bench_nvfp4_fmha_v2_gqa_grouped_attention.py --device 0 --gemma4-shape custom --q-len 256 --kv-len 65536 --head-dim 256 --group-sizes 4 --batch-size 1 --only fp8 --fp4-backend fa2 --fp4-v-layout nhd --fp4-v-sf-layout linear --bf16-backend fa2 --warmup 1 --repeat 3
256,65536,256,4,bf16_fa2,,0.3112959861755371,0.32306132713953656,,,,,ok,,/home/josh/tdm/infer/current/.venv/bin/python /home/josh/tdm/infer/worktrees/flashinfer-nvfp4-kv/benchmarks/bench_nvfp4_fmha_v2_gqa_grouped_attention.py --device 0 --gemma4-shape custom --q-len 256 --kv-len 65536 --head-dim 256 --group-sizes 4 --batch-size 1 --only bf16 --fp4-backend fa2 --fp4-v-layout nhd --fp4-v-sf-layout linear --bf16-backend fa2 --warmup 1 --repeat 3
256,131072,256,4,sm120_fused,2,0.3550719916820526,0.3592533270517985,0.9900653958320618,20,6656,50176,ok,,/home/josh/tdm/infer/current/.venv/bin/python /home/josh/tdm/infer/worktrees/flashinfer-nvfp4-kv/benchmarks/bench_sm120_nvfp4_cutlass_fused_attention.py --device 0 --q-len 256 --kv-len 131072 --head-dim 256 --group 4 --split-kv-len 6656 --warmup 1 --repeat 3 --sm120-qkv-online-splitkv-reuse2-full-grid-bench
256,131072,256,4,nvfp4_fa2,,0.9921919703483582,1.006986677646637,,,,,ok,,/home/josh/tdm/infer/current/.venv/bin/python /home/josh/tdm/infer/worktrees/flashinfer-nvfp4-kv/benchmarks/bench_nvfp4_fmha_v2_gqa_grouped_attention.py --device 0 --gemma4-shape custom --q-len 256 --kv-len 131072 --head-dim 256 --group-sizes 4 --batch-size 1 --only grouped-fp4 --fp4-backend fa2 --fp4-v-layout nhd --fp4-v-sf-layout linear --bf16-backend fa2 --warmup 1 --repeat 3
256,131072,256,4,fp8_fa2,,0.8792319893836975,0.8886933326721191,,,,,ok,,/home/josh/tdm/infer/current/.venv/bin/python /home/josh/tdm/infer/worktrees/flashinfer-nvfp4-kv/benchmarks/bench_nvfp4_fmha_v2_gqa_grouped_attention.py --device 0 --gemma4-shape custom --q-len 256 --kv-len 131072 --head-dim 256 --group-sizes 4 --batch-size 1 --only fp8 --fp4-backend fa2 --fp4-v-layout nhd --fp4-v-sf-layout linear --bf16-backend fa2 --warmup 1 --repeat 3
256,131072,256,4,bf16_fa2,,0.6266559958457947,0.6362559994061788,,,,,ok,,/home/josh/tdm/infer/current/.venv/bin/python /home/josh/tdm/infer/worktrees/flashinfer-nvfp4-kv/benchmarks/bench_nvfp4_fmha_v2_gqa_grouped_attention.py --device 0 --gemma4-shape custom --q-len 256 --kv-len 131072 --head-dim 256 --group-sizes 4 --batch-size 1 --only bf16 --fp4-backend fa2 --fp4-v-layout nhd --fp4-v-sf-layout linear --bf16-backend fa2 --warmup 1 --repeat 3
256,262144,256,4,sm120_fused,2,0.68995201587677,0.6953386664390564,0.991752564907074,40,6656,50176,ok,,/home/josh/tdm/infer/current/.venv/bin/python /home/josh/tdm/infer/worktrees/flashinfer-nvfp4-kv/benchmarks/bench_sm120_nvfp4_cutlass_fused_attention.py --device 0 --q-len 256 --kv-len 262144 --head-dim 256 --group 4 --split-kv-len 6656 --warmup 1 --repeat 3 --sm120-qkv-online-splitkv-reuse2-full-grid-bench
256,262144,256,4,nvfp4_fa2,,1.9582719802856445,1.971402684847514,,,,,ok,,/home/josh/tdm/infer/current/.venv/bin/python /home/josh/tdm/infer/worktrees/flashinfer-nvfp4-kv/benchmarks/bench_nvfp4_fmha_v2_gqa_grouped_attention.py --device 0 --gemma4-shape custom --q-len 256 --kv-len 262144 --head-dim 256 --group-sizes 4 --batch-size 1 --only grouped-fp4 --fp4-backend fa2 --fp4-v-layout nhd --fp4-v-sf-layout linear --bf16-backend fa2 --warmup 1 --repeat 3
256,262144,256,4,fp8_fa2,,1.7568960189819336,1.7720426718393962,,,,,ok,,/home/josh/tdm/infer/current/.venv/bin/python /home/josh/tdm/infer/worktrees/flashinfer-nvfp4-kv/benchmarks/bench_nvfp4_fmha_v2_gqa_grouped_attention.py --device 0 --gemma4-shape custom --q-len 256 --kv-len 262144 --head-dim 256 --group-sizes 4 --batch-size 1 --only fp8 --fp4-backend fa2 --fp4-v-layout nhd --fp4-v-sf-layout linear --bf16-backend fa2 --warmup 1 --repeat 3
256,262144,256,4,bf16_fa2,,1.2460479736328125,1.255178689956665,,,,,ok,,/home/josh/tdm/infer/current/.venv/bin/python /home/josh/tdm/infer/worktrees/flashinfer-nvfp4-kv/benchmarks/bench_nvfp4_fmha_v2_gqa_grouped_attention.py --device 0 --gemma4-shape custom --q-len 256 --kv-len 262144 --head-dim 256 --group-sizes 4 --batch-size 1 --only bf16 --fp4-backend fa2 --fp4-v-layout nhd --fp4-v-sf-layout linear --bf16-backend fa2 --warmup 1 --repeat 3
512,8192,256,4,sm120_fused,2,0.17241600155830383,0.17491200069586435,0.9915251731872559,2,6656,50176,ok,,/home/josh/tdm/infer/current/.venv/bin/python /home/josh/tdm/infer/worktrees/flashinfer-nvfp4-kv/benchmarks/bench_sm120_nvfp4_cutlass_fused_attention.py --device 0 --q-len 512 --kv-len 8192 --head-dim 256 --group 4 --split-kv-len 6656 --warmup 1 --repeat 3 --sm120-qkv-online-splitkv-reuse2-full-grid-bench
512,8192,256,4,nvfp4_fa2,,0.14902399480342865,0.16552533209323883,,,,,ok,,/home/josh/tdm/infer/current/.venv/bin/python /home/josh/tdm/infer/worktrees/flashinfer-nvfp4-kv/benchmarks/bench_nvfp4_fmha_v2_gqa_grouped_attention.py --device 0 --gemma4-shape custom --q-len 512 --kv-len 8192 --head-dim 256 --group-sizes 4 --batch-size 1 --only grouped-fp4 --fp4-backend fa2 --fp4-v-layout nhd --fp4-v-sf-layout linear --bf16-backend fa2 --warmup 1 --repeat 3
512,8192,256,4,fp8_fa2,,0.1363839954137802,0.14829866588115692,,,,,ok,,/home/josh/tdm/infer/current/.venv/bin/python /home/josh/tdm/infer/worktrees/flashinfer-nvfp4-kv/benchmarks/bench_nvfp4_fmha_v2_gqa_grouped_attention.py --device 0 --gemma4-shape custom --q-len 512 --kv-len 8192 --head-dim 256 --group-sizes 4 --batch-size 1 --only fp8 --fp4-backend fa2 --fp4-v-layout nhd --fp4-v-sf-layout linear --bf16-backend fa2 --warmup 1 --repeat 3
512,8192,256,4,bf16_fa2,,0.09782399982213974,0.11261866490046184,,,,,ok,,/home/josh/tdm/infer/current/.venv/bin/python /home/josh/tdm/infer/worktrees/flashinfer-nvfp4-kv/benchmarks/bench_nvfp4_fmha_v2_gqa_grouped_attention.py --device 0 --gemma4-shape custom --q-len 512 --kv-len 8192 --head-dim 256 --group-sizes 4 --batch-size 1 --only bf16 --fp4-backend fa2 --fp4-v-layout nhd --fp4-v-sf-layout linear --bf16-backend fa2 --warmup 1 --repeat 3
512,32768,256,4,sm120_fused,2,0.19209599494934082,0.1938239981730779,0.991342306137085,5,6656,50176,ok,,/home/josh/tdm/infer/current/.venv/bin/python /home/josh/tdm/infer/worktrees/flashinfer-nvfp4-kv/benchmarks/bench_sm120_nvfp4_cutlass_fused_attention.py --device 0 --q-len 512 --kv-len 32768 --head-dim 256 --group 4 --split-kv-len 6656 --warmup 1 --repeat 3 --sm120-qkv-online-splitkv-reuse2-full-grid-bench
512,32768,256,4,nvfp4_fa2,,0.5196160078048706,0.5340480009714762,,,,,ok,,/home/josh/tdm/infer/current/.venv/bin/python /home/josh/tdm/infer/worktrees/flashinfer-nvfp4-kv/benchmarks/bench_nvfp4_fmha_v2_gqa_grouped_attention.py --device 0 --gemma4-shape custom --q-len 512 --kv-len 32768 --head-dim 256 --group-sizes 4 --batch-size 1 --only grouped-fp4 --fp4-backend fa2 --fp4-v-layout nhd --fp4-v-sf-layout linear --bf16-backend fa2 --warmup 1 --repeat 3
512,32768,256,4,fp8_fa2,,0.4618239998817444,0.4732586642106374,,,,,ok,,/home/josh/tdm/infer/current/.venv/bin/python /home/josh/tdm/infer/worktrees/flashinfer-nvfp4-kv/benchmarks/bench_nvfp4_fmha_v2_gqa_grouped_attention.py --device 0 --gemma4-shape custom --q-len 512 --kv-len 32768 --head-dim 256 --group-sizes 4 --batch-size 1 --only fp8 --fp4-backend fa2 --fp4-v-layout nhd --fp4-v-sf-layout linear --bf16-backend fa2 --warmup 1 --repeat 3
512,32768,256,4,bf16_fa2,,0.3229759931564331,0.35366400082906085,,,,,ok,,/home/josh/tdm/infer/current/.venv/bin/python /home/josh/tdm/infer/worktrees/flashinfer-nvfp4-kv/benchmarks/bench_nvfp4_fmha_v2_gqa_grouped_attention.py --device 0 --gemma4-shape custom --q-len 512 --kv-len 32768 --head-dim 256 --group-sizes 4 --batch-size 1 --only bf16 --fp4-backend fa2 --fp4-v-layout nhd --fp4-v-sf-layout linear --bf16-backend fa2 --warmup 1 --repeat 3
512,65536,256,4,sm120_fused,2,0.35702401399612427,0.360042671362559,0.9929096102714539,10,6656,50176,ok,,/home/josh/tdm/infer/current/.venv/bin/python /home/josh/tdm/infer/worktrees/flashinfer-nvfp4-kv/benchmarks/bench_sm120_nvfp4_cutlass_fused_attention.py --device 0 --q-len 512 --kv-len 65536 --head-dim 256 --group 4 --split-kv-len 6656 --warmup 1 --repeat 3 --sm120-qkv-online-splitkv-reuse2-full-grid-bench
512,65536,256,4,nvfp4_fa2,,1.0192960500717163,1.0340906778971355,,,,,ok,,/home/josh/tdm/infer/current/.venv/bin/python /home/josh/tdm/infer/worktrees/flashinfer-nvfp4-kv/benchmarks/bench_nvfp4_fmha_v2_gqa_grouped_attention.py --device 0 --gemma4-shape custom --q-len 512 --kv-len 65536 --head-dim 256 --group-sizes 4 --batch-size 1 --only grouped-fp4 --fp4-backend fa2 --fp4-v-layout nhd --fp4-v-sf-layout linear --bf16-backend fa2 --warmup 1 --repeat 3
512,65536,256,4,fp8_fa2,,0.9015039801597595,0.9135679999987284,,,,,ok,,/home/josh/tdm/infer/current/.venv/bin/python /home/josh/tdm/infer/worktrees/flashinfer-nvfp4-kv/benchmarks/bench_nvfp4_fmha_v2_gqa_grouped_attention.py --device 0 --gemma4-shape custom --q-len 512 --kv-len 65536 --head-dim 256 --group-sizes 4 --batch-size 1 --only fp8 --fp4-backend fa2 --fp4-v-layout nhd --fp4-v-sf-layout linear --bf16-backend fa2 --warmup 1 --repeat 3
512,65536,256,4,bf16_fa2,,0.6199039816856384,0.6316373149553934,,,,,ok,,/home/josh/tdm/infer/current/.venv/bin/python /home/josh/tdm/infer/worktrees/flashinfer-nvfp4-kv/benchmarks/bench_nvfp4_fmha_v2_gqa_grouped_attention.py --device 0 --gemma4-shape custom --q-len 512 --kv-len 65536 --head-dim 256 --group-sizes 4 --batch-size 1 --only bf16 --fp4-backend fa2 --fp4-v-layout nhd --fp4-v-sf-layout linear --bf16-backend fa2 --warmup 1 --repeat 3
512,131072,256,4,sm120_fused,2,0.6892799735069275,0.6957866549491882,0.9900932908058167,20,6656,50176,ok,,/home/josh/tdm/infer/current/.venv/bin/python /home/josh/tdm/infer/worktrees/flashinfer-nvfp4-kv/benchmarks/bench_sm120_nvfp4_cutlass_fused_attention.py --device 0 --q-len 512 --kv-len 131072 --head-dim 256 --group 4 --split-kv-len 6656 --warmup 1 --repeat 3 --sm120-qkv-online-splitkv-reuse2-full-grid-bench
512,131072,256,4,nvfp4_fa2,,2.011904001235962,2.020522673924764,,,,,ok,,/home/josh/tdm/infer/current/.venv/bin/python /home/josh/tdm/infer/worktrees/flashinfer-nvfp4-kv/benchmarks/bench_nvfp4_fmha_v2_gqa_grouped_attention.py --device 0 --gemma4-shape custom --q-len 512 --kv-len 131072 --head-dim 256 --group-sizes 4 --batch-size 1 --only grouped-fp4 --fp4-backend fa2 --fp4-v-layout nhd --fp4-v-sf-layout linear --bf16-backend fa2 --warmup 1 --repeat 3
512,131072,256,4,fp8_fa2,,1.7757760286331177,1.788053313891093,,,,,ok,,/home/josh/tdm/infer/current/.venv/bin/python /home/josh/tdm/infer/worktrees/flashinfer-nvfp4-kv/benchmarks/bench_nvfp4_fmha_v2_gqa_grouped_attention.py --device 0 --gemma4-shape custom --q-len 512 --kv-len 131072 --head-dim 256 --group-sizes 4 --batch-size 1 --only fp8 --fp4-backend fa2 --fp4-v-layout nhd --fp4-v-sf-layout linear --bf16-backend fa2 --warmup 1 --repeat 3
512,131072,256,4,bf16_fa2,,1.2454719543457031,1.2594879865646362,,,,,ok,,/home/josh/tdm/infer/current/.venv/bin/python /home/josh/tdm/infer/worktrees/flashinfer-nvfp4-kv/benchmarks/bench_nvfp4_fmha_v2_gqa_grouped_attention.py --device 0 --gemma4-shape custom --q-len 512 --kv-len 131072 --head-dim 256 --group-sizes 4 --batch-size 1 --only bf16 --fp4-backend fa2 --fp4-v-layout nhd --fp4-v-sf-layout linear --bf16-backend fa2 --warmup 1 --repeat 3
512,262144,256,4,sm120_fused,2,1.2352639436721802,1.239573319753011,0.9917579889297485,40,6656,50176,ok,,/home/josh/tdm/infer/current/.venv/bin/python /home/josh/tdm/infer/worktrees/flashinfer-nvfp4-kv/benchmarks/bench_sm120_nvfp4_cutlass_fused_attention.py --device 0 --q-len 512 --kv-len 262144 --head-dim 256 --group 4 --split-kv-len 6656 --warmup 1 --repeat 3 --sm120-qkv-online-splitkv-reuse2-full-grid-bench
512,262144,256,4,nvfp4_fa2,,3.9863998889923096,3.998709201812744,,,,,ok,,/home/josh/tdm/infer/current/.venv/bin/python /home/josh/tdm/infer/worktrees/flashinfer-nvfp4-kv/benchmarks/bench_nvfp4_fmha_v2_gqa_grouped_attention.py --device 0 --gemma4-shape custom --q-len 512 --kv-len 262144 --head-dim 256 --group-sizes 4 --batch-size 1 --only grouped-fp4 --fp4-backend fa2 --fp4-v-layout nhd --fp4-v-sf-layout linear --bf16-backend fa2 --warmup 1 --repeat 3
512,262144,256,4,fp8_fa2,,3.5710721015930176,3.584384044011434,,,,,ok,,/home/josh/tdm/infer/current/.venv/bin/python /home/josh/tdm/infer/worktrees/flashinfer-nvfp4-kv/benchmarks/bench_nvfp4_fmha_v2_gqa_grouped_attention.py --device 0 --gemma4-shape custom --q-len 512 --kv-len 262144 --head-dim 256 --group-sizes 4 --batch-size 1 --only fp8 --fp4-backend fa2 --fp4-v-layout nhd --fp4-v-sf-layout linear --bf16-backend fa2 --warmup 1 --repeat 3
512,262144,256,4,bf16_fa2,,2.5017919540405273,2.5122026602427163,,,,,ok,,/home/josh/tdm/infer/current/.venv/bin/python /home/josh/tdm/infer/worktrees/flashinfer-nvfp4-kv/benchmarks/bench_nvfp4_fmha_v2_gqa_grouped_attention.py --device 0 --gemma4-shape custom --q-len 512 --kv-len 262144 --head-dim 256 --group-sizes 4 --batch-size 1 --only bf16 --fp4-backend fa2 --fp4-v-layout nhd --fp4-v-sf-layout linear --bf16-backend fa2 --warmup 1 --repeat 3
1024,8192,256,4,sm120_fused,2,0.17788800597190857,0.1800533334414164,0.9915106296539307,2,6656,50176,ok,,/home/josh/tdm/infer/current/.venv/bin/python /home/josh/tdm/infer/worktrees/flashinfer-nvfp4-kv/benchmarks/bench_sm120_nvfp4_cutlass_fused_attention.py --device 0 --q-len 1024 --kv-len 8192 --head-dim 256 --group 4 --split-kv-len 6656 --warmup 1 --repeat 3 --sm120-qkv-online-splitkv-reuse2-full-grid-bench
1024,8192,256,4,nvfp4_fa2,,0.28806400299072266,0.3027626673380534,,,,,ok,,/home/josh/tdm/infer/current/.venv/bin/python /home/josh/tdm/infer/worktrees/flashinfer-nvfp4-kv/benchmarks/bench_nvfp4_fmha_v2_gqa_grouped_attention.py --device 0 --gemma4-shape custom --q-len 1024 --kv-len 8192 --head-dim 256 --group-sizes 4 --batch-size 1 --only grouped-fp4 --fp4-backend fa2 --fp4-v-layout nhd --fp4-v-sf-layout linear --bf16-backend fa2 --warmup 1 --repeat 3
1024,8192,256,4,fp8_fa2,,0.2549760043621063,0.2678613265355428,,,,,ok,,/home/josh/tdm/infer/current/.venv/bin/python /home/josh/tdm/infer/worktrees/flashinfer-nvfp4-kv/benchmarks/bench_nvfp4_fmha_v2_gqa_grouped_attention.py --device 0 --gemma4-shape custom --q-len 1024 --kv-len 8192 --head-dim 256 --group-sizes 4 --batch-size 1 --only fp8 --fp4-backend fa2 --fp4-v-layout nhd --fp4-v-sf-layout linear --bf16-backend fa2 --warmup 1 --repeat 3
1024,8192,256,4,bf16_fa2,,0.17798399925231934,0.19249066710472107,,,,,ok,,/home/josh/tdm/infer/current/.venv/bin/python /home/josh/tdm/infer/worktrees/flashinfer-nvfp4-kv/benchmarks/bench_nvfp4_fmha_v2_gqa_grouped_attention.py --device 0 --gemma4-shape custom --q-len 1024 --kv-len 8192 --head-dim 256 --group-sizes 4 --batch-size 1 --only bf16 --fp4-backend fa2 --fp4-v-layout nhd --fp4-v-sf-layout linear --bf16-backend fa2 --warmup 1 --repeat 3
1024,32768,256,4,sm120_fused,2,0.355648010969162,0.3601493338743846,0.9913437366485596,5,6656,50176,ok,,/home/josh/tdm/infer/current/.venv/bin/python /home/josh/tdm/infer/worktrees/flashinfer-nvfp4-kv/benchmarks/bench_sm120_nvfp4_cutlass_fused_attention.py --device 0 --q-len 1024 --kv-len 32768 --head-dim 256 --group 4 --split-kv-len 6656 --warmup 1 --repeat 3 --sm120-qkv-online-splitkv-reuse2-full-grid-bench
1024,32768,256,4,nvfp4_fa2,,1.0674560070037842,1.0827946662902832,,,,,ok,,/home/josh/tdm/infer/current/.venv/bin/python /home/josh/tdm/infer/worktrees/flashinfer-nvfp4-kv/benchmarks/bench_nvfp4_fmha_v2_gqa_grouped_attention.py --device 0 --gemma4-shape custom --q-len 1024 --kv-len 32768 --head-dim 256 --group-sizes 4 --batch-size 1 --only grouped-fp4 --fp4-backend fa2 --fp4-v-layout nhd --fp4-v-sf-layout linear --bf16-backend fa2 --warmup 1 --repeat 3
1024,32768,256,4,fp8_fa2,,0.9478399753570557,0.9632426500320435,,,,,ok,,/home/josh/tdm/infer/current/.venv/bin/python /home/josh/tdm/infer/worktrees/flashinfer-nvfp4-kv/benchmarks/bench_nvfp4_fmha_v2_gqa_grouped_attention.py --device 0 --gemma4-shape custom --q-len 1024 --kv-len 32768 --head-dim 256 --group-sizes 4 --batch-size 1 --only fp8 --fp4-backend fa2 --fp4-v-layout nhd --fp4-v-sf-layout linear --bf16-backend fa2 --warmup 1 --repeat 3
1024,32768,256,4,bf16_fa2,,0.6535040140151978,0.6659733454386393,,,,,ok,,/home/josh/tdm/infer/current/.venv/bin/python /home/josh/tdm/infer/worktrees/flashinfer-nvfp4-kv/benchmarks/bench_nvfp4_fmha_v2_gqa_grouped_attention.py --device 0 --gemma4-shape custom --q-len 1024 --kv-len 32768 --head-dim 256 --group-sizes 4 --batch-size 1 --only bf16 --fp4-backend fa2 --fp4-v-layout nhd --fp4-v-sf-layout linear --bf16-backend fa2 --warmup 1 --repeat 3
1024,65536,256,4,sm120_fused,2,0.6864320039749146,0.6923306584358215,0.9929399490356445,10,6656,50176,ok,,/home/josh/tdm/infer/current/.venv/bin/python /home/josh/tdm/infer/worktrees/flashinfer-nvfp4-kv/benchmarks/bench_sm120_nvfp4_cutlass_fused_attention.py --device 0 --q-len 1024 --kv-len 65536 --head-dim 256 --group 4 --split-kv-len 6656 --warmup 1 --repeat 3 --sm120-qkv-online-splitkv-reuse2-full-grid-bench
1024,65536,256,4,nvfp4_fa2,,2.115488052368164,2.1289066473642984,,,,,ok,,/home/josh/tdm/infer/current/.venv/bin/python /home/josh/tdm/infer/worktrees/flashinfer-nvfp4-kv/benchmarks/bench_nvfp4_fmha_v2_gqa_grouped_attention.py --device 0 --gemma4-shape custom --q-len 1024 --kv-len 65536 --head-dim 256 --group-sizes 4 --batch-size 1 --only grouped-fp4 --fp4-backend fa2 --fp4-v-layout nhd --fp4-v-sf-layout linear --bf16-backend fa2 --warmup 1 --repeat 3
1024,65536,256,4,fp8_fa2,,1.8799999952316284,1.8959253231684368,,,,,ok,,/home/josh/tdm/infer/current/.venv/bin/python /home/josh/tdm/infer/worktrees/flashinfer-nvfp4-kv/benchmarks/bench_nvfp4_fmha_v2_gqa_grouped_attention.py --device 0 --gemma4-shape custom --q-len 1024 --kv-len 65536 --head-dim 256 --group-sizes 4 --batch-size 1 --only fp8 --fp4-backend fa2 --fp4-v-layout nhd --fp4-v-sf-layout linear --bf16-backend fa2 --warmup 1 --repeat 3
1024,65536,256,4,bf16_fa2,,1.2951680421829224,1.3077013492584229,,,,,ok,,/home/josh/tdm/infer/current/.venv/bin/python /home/josh/tdm/infer/worktrees/flashinfer-nvfp4-kv/benchmarks/bench_nvfp4_fmha_v2_gqa_grouped_attention.py --device 0 --gemma4-shape custom --q-len 1024 --kv-len 65536 --head-dim 256 --group-sizes 4 --batch-size 1 --only bf16 --fp4-backend fa2 --fp4-v-layout nhd --fp4-v-sf-layout linear --bf16-backend fa2 --warmup 1 --repeat 3
1024,131072,256,4,sm120_fused,2,1.2328319549560547,1.2361066738764446,0.9900105595588684,20,6656,50176,ok,,/home/josh/tdm/infer/current/.venv/bin/python /home/josh/tdm/infer/worktrees/flashinfer-nvfp4-kv/benchmarks/bench_sm120_nvfp4_cutlass_fused_attention.py --device 0 --q-len 1024 --kv-len 131072 --head-dim 256 --group 4 --split-kv-len 6656 --warmup 1 --repeat 3 --sm120-qkv-online-splitkv-reuse2-full-grid-bench
1024,131072,256,4,nvfp4_fa2,,4.179903984069824,4.195765336354573,,,,,ok,,/home/josh/tdm/infer/current/.venv/bin/python /home/josh/tdm/infer/worktrees/flashinfer-nvfp4-kv/benchmarks/bench_nvfp4_fmha_v2_gqa_grouped_attention.py --device 0 --gemma4-shape custom --q-len 1024 --kv-len 131072 --head-dim 256 --group-sizes 4 --batch-size 1 --only grouped-fp4 --fp4-backend fa2 --fp4-v-layout nhd --fp4-v-sf-layout linear --bf16-backend fa2 --warmup 1 --repeat 3
1024,131072,256,4,fp8_fa2,,3.7117760181427,3.7674026489257812,,,,,ok,,/home/josh/tdm/infer/current/.venv/bin/python /home/josh/tdm/infer/worktrees/flashinfer-nvfp4-kv/benchmarks/bench_nvfp4_fmha_v2_gqa_grouped_attention.py --device 0 --gemma4-shape custom --q-len 1024 --kv-len 131072 --head-dim 256 --group-sizes 4 --batch-size 1 --only fp8 --fp4-backend fa2 --fp4-v-layout nhd --fp4-v-sf-layout linear --bf16-backend fa2 --warmup 1 --repeat 3
1024,131072,256,4,bf16_fa2,,2.589888095855713,2.6063040097554526,,,,,ok,,/home/josh/tdm/infer/current/.venv/bin/python /home/josh/tdm/infer/worktrees/flashinfer-nvfp4-kv/benchmarks/bench_nvfp4_fmha_v2_gqa_grouped_attention.py --device 0 --gemma4-shape custom --q-len 1024 --kv-len 131072 --head-dim 256 --group-sizes 4 --batch-size 1 --only bf16 --fp4-backend fa2 --fp4-v-layout nhd --fp4-v-sf-layout linear --bf16-backend fa2 --warmup 1 --repeat 3
1024,262144,256,4,sm120_fused,2,2.6231040954589844,2.6292693614959717,0.9917868375778198,40,6656,50176,ok,,/home/josh/tdm/infer/current/.venv/bin/python /home/josh/tdm/infer/worktrees/flashinfer-nvfp4-kv/benchmarks/bench_sm120_nvfp4_cutlass_fused_attention.py --device 0 --q-len 1024 --kv-len 262144 --head-dim 256 --group 4 --split-kv-len 6656 --warmup 1 --repeat 3 --sm120-qkv-online-splitkv-reuse2-full-grid-bench
1024,262144,256,4,nvfp4_fa2,,8.316736221313477,8.335776329040527,,,,,ok,,/home/josh/tdm/infer/current/.venv/bin/python /home/josh/tdm/infer/worktrees/flashinfer-nvfp4-kv/benchmarks/bench_nvfp4_fmha_v2_gqa_grouped_attention.py --device 0 --gemma4-shape custom --q-len 1024 --kv-len 262144 --head-dim 256 --group-sizes 4 --batch-size 1 --only grouped-fp4 --fp4-backend fa2 --fp4-v-layout nhd --fp4-v-sf-layout linear --bf16-backend fa2 --warmup 1 --repeat 3
1024,262144,256,4,fp8_fa2,,7.432703971862793,7.466816107432048,,,,,ok,,/home/josh/tdm/infer/current/.venv/bin/python /home/josh/tdm/infer/worktrees/flashinfer-nvfp4-kv/benchmarks/bench_nvfp4_fmha_v2_gqa_grouped_attention.py --device 0 --gemma4-shape custom --q-len 1024 --kv-len 262144 --head-dim 256 --group-sizes 4 --batch-size 1 --only fp8 --fp4-backend fa2 --fp4-v-layout nhd --fp4-v-sf-layout linear --bf16-backend fa2 --warmup 1 --repeat 3
1024,262144,256,4,bf16_fa2,,5.170207977294922,5.199189186096191,,,,,ok,,/home/josh/tdm/infer/current/.venv/bin/python /home/josh/tdm/infer/worktrees/flashinfer-nvfp4-kv/benchmarks/bench_nvfp4_fmha_v2_gqa_grouped_attention.py --device 0 --gemma4-shape custom --q-len 1024 --kv-len 262144 --head-dim 256 --group-sizes 4 --batch-size 1 --only bf16 --fp4-backend fa2 --fp4-v-layout nhd --fp4-v-sf-layout linear --bf16-backend fa2 --warmup 1 --repeat 3
2048,8192,256,4,sm120_fused,2,0.19785599410533905,0.20006399850050607,0.9900069832801819,2,6656,50176,ok,,/home/josh/tdm/infer/current/.venv/bin/python /home/josh/tdm/infer/worktrees/flashinfer-nvfp4-kv/benchmarks/bench_sm120_nvfp4_cutlass_fused_attention.py --device 0 --q-len 2048 --kv-len 8192 --head-dim 256 --group 4 --split-kv-len 6656 --warmup 1 --repeat 3 --sm120-qkv-online-splitkv-reuse2-full-grid-bench
2048,8192,256,4,nvfp4_fa2,,0.6289920210838318,0.6439253290494283,,,,,ok,,/home/josh/tdm/infer/current/.venv/bin/python /home/josh/tdm/infer/worktrees/flashinfer-nvfp4-kv/benchmarks/bench_nvfp4_fmha_v2_gqa_grouped_attention.py --device 0 --gemma4-shape custom --q-len 2048 --kv-len 8192 --head-dim 256 --group-sizes 4 --batch-size 1 --only grouped-fp4 --fp4-backend fa2 --fp4-v-layout nhd --fp4-v-sf-layout linear --bf16-backend fa2 --warmup 1 --repeat 3
2048,8192,256,4,fp8_fa2,,0.5473920106887817,0.5640640060106913,,,,,ok,,/home/josh/tdm/infer/current/.venv/bin/python /home/josh/tdm/infer/worktrees/flashinfer-nvfp4-kv/benchmarks/bench_nvfp4_fmha_v2_gqa_grouped_attention.py --device 0 --gemma4-shape custom --q-len 2048 --kv-len 8192 --head-dim 256 --group-sizes 4 --batch-size 1 --only fp8 --fp4-backend fa2 --fp4-v-layout nhd --fp4-v-sf-layout linear --bf16-backend fa2 --warmup 1 --repeat 3
2048,8192,256,4,bf16_fa2,,0.37782400846481323,0.3936746617158254,,,,,ok,,/home/josh/tdm/infer/current/.venv/bin/python /home/josh/tdm/infer/worktrees/flashinfer-nvfp4-kv/benchmarks/bench_nvfp4_fmha_v2_gqa_grouped_attention.py --device 0 --gemma4-shape custom --q-len 2048 --kv-len 8192 --head-dim 256 --group-sizes 4 --batch-size 1 --only bf16 --fp4-backend fa2 --fp4-v-layout nhd --fp4-v-sf-layout linear --bf16-backend fa2 --warmup 1 --repeat 3
2048,32768,256,4,sm120_fused,2,0.684224009513855,0.6871040066083273,0.9919541478157043,5,6656,50176,ok,,/home/josh/tdm/infer/current/.venv/bin/python /home/josh/tdm/infer/worktrees/flashinfer-nvfp4-kv/benchmarks/bench_sm120_nvfp4_cutlass_fused_attention.py --device 0 --q-len 2048 --kv-len 32768 --head-dim 256 --group 4 --split-kv-len 6656 --warmup 1 --repeat 3 --sm120-qkv-online-splitkv-reuse2-full-grid-bench
2048,32768,256,4,nvfp4_fa2,,2.48470401763916,2.505290667215983,,,,,ok,,/home/josh/tdm/infer/current/.venv/bin/python /home/josh/tdm/infer/worktrees/flashinfer-nvfp4-kv/benchmarks/bench_nvfp4_fmha_v2_gqa_grouped_attention.py --device 0 --gemma4-shape custom --q-len 2048 --kv-len 32768 --head-dim 256 --group-sizes 4 --batch-size 1 --only grouped-fp4 --fp4-backend fa2 --fp4-v-layout nhd --fp4-v-sf-layout linear --bf16-backend fa2 --warmup 1 --repeat 3
2048,32768,256,4,fp8_fa2,,2.147871971130371,2.18723201751709,,,,,ok,,/home/josh/tdm/infer/current/.venv/bin/python /home/josh/tdm/infer/worktrees/flashinfer-nvfp4-kv/benchmarks/bench_nvfp4_fmha_v2_gqa_grouped_attention.py --device 0 --gemma4-shape custom --q-len 2048 --kv-len 32768 --head-dim 256 --group-sizes 4 --batch-size 1 --only fp8 --fp4-backend fa2 --fp4-v-layout nhd --fp4-v-sf-layout linear --bf16-backend fa2 --warmup 1 --repeat 3
2048,32768,256,4,bf16_fa2,,1.4951039552688599,1.5085973342259724,,,,,ok,,/home/josh/tdm/infer/current/.venv/bin/python /home/josh/tdm/infer/worktrees/flashinfer-nvfp4-kv/benchmarks/bench_nvfp4_fmha_v2_gqa_grouped_attention.py --device 0 --gemma4-shape custom --q-len 2048 --kv-len 32768 --head-dim 256 --group-sizes 4 --batch-size 1 --only bf16 --fp4-backend fa2 --fp4-v-layout nhd --fp4-v-sf-layout linear --bf16-backend fa2 --warmup 1 --repeat 3
2048,65536,256,4,sm120_fused,2,1.2261760234832764,1.2288106679916382,0.9930051565170288,10,6656,50176,ok,,/home/josh/tdm/infer/current/.venv/bin/python /home/josh/tdm/infer/worktrees/flashinfer-nvfp4-kv/benchmarks/bench_sm120_nvfp4_cutlass_fused_attention.py --device 0 --q-len 2048 --kv-len 65536 --head-dim 256 --group 4 --split-kv-len 6656 --warmup 1 --repeat 3 --sm120-qkv-online-splitkv-reuse2-full-grid-bench
2048,65536,256,4,nvfp4_fa2,,4.925727844238281,4.954506556193034,,,,,ok,,/home/josh/tdm/infer/current/.venv/bin/python /home/josh/tdm/infer/worktrees/flashinfer-nvfp4-kv/benchmarks/bench_nvfp4_fmha_v2_gqa_grouped_attention.py --device 0 --gemma4-shape custom --q-len 2048 --kv-len 65536 --head-dim 256 --group-sizes 4 --batch-size 1 --only grouped-fp4 --fp4-backend fa2 --fp4-v-layout nhd --fp4-v-sf-layout linear --bf16-backend fa2 --warmup 1 --repeat 3
2048,65536,256,4,fp8_fa2,,4.284832000732422,4.298784097035726,,,,,ok,,/home/josh/tdm/infer/current/.venv/bin/python /home/josh/tdm/infer/worktrees/flashinfer-nvfp4-kv/benchmarks/bench_nvfp4_fmha_v2_gqa_grouped_attention.py --device 0 --gemma4-shape custom --q-len 2048 --kv-len 65536 --head-dim 256 --group-sizes 4 --batch-size 1 --only fp8 --fp4-backend fa2 --fp4-v-layout nhd --fp4-v-sf-layout linear --bf16-backend fa2 --warmup 1 --repeat 3
2048,65536,256,4,bf16_fa2,,2.944159984588623,2.964554707209269,,,,,ok,,/home/josh/tdm/infer/current/.venv/bin/python /home/josh/tdm/infer/worktrees/flashinfer-nvfp4-kv/benchmarks/bench_nvfp4_fmha_v2_gqa_grouped_attention.py --device 0 --gemma4-shape custom --q-len 2048 --kv-len 65536 --head-dim 256 --group-sizes 4 --batch-size 1 --only bf16 --fp4-backend fa2 --fp4-v-layout nhd --fp4-v-sf-layout linear --bf16-backend fa2 --warmup 1 --repeat 3
2048,131072,256,4,sm120_fused,2,2.4232959747314453,2.428074598312378,0.9901639819145203,20,6656,50176,ok,,/home/josh/tdm/infer/current/.venv/bin/python /home/josh/tdm/infer/worktrees/flashinfer-nvfp4-kv/benchmarks/bench_sm120_nvfp4_cutlass_fused_attention.py --device 0 --q-len 2048 --kv-len 131072 --head-dim 256 --group 4 --split-kv-len 6656 --warmup 1 --repeat 3 --sm120-qkv-online-splitkv-reuse2-full-grid-bench
2048,131072,256,4,nvfp4_fa2,,9.83471965789795,9.839722633361816,,,,,ok,,/home/josh/tdm/infer/current/.venv/bin/python /home/josh/tdm/infer/worktrees/flashinfer-nvfp4-kv/benchmarks/bench_nvfp4_fmha_v2_gqa_grouped_attention.py --device 0 --gemma4-shape custom --q-len 2048 --kv-len 131072 --head-dim 256 --group-sizes 4 --batch-size 1 --only grouped-fp4 --fp4-backend fa2 --fp4-v-layout nhd --fp4-v-sf-layout linear --bf16-backend fa2 --warmup 1 --repeat 3
2048,131072,256,4,fp8_fa2,,8.50153636932373,8.52071475982666,,,,,ok,,/home/josh/tdm/infer/current/.venv/bin/python /home/josh/tdm/infer/worktrees/flashinfer-nvfp4-kv/benchmarks/bench_nvfp4_fmha_v2_gqa_grouped_attention.py --device 0 --gemma4-shape custom --q-len 2048 --kv-len 131072 --head-dim 256 --group-sizes 4 --batch-size 1 --only fp8 --fp4-backend fa2 --fp4-v-layout nhd --fp4-v-sf-layout linear --bf16-backend fa2 --warmup 1 --repeat 3
2048,131072,256,4,bf16_fa2,,5.917407989501953,5.943487962086995,,,,,ok,,/home/josh/tdm/infer/current/.venv/bin/python /home/josh/tdm/infer/worktrees/flashinfer-nvfp4-kv/benchmarks/bench_nvfp4_fmha_v2_gqa_grouped_attention.py --device 0 --gemma4-shape custom --q-len 2048 --kv-len 131072 --head-dim 256 --group-sizes 4 --batch-size 1 --only bf16 --fp4-backend fa2 --fp4-v-layout nhd --fp4-v-sf-layout linear --bf16-backend fa2 --warmup 1 --repeat 3
2048,262144,256,4,sm120_fused,2,5.102528095245361,5.107050736745198,0.9919441342353821,40,6656,50176,ok,,/home/josh/tdm/infer/current/.venv/bin/python /home/josh/tdm/infer/worktrees/flashinfer-nvfp4-kv/benchmarks/bench_sm120_nvfp4_cutlass_fused_attention.py --device 0 --q-len 2048 --kv-len 262144 --head-dim 256 --group 4 --split-kv-len 6656 --warmup 1 --repeat 3 --sm120-qkv-online-splitkv-reuse2-full-grid-bench
2048,262144,256,4,nvfp4_fa2,,19.65350341796875,19.674240112304688,,,,,ok,,/home/josh/tdm/infer/current/.venv/bin/python /home/josh/tdm/infer/worktrees/flashinfer-nvfp4-kv/benchmarks/bench_nvfp4_fmha_v2_gqa_grouped_attention.py --device 0 --gemma4-shape custom --q-len 2048 --kv-len 262144 --head-dim 256 --group-sizes 4 --batch-size 1 --only grouped-fp4 --fp4-backend fa2 --fp4-v-layout nhd --fp4-v-sf-layout linear --bf16-backend fa2 --warmup 1 --repeat 3
2048,262144,256,4,fp8_fa2,,17.026880264282227,17.05303446451823,,,,,ok,,/home/josh/tdm/infer/current/.venv/bin/python /home/josh/tdm/infer/worktrees/flashinfer-nvfp4-kv/benchmarks/bench_nvfp4_fmha_v2_gqa_grouped_attention.py --device 0 --gemma4-shape custom --q-len 2048 --kv-len 262144 --head-dim 256 --group-sizes 4 --batch-size 1 --only fp8 --fp4-backend fa2 --fp4-v-layout nhd --fp4-v-sf-layout linear --bf16-backend fa2 --warmup 1 --repeat 3
2048,262144,256,4,bf16_fa2,,11.847840309143066,11.865301450093588,,,,,ok,,/home/josh/tdm/infer/current/.venv/bin/python /home/josh/tdm/infer/worktrees/flashinfer-nvfp4-kv/benchmarks/bench_nvfp4_fmha_v2_gqa_grouped_attention.py --device 0 --gemma4-shape custom --q-len 2048 --kv-len 262144 --head-dim 256 --group-sizes 4 --batch-size 1 --only bf16 --fp4-backend fa2 --fp4-v-layout nhd --fp4-v-sf-layout linear --bf16-backend fa2 --warmup 1 --repeat 3
4096,8192,256,4,sm120_fused,2,0.3643519878387451,0.3678933382034302,0.9893179535865784,2,6656,50176,ok,,/home/josh/tdm/infer/current/.venv/bin/python /home/josh/tdm/infer/worktrees/flashinfer-nvfp4-kv/benchmarks/bench_sm120_nvfp4_cutlass_fused_attention.py --device 0 --q-len 4096 --kv-len 8192 --head-dim 256 --group 4 --split-kv-len 6656 --warmup 1 --repeat 3 --sm120-qkv-online-splitkv-reuse2-full-grid-bench
4096,8192,256,4,nvfp4_fa2,,1.1164799928665161,1.1298773288726807,,,,,ok,,/home/josh/tdm/infer/current/.venv/bin/python /home/josh/tdm/infer/worktrees/flashinfer-nvfp4-kv/benchmarks/bench_nvfp4_fmha_v2_gqa_grouped_attention.py --device 0 --gemma4-shape custom --q-len 4096 --kv-len 8192 --head-dim 256 --group-sizes 4 --batch-size 1 --only grouped-fp4 --fp4-backend fa2 --fp4-v-layout nhd --fp4-v-sf-layout linear --bf16-backend fa2 --warmup 1 --repeat 3
4096,8192,256,4,fp8_fa2,,0.9722560048103333,0.9860053459803263,,,,,ok,,/home/josh/tdm/infer/current/.venv/bin/python /home/josh/tdm/infer/worktrees/flashinfer-nvfp4-kv/benchmarks/bench_nvfp4_fmha_v2_gqa_grouped_attention.py --device 0 --gemma4-shape custom --q-len 4096 --kv-len 8192 --head-dim 256 --group-sizes 4 --batch-size 1 --only fp8 --fp4-backend fa2 --fp4-v-layout nhd --fp4-v-sf-layout linear --bf16-backend fa2 --warmup 1 --repeat 3
4096,8192,256,4,bf16_fa2,,0.6687039732933044,0.6833279927571615,,,,,ok,,/home/josh/tdm/infer/current/.venv/bin/python /home/josh/tdm/infer/worktrees/flashinfer-nvfp4-kv/benchmarks/bench_nvfp4_fmha_v2_gqa_grouped_attention.py --device 0 --gemma4-shape custom --q-len 4096 --kv-len 8192 --head-dim 256 --group-sizes 4 --batch-size 1 --only bf16 --fp4-backend fa2 --fp4-v-layout nhd --fp4-v-sf-layout linear --bf16-backend fa2 --warmup 1 --repeat 3
4096,32768,256,4,sm120_fused,2,1.205664038658142,1.211135983467102,0.9909455180168152,5,6656,50176,ok,,/home/josh/tdm/infer/current/.venv/bin/python /home/josh/tdm/infer/worktrees/flashinfer-nvfp4-kv/benchmarks/bench_sm120_nvfp4_cutlass_fused_attention.py --device 0 --q-len 4096 --kv-len 32768 --head-dim 256 --group 4 --split-kv-len 6656 --warmup 1 --repeat 3 --sm120-qkv-online-splitkv-reuse2-full-grid-bench
4096,32768,256,4,nvfp4_fa2,,4.780191898345947,4.791765371958415,,,,,ok,,/home/josh/tdm/infer/current/.venv/bin/python /home/josh/tdm/infer/worktrees/flashinfer-nvfp4-kv/benchmarks/bench_nvfp4_fmha_v2_gqa_grouped_attention.py --device 0 --gemma4-shape custom --q-len 4096 --kv-len 32768 --head-dim 256 --group-sizes 4 --batch-size 1 --only grouped-fp4 --fp4-backend fa2 --fp4-v-layout nhd --fp4-v-sf-layout linear --bf16-backend fa2 --warmup 1 --repeat 3
4096,32768,256,4,fp8_fa2,,4.161632061004639,4.170357386271159,,,,,ok,,/home/josh/tdm/infer/current/.venv/bin/python /home/josh/tdm/infer/worktrees/flashinfer-nvfp4-kv/benchmarks/bench_nvfp4_fmha_v2_gqa_grouped_attention.py --device 0 --gemma4-shape custom --q-len 4096 --kv-len 32768 --head-dim 256 --group-sizes 4 --batch-size 1 --only fp8 --fp4-backend fa2 --fp4-v-layout nhd --fp4-v-sf-layout linear --bf16-backend fa2 --warmup 1 --repeat 3
4096,32768,256,4,bf16_fa2,,2.8749120235443115,2.886122703552246,,,,,ok,,/home/josh/tdm/infer/current/.venv/bin/python /home/josh/tdm/infer/worktrees/flashinfer-nvfp4-kv/benchmarks/bench_nvfp4_fmha_v2_gqa_grouped_attention.py --device 0 --gemma4-shape custom --q-len 4096 --kv-len 32768 --head-dim 256 --group-sizes 4 --batch-size 1 --only bf16 --fp4-backend fa2 --fp4-v-layout nhd --fp4-v-sf-layout linear --bf16-backend fa2 --warmup 1 --repeat 3
4096,65536,256,4,sm120_fused,2,2.4118080139160156,2.4134933153788247,0.9919681549072266,10,6656,50176,ok,,/home/josh/tdm/infer/current/.venv/bin/python /home/josh/tdm/infer/worktrees/flashinfer-nvfp4-kv/benchmarks/bench_sm120_nvfp4_cutlass_fused_attention.py --device 0 --q-len 4096 --kv-len 65536 --head-dim 256 --group 4 --split-kv-len 6656 --warmup 1 --repeat 3 --sm120-qkv-online-splitkv-reuse2-full-grid-bench
4096,65536,256,4,nvfp4_fa2,,9.644000053405762,9.661301294962565,,,,,ok,,/home/josh/tdm/infer/current/.venv/bin/python /home/josh/tdm/infer/worktrees/flashinfer-nvfp4-kv/benchmarks/bench_nvfp4_fmha_v2_gqa_grouped_attention.py --device 0 --gemma4-shape custom --q-len 4096 --kv-len 65536 --head-dim 256 --group-sizes 4 --batch-size 1 --only grouped-fp4 --fp4-backend fa2 --fp4-v-layout nhd --fp4-v-sf-layout linear --bf16-backend fa2 --warmup 1 --repeat 3
4096,65536,256,4,fp8_fa2,,8.377280235290527,8.397781689961752,,,,,ok,,/home/josh/tdm/infer/current/.venv/bin/python /home/josh/tdm/infer/worktrees/flashinfer-nvfp4-kv/benchmarks/bench_nvfp4_fmha_v2_gqa_grouped_attention.py --device 0 --gemma4-shape custom --q-len 4096 --kv-len 65536 --head-dim 256 --group-sizes 4 --batch-size 1 --only fp8 --fp4-backend fa2 --fp4-v-layout nhd --fp4-v-sf-layout linear --bf16-backend fa2 --warmup 1 --repeat 3
4096,65536,256,4,bf16_fa2,,5.779232025146484,5.800981362660726,,,,,ok,,/home/josh/tdm/infer/current/.venv/bin/python /home/josh/tdm/infer/worktrees/flashinfer-nvfp4-kv/benchmarks/bench_nvfp4_fmha_v2_gqa_grouped_attention.py --device 0 --gemma4-shape custom --q-len 4096 --kv-len 65536 --head-dim 256 --group-sizes 4 --batch-size 1 --only bf16 --fp4-backend fa2 --fp4-v-layout nhd --fp4-v-sf-layout linear --bf16-backend fa2 --warmup 1 --repeat 3
4096,131072,256,4,sm120_fused,2,4.950751781463623,4.953450679779053,0.9909891486167908,20,6656,50176,ok,,/home/josh/tdm/infer/current/.venv/bin/python /home/josh/tdm/infer/worktrees/flashinfer-nvfp4-kv/benchmarks/bench_sm120_nvfp4_cutlass_fused_attention.py --device 0 --q-len 4096 --kv-len 131072 --head-dim 256 --group 4 --split-kv-len 6656 --warmup 1 --repeat 3 --sm120-qkv-online-splitkv-reuse2-full-grid-bench
4096,131072,256,4,nvfp4_fa2,,19.533952713012695,19.557429631551106,,,,,ok,,/home/josh/tdm/infer/current/.venv/bin/python /home/josh/tdm/infer/worktrees/flashinfer-nvfp4-kv/benchmarks/bench_nvfp4_fmha_v2_gqa_grouped_attention.py --device 0 --gemma4-shape custom --q-len 4096 --kv-len 131072 --head-dim 256 --group-sizes 4 --batch-size 1 --only grouped-fp4 --fp4-backend fa2 --fp4-v-layout nhd --fp4-v-sf-layout linear --bf16-backend fa2 --warmup 1 --repeat 3
4096,131072,256,4,fp8_fa2,,16.898048400878906,16.90658124287923,,,,,ok,,/home/josh/tdm/infer/current/.venv/bin/python /home/josh/tdm/infer/worktrees/flashinfer-nvfp4-kv/benchmarks/bench_nvfp4_fmha_v2_gqa_grouped_attention.py --device 0 --gemma4-shape custom --q-len 4096 --kv-len 131072 --head-dim 256 --group-sizes 4 --batch-size 1 --only fp8 --fp4-backend fa2 --fp4-v-layout nhd --fp4-v-sf-layout linear --bf16-backend fa2 --warmup 1 --repeat 3
4096,131072,256,4,bf16_fa2,,11.733247756958008,11.747455914815268,,,,,ok,,/home/josh/tdm/infer/current/.venv/bin/python /home/josh/tdm/infer/worktrees/flashinfer-nvfp4-kv/benchmarks/bench_nvfp4_fmha_v2_gqa_grouped_attention.py --device 0 --gemma4-shape custom --q-len 4096 --kv-len 131072 --head-dim 256 --group-sizes 4 --batch-size 1 --only bf16 --fp4-backend fa2 --fp4-v-layout nhd --fp4-v-sf-layout linear --bf16-backend fa2 --warmup 1 --repeat 3
4096,262144,256,4,sm120_fused,2,9.891712188720703,9.900501251220703,0.9925974011421204,40,6656,50176,ok,,/home/josh/tdm/infer/current/.venv/bin/python /home/josh/tdm/infer/worktrees/flashinfer-nvfp4-kv/benchmarks/bench_sm120_nvfp4_cutlass_fused_attention.py --device 0 --q-len 4096 --kv-len 262144 --head-dim 256 --group 4 --split-kv-len 6656 --warmup 1 --repeat 3 --sm120-qkv-online-splitkv-reuse2-full-grid-bench
4096,262144,256,4,nvfp4_fa2,,39.23651123046875,39.34689076741537,,,,,ok,,/home/josh/tdm/infer/current/.venv/bin/python /home/josh/tdm/infer/worktrees/flashinfer-nvfp4-kv/benchmarks/bench_nvfp4_fmha_v2_gqa_grouped_attention.py --device 0 --gemma4-shape custom --q-len 4096 --kv-len 262144 --head-dim 256 --group-sizes 4 --batch-size 1 --only grouped-fp4 --fp4-backend fa2 --fp4-v-layout nhd --fp4-v-sf-layout linear --bf16-backend fa2 --warmup 1 --repeat 3
4096,262144,256,4,fp8_fa2,,33.907936096191406,34.13138198852539,,,,,ok,,/home/josh/tdm/infer/current/.venv/bin/python /home/josh/tdm/infer/worktrees/flashinfer-nvfp4-kv/benchmarks/bench_nvfp4_fmha_v2_gqa_grouped_attention.py --device 0 --gemma4-shape custom --q-len 4096 --kv-len 262144 --head-dim 256 --group-sizes 4 --batch-size 1 --only fp8 --fp4-backend fa2 --fp4-v-layout nhd --fp4-v-sf-layout linear --bf16-backend fa2 --warmup 1 --repeat 3
4096,262144,256,4,bf16_fa2,,23.55718421936035,23.562016169230144,,,,,ok,,/home/josh/tdm/infer/current/.venv/bin/python /home/josh/tdm/infer/worktrees/flashinfer-nvfp4-kv/benchmarks/bench_nvfp4_fmha_v2_gqa_grouped_attention.py --device 0 --gemma4-shape custom --q-len 4096 --kv-len 262144 --head-dim 256 --group-sizes 4 --batch-size 1 --only bf16 --fp4-backend fa2 --fp4-v-layout nhd --fp4-v-sf-layout linear --bf16-backend fa2 --warmup 1 --repeat 3
128,8192,256,6,sm120_fused,2,0.1703999936580658,0.17209599912166595,0.9914803504943848,2,6656,50176,ok,,/home/josh/tdm/infer/current/.venv/bin/python /home/josh/tdm/infer/worktrees/flashinfer-nvfp4-kv/benchmarks/bench_sm120_nvfp4_cutlass_fused_attention.py --device 0 --q-len 128 --kv-len 8192 --head-dim 256 --group 6 --split-kv-len 6656 --warmup 1 --repeat 3 --sm120-qkv-online-splitkv-reuse2-full-grid-bench
128,8192,256,6,nvfp4_fa2,,0.07251200079917908,0.09065599987904231,,,,,ok,,/home/josh/tdm/infer/current/.venv/bin/python /home/josh/tdm/infer/worktrees/flashinfer-nvfp4-kv/benchmarks/bench_nvfp4_fmha_v2_gqa_grouped_attention.py --device 0 --gemma4-shape custom --q-len 128 --kv-len 8192 --head-dim 256 --group-sizes 6 --batch-size 1 --only grouped-fp4 --fp4-backend fa2 --fp4-v-layout nhd --fp4-v-sf-layout linear --bf16-backend fa2 --warmup 1 --repeat 3
128,8192,256,6,fp8_fa2,,0.07094399631023407,0.08571733037630717,,,,,ok,,/home/josh/tdm/infer/current/.venv/bin/python /home/josh/tdm/infer/worktrees/flashinfer-nvfp4-kv/benchmarks/bench_nvfp4_fmha_v2_gqa_grouped_attention.py --device 0 --gemma4-shape custom --q-len 128 --kv-len 8192 --head-dim 256 --group-sizes 6 --batch-size 1 --only fp8 --fp4-backend fa2 --fp4-v-layout nhd --fp4-v-sf-layout linear --bf16-backend fa2 --warmup 1 --repeat 3
128,8192,256,6,bf16_fa2,,0.0504320003092289,0.06403199955821037,,,,,ok,,/home/josh/tdm/infer/current/.venv/bin/python /home/josh/tdm/infer/worktrees/flashinfer-nvfp4-kv/benchmarks/bench_nvfp4_fmha_v2_gqa_grouped_attention.py --device 0 --gemma4-shape custom --q-len 128 --kv-len 8192 --head-dim 256 --group-sizes 6 --batch-size 1 --only bf16 --fp4-backend fa2 --fp4-v-layout nhd --fp4-v-sf-layout linear --bf16-backend fa2 --warmup 1 --repeat 3
128,32768,256,6,sm120_fused,2,0.1727360039949417,0.1751573383808136,0.991327702999115,5,6656,50176,ok,,/home/josh/tdm/infer/current/.venv/bin/python /home/josh/tdm/infer/worktrees/flashinfer-nvfp4-kv/benchmarks/bench_sm120_nvfp4_cutlass_fused_attention.py --device 0 --q-len 128 --kv-len 32768 --head-dim 256 --group 6 --split-kv-len 6656 --warmup 1 --repeat 3 --sm120-qkv-online-splitkv-reuse2-full-grid-bench
128,32768,256,6,nvfp4_fa2,,0.20307199656963348,0.2151253322760264,,,,,ok,,/home/josh/tdm/infer/current/.venv/bin/python /home/josh/tdm/infer/worktrees/flashinfer-nvfp4-kv/benchmarks/bench_nvfp4_fmha_v2_gqa_grouped_attention.py --device 0 --gemma4-shape custom --q-len 128 --kv-len 32768 --head-dim 256 --group-sizes 6 --batch-size 1 --only grouped-fp4 --fp4-backend fa2 --fp4-v-layout nhd --fp4-v-sf-layout linear --bf16-backend fa2 --warmup 1 --repeat 3
128,32768,256,6,fp8_fa2,,0.18092800676822662,0.19447467227776846,,,,,ok,,/home/josh/tdm/infer/current/.venv/bin/python /home/josh/tdm/infer/worktrees/flashinfer-nvfp4-kv/benchmarks/bench_nvfp4_fmha_v2_gqa_grouped_attention.py --device 0 --gemma4-shape custom --q-len 128 --kv-len 32768 --head-dim 256 --group-sizes 6 --batch-size 1 --only fp8 --fp4-backend fa2 --fp4-v-layout nhd --fp4-v-sf-layout linear --bf16-backend fa2 --warmup 1 --repeat 3
128,32768,256,6,bf16_fa2,,0.1268160045146942,0.14218666652838388,,,,,ok,,/home/josh/tdm/infer/current/.venv/bin/python /home/josh/tdm/infer/worktrees/flashinfer-nvfp4-kv/benchmarks/bench_nvfp4_fmha_v2_gqa_grouped_attention.py --device 0 --gemma4-shape custom --q-len 128 --kv-len 32768 --head-dim 256 --group-sizes 6 --batch-size 1 --only bf16 --fp4-backend fa2 --fp4-v-layout nhd --fp4-v-sf-layout linear --bf16-backend fa2 --warmup 1 --repeat 3
128,65536,256,6,sm120_fused,2,0.18323199450969696,0.18512000143527985,0.992803692817688,10,6656,50176,ok,,/home/josh/tdm/infer/current/.venv/bin/python /home/josh/tdm/infer/worktrees/flashinfer-nvfp4-kv/benchmarks/bench_sm120_nvfp4_cutlass_fused_attention.py --device 0 --q-len 128 --kv-len 65536 --head-dim 256 --group 6 --split-kv-len 6656 --warmup 1 --repeat 3 --sm120-qkv-online-splitkv-reuse2-full-grid-bench
128,65536,256,6,nvfp4_fa2,,0.3834879994392395,0.3930026690165202,,,,,ok,,/home/josh/tdm/infer/current/.venv/bin/python /home/josh/tdm/infer/worktrees/flashinfer-nvfp4-kv/benchmarks/bench_nvfp4_fmha_v2_gqa_grouped_attention.py --device 0 --gemma4-shape custom --q-len 128 --kv-len 65536 --head-dim 256 --group-sizes 6 --batch-size 1 --only grouped-fp4 --fp4-backend fa2 --fp4-v-layout nhd --fp4-v-sf-layout linear --bf16-backend fa2 --warmup 1 --repeat 3
128,65536,256,6,fp8_fa2,,0.3401600122451782,0.3524159987767537,,,,,ok,,/home/josh/tdm/infer/current/.venv/bin/python /home/josh/tdm/infer/worktrees/flashinfer-nvfp4-kv/benchmarks/bench_nvfp4_fmha_v2_gqa_grouped_attention.py --device 0 --gemma4-shape custom --q-len 128 --kv-len 65536 --head-dim 256 --group-sizes 6 --batch-size 1 --only fp8 --fp4-backend fa2 --fp4-v-layout nhd --fp4-v-sf-layout linear --bf16-backend fa2 --warmup 1 --repeat 3
128,65536,256,6,bf16_fa2,,0.23446400463581085,0.2461013396581014,,,,,ok,,/home/josh/tdm/infer/current/.venv/bin/python /home/josh/tdm/infer/worktrees/flashinfer-nvfp4-kv/benchmarks/bench_nvfp4_fmha_v2_gqa_grouped_attention.py --device 0 --gemma4-shape custom --q-len 128 --kv-len 65536 --head-dim 256 --group-sizes 6 --batch-size 1 --only bf16 --fp4-backend fa2 --fp4-v-layout nhd --fp4-v-sf-layout linear --bf16-backend fa2 --warmup 1 --repeat 3
128,131072,256,6,sm120_fused,2,0.34489598870277405,0.34890665610631305,0.9900637865066528,20,6656,50176,ok,,/home/josh/tdm/infer/current/.venv/bin/python /home/josh/tdm/infer/worktrees/flashinfer-nvfp4-kv/benchmarks/bench_sm120_nvfp4_cutlass_fused_attention.py --device 0 --q-len 128 --kv-len 131072 --head-dim 256 --group 6 --split-kv-len 6656 --warmup 1 --repeat 3 --sm120-qkv-online-splitkv-reuse2-full-grid-bench
128,131072,256,6,nvfp4_fa2,,0.7401599884033203,0.753333330154419,,,,,ok,,/home/josh/tdm/infer/current/.venv/bin/python /home/josh/tdm/infer/worktrees/flashinfer-nvfp4-kv/benchmarks/bench_nvfp4_fmha_v2_gqa_grouped_attention.py --device 0 --gemma4-shape custom --q-len 128 --kv-len 131072 --head-dim 256 --group-sizes 6 --batch-size 1 --only grouped-fp4 --fp4-backend fa2 --fp4-v-layout nhd --fp4-v-sf-layout linear --bf16-backend fa2 --warmup 1 --repeat 3
128,131072,256,6,fp8_fa2,,0.66348797082901,0.6718719800313314,,,,,ok,,/home/josh/tdm/infer/current/.venv/bin/python /home/josh/tdm/infer/worktrees/flashinfer-nvfp4-kv/benchmarks/bench_nvfp4_fmha_v2_gqa_grouped_attention.py --device 0 --gemma4-shape custom --q-len 128 --kv-len 131072 --head-dim 256 --group-sizes 6 --batch-size 1 --only fp8 --fp4-backend fa2 --fp4-v-layout nhd --fp4-v-sf-layout linear --bf16-backend fa2 --warmup 1 --repeat 3
128,131072,256,6,bf16_fa2,,0.4761599898338318,0.4986666639645894,,,,,ok,,/home/josh/tdm/infer/current/.venv/bin/python /home/josh/tdm/infer/worktrees/flashinfer-nvfp4-kv/benchmarks/bench_nvfp4_fmha_v2_gqa_grouped_attention.py --device 0 --gemma4-shape custom --q-len 128 --kv-len 131072 --head-dim 256 --group-sizes 6 --batch-size 1 --only bf16 --fp4-backend fa2 --fp4-v-layout nhd --fp4-v-sf-layout linear --bf16-backend fa2 --warmup 1 --repeat 3
128,262144,256,6,sm120_fused,2,0.5258240103721619,0.5294293363889059,0.9917588829994202,40,6656,50176,ok,,/home/josh/tdm/infer/current/.venv/bin/python /home/josh/tdm/infer/worktrees/flashinfer-nvfp4-kv/benchmarks/bench_sm120_nvfp4_cutlass_fused_attention.py --device 0 --q-len 128 --kv-len 262144 --head-dim 256 --group 6 --split-kv-len 6656 --warmup 1 --repeat 3 --sm120-qkv-online-splitkv-reuse2-full-grid-bench
128,262144,256,6,nvfp4_fa2,,1.4616960287094116,1.472863992055257,,,,,ok,,/home/josh/tdm/infer/current/.venv/bin/python /home/josh/tdm/infer/worktrees/flashinfer-nvfp4-kv/benchmarks/bench_nvfp4_fmha_v2_gqa_grouped_attention.py --device 0 --gemma4-shape custom --q-len 128 --kv-len 262144 --head-dim 256 --group-sizes 6 --batch-size 1 --only grouped-fp4 --fp4-backend fa2 --fp4-v-layout nhd --fp4-v-sf-layout linear --bf16-backend fa2 --warmup 1 --repeat 3
128,262144,256,6,fp8_fa2,,1.3309760093688965,1.341098666191101,,,,,ok,,/home/josh/tdm/infer/current/.venv/bin/python /home/josh/tdm/infer/worktrees/flashinfer-nvfp4-kv/benchmarks/bench_nvfp4_fmha_v2_gqa_grouped_attention.py --device 0 --gemma4-shape custom --q-len 128 --kv-len 262144 --head-dim 256 --group-sizes 6 --batch-size 1 --only fp8 --fp4-backend fa2 --fp4-v-layout nhd --fp4-v-sf-layout linear --bf16-backend fa2 --warmup 1 --repeat 3
128,262144,256,6,bf16_fa2,,0.9450560212135315,0.95442134141922,,,,,ok,,/home/josh/tdm/infer/current/.venv/bin/python /home/josh/tdm/infer/worktrees/flashinfer-nvfp4-kv/benchmarks/bench_nvfp4_fmha_v2_gqa_grouped_attention.py --device 0 --gemma4-shape custom --q-len 128 --kv-len 262144 --head-dim 256 --group-sizes 6 --batch-size 1 --only bf16 --fp4-backend fa2 --fp4-v-layout nhd --fp4-v-sf-layout linear --bf16-backend fa2 --warmup 1 --repeat 3
256,8192,256,6,sm120_fused,2,0.17151999473571777,0.17546666165192923,0.991569459438324,2,6656,50176,ok,,/home/josh/tdm/infer/current/.venv/bin/python /home/josh/tdm/infer/worktrees/flashinfer-nvfp4-kv/benchmarks/bench_sm120_nvfp4_cutlass_fused_attention.py --device 0 --q-len 256 --kv-len 8192 --head-dim 256 --group 6 --split-kv-len 6656 --warmup 1 --repeat 3 --sm120-qkv-online-splitkv-reuse2-full-grid-bench
256,8192,256,6,nvfp4_fa2,,0.11935999989509583,0.13416533172130585,,,,,ok,,/home/josh/tdm/infer/current/.venv/bin/python /home/josh/tdm/infer/worktrees/flashinfer-nvfp4-kv/benchmarks/bench_nvfp4_fmha_v2_gqa_grouped_attention.py --device 0 --gemma4-shape custom --q-len 256 --kv-len 8192 --head-dim 256 --group-sizes 6 --batch-size 1 --only grouped-fp4 --fp4-backend fa2 --fp4-v-layout nhd --fp4-v-sf-layout linear --bf16-backend fa2 --warmup 1 --repeat 3
256,8192,256,6,fp8_fa2,,0.10950399935245514,0.12117333213488261,,,,,ok,,/home/josh/tdm/infer/current/.venv/bin/python /home/josh/tdm/infer/worktrees/flashinfer-nvfp4-kv/benchmarks/bench_nvfp4_fmha_v2_gqa_grouped_attention.py --device 0 --gemma4-shape custom --q-len 256 --kv-len 8192 --head-dim 256 --group-sizes 6 --batch-size 1 --only fp8 --fp4-backend fa2 --fp4-v-layout nhd --fp4-v-sf-layout linear --bf16-backend fa2 --warmup 1 --repeat 3
256,8192,256,6,bf16_fa2,,0.07974400371313095,0.09291733304659526,,,,,ok,,/home/josh/tdm/infer/current/.venv/bin/python /home/josh/tdm/infer/worktrees/flashinfer-nvfp4-kv/benchmarks/bench_nvfp4_fmha_v2_gqa_grouped_attention.py --device 0 --gemma4-shape custom --q-len 256 --kv-len 8192 --head-dim 256 --group-sizes 6 --batch-size 1 --only bf16 --fp4-backend fa2 --fp4-v-layout nhd --fp4-v-sf-layout linear --bf16-backend fa2 --warmup 1 --repeat 3
256,32768,256,6,sm120_fused,2,0.18243199586868286,0.18471466501553854,0.9913692474365234,5,6656,50176,ok,,/home/josh/tdm/infer/current/.venv/bin/python /home/josh/tdm/infer/worktrees/flashinfer-nvfp4-kv/benchmarks/bench_sm120_nvfp4_cutlass_fused_attention.py --device 0 --q-len 256 --kv-len 32768 --head-dim 256 --group 6 --split-kv-len 6656 --warmup 1 --repeat 3 --sm120-qkv-online-splitkv-reuse2-full-grid-bench
256,32768,256,6,nvfp4_fa2,,0.38684800267219543,0.40059733390808105,,,,,ok,,/home/josh/tdm/infer/current/.venv/bin/python /home/josh/tdm/infer/worktrees/flashinfer-nvfp4-kv/benchmarks/bench_nvfp4_fmha_v2_gqa_grouped_attention.py --device 0 --gemma4-shape custom --q-len 256 --kv-len 32768 --head-dim 256 --group-sizes 6 --batch-size 1 --only grouped-fp4 --fp4-backend fa2 --fp4-v-layout nhd --fp4-v-sf-layout linear --bf16-backend fa2 --warmup 1 --repeat 3
256,32768,256,6,fp8_fa2,,0.34598401188850403,0.36108800768852234,,,,,ok,,/home/josh/tdm/infer/current/.venv/bin/python /home/josh/tdm/infer/worktrees/flashinfer-nvfp4-kv/benchmarks/bench_nvfp4_fmha_v2_gqa_grouped_attention.py --device 0 --gemma4-shape custom --q-len 256 --kv-len 32768 --head-dim 256 --group-sizes 6 --batch-size 1 --only fp8 --fp4-backend fa2 --fp4-v-layout nhd --fp4-v-sf-layout linear --bf16-backend fa2 --warmup 1 --repeat 3
256,32768,256,6,bf16_fa2,,0.2396479994058609,0.2513813376426697,,,,,ok,,/home/josh/tdm/infer/current/.venv/bin/python /home/josh/tdm/infer/worktrees/flashinfer-nvfp4-kv/benchmarks/bench_nvfp4_fmha_v2_gqa_grouped_attention.py --device 0 --gemma4-shape custom --q-len 256 --kv-len 32768 --head-dim 256 --group-sizes 6 --batch-size 1 --only bf16 --fp4-backend fa2 --fp4-v-layout nhd --fp4-v-sf-layout linear --bf16-backend fa2 --warmup 1 --repeat 3
256,65536,256,6,sm120_fused,2,0.34467199444770813,0.34730666875839233,0.9929113388061523,10,6656,50176,ok,,/home/josh/tdm/infer/current/.venv/bin/python /home/josh/tdm/infer/worktrees/flashinfer-nvfp4-kv/benchmarks/bench_sm120_nvfp4_cutlass_fused_attention.py --device 0 --q-len 256 --kv-len 65536 --head-dim 256 --group 6 --split-kv-len 6656 --warmup 1 --repeat 3 --sm120-qkv-online-splitkv-reuse2-full-grid-bench
256,65536,256,6,nvfp4_fa2,,0.7493119835853577,0.7632319927215576,,,,,ok,,/home/josh/tdm/infer/current/.venv/bin/python /home/josh/tdm/infer/worktrees/flashinfer-nvfp4-kv/benchmarks/bench_nvfp4_fmha_v2_gqa_grouped_attention.py --device 0 --gemma4-shape custom --q-len 256 --kv-len 65536 --head-dim 256 --group-sizes 6 --batch-size 1 --only grouped-fp4 --fp4-backend fa2 --fp4-v-layout nhd --fp4-v-sf-layout linear --bf16-backend fa2 --warmup 1 --repeat 3
256,65536,256,6,fp8_fa2,,0.6711999773979187,0.6806506514549255,,,,,ok,,/home/josh/tdm/infer/current/.venv/bin/python /home/josh/tdm/infer/worktrees/flashinfer-nvfp4-kv/benchmarks/bench_nvfp4_fmha_v2_gqa_grouped_attention.py --device 0 --gemma4-shape custom --q-len 256 --kv-len 65536 --head-dim 256 --group-sizes 6 --batch-size 1 --only fp8 --fp4-backend fa2 --fp4-v-layout nhd --fp4-v-sf-layout linear --bf16-backend fa2 --warmup 1 --repeat 3
256,65536,256,6,bf16_fa2,,0.464352011680603,0.4751253326733907,,,,,ok,,/home/josh/tdm/infer/current/.venv/bin/python /home/josh/tdm/infer/worktrees/flashinfer-nvfp4-kv/benchmarks/bench_nvfp4_fmha_v2_gqa_grouped_attention.py --device 0 --gemma4-shape custom --q-len 256 --kv-len 65536 --head-dim 256 --group-sizes 6 --batch-size 1 --only bf16 --fp4-backend fa2 --fp4-v-layout nhd --fp4-v-sf-layout linear --bf16-backend fa2 --warmup 1 --repeat 3
256,131072,256,6,sm120_fused,2,0.5252159833908081,0.5277439951896667,0.9900669455528259,20,6656,50176,ok,,/home/josh/tdm/infer/current/.venv/bin/python /home/josh/tdm/infer/worktrees/flashinfer-nvfp4-kv/benchmarks/bench_sm120_nvfp4_cutlass_fused_attention.py --device 0 --q-len 256 --kv-len 131072 --head-dim 256 --group 6 --split-kv-len 6656 --warmup 1 --repeat 3 --sm120-qkv-online-splitkv-reuse2-full-grid-bench
256,131072,256,6,nvfp4_fa2,,1.4958399534225464,1.5037866433461506,,,,,ok,,/home/josh/tdm/infer/current/.venv/bin/python /home/josh/tdm/infer/worktrees/flashinfer-nvfp4-kv/benchmarks/bench_nvfp4_fmha_v2_gqa_grouped_attention.py --device 0 --gemma4-shape custom --q-len 256 --kv-len 131072 --head-dim 256 --group-sizes 6 --batch-size 1 --only grouped-fp4 --fp4-backend fa2 --fp4-v-layout nhd --fp4-v-sf-layout linear --bf16-backend fa2 --warmup 1 --repeat 3
256,131072,256,6,fp8_fa2,,1.3209919929504395,1.329919974009196,,,,,ok,,/home/josh/tdm/infer/current/.venv/bin/python /home/josh/tdm/infer/worktrees/flashinfer-nvfp4-kv/benchmarks/bench_nvfp4_fmha_v2_gqa_grouped_attention.py --device 0 --gemma4-shape custom --q-len 256 --kv-len 131072 --head-dim 256 --group-sizes 6 --batch-size 1 --only fp8 --fp4-backend fa2 --fp4-v-layout nhd --fp4-v-sf-layout linear --bf16-backend fa2 --warmup 1 --repeat 3
256,131072,256,6,bf16_fa2,,0.9312959909439087,0.9438719948132833,,,,,ok,,/home/josh/tdm/infer/current/.venv/bin/python /home/josh/tdm/infer/worktrees/flashinfer-nvfp4-kv/benchmarks/bench_nvfp4_fmha_v2_gqa_grouped_attention.py --device 0 --gemma4-shape custom --q-len 256 --kv-len 131072 --head-dim 256 --group-sizes 6 --batch-size 1 --only bf16 --fp4-backend fa2 --fp4-v-layout nhd --fp4-v-sf-layout linear --bf16-backend fa2 --warmup 1 --repeat 3
256,262144,256,6,sm120_fused,2,0.9514560103416443,0.9540799856185913,0.9916960597038269,40,6656,50176,ok,,/home/josh/tdm/infer/current/.venv/bin/python /home/josh/tdm/infer/worktrees/flashinfer-nvfp4-kv/benchmarks/bench_sm120_nvfp4_cutlass_fused_attention.py --device 0 --q-len 256 --kv-len 262144 --head-dim 256 --group 6 --split-kv-len 6656 --warmup 1 --repeat 3 --sm120-qkv-online-splitkv-reuse2-full-grid-bench
256,262144,256,6,nvfp4_fa2,,2.9507200717926025,2.9647467136383057,,,,,ok,,/home/josh/tdm/infer/current/.venv/bin/python /home/josh/tdm/infer/worktrees/flashinfer-nvfp4-kv/benchmarks/bench_nvfp4_fmha_v2_gqa_grouped_attention.py --device 0 --gemma4-shape custom --q-len 256 --kv-len 262144 --head-dim 256 --group-sizes 6 --batch-size 1 --only grouped-fp4 --fp4-backend fa2 --fp4-v-layout nhd --fp4-v-sf-layout linear --bf16-backend fa2 --warmup 1 --repeat 3
256,262144,256,6,fp8_fa2,,2.6489920616149902,2.6645332972208657,,,,,ok,,/home/josh/tdm/infer/current/.venv/bin/python /home/josh/tdm/infer/worktrees/flashinfer-nvfp4-kv/benchmarks/bench_nvfp4_fmha_v2_gqa_grouped_attention.py --device 0 --gemma4-shape custom --q-len 256 --kv-len 262144 --head-dim 256 --group-sizes 6 --batch-size 1 --only fp8 --fp4-backend fa2 --fp4-v-layout nhd --fp4-v-sf-layout linear --bf16-backend fa2 --warmup 1 --repeat 3
256,262144,256,6,bf16_fa2,,1.8657920360565186,1.8772799968719482,,,,,ok,,/home/josh/tdm/infer/current/.venv/bin/python /home/josh/tdm/infer/worktrees/flashinfer-nvfp4-kv/benchmarks/bench_nvfp4_fmha_v2_gqa_grouped_attention.py --device 0 --gemma4-shape custom --q-len 256 --kv-len 262144 --head-dim 256 --group-sizes 6 --batch-size 1 --only bf16 --fp4-backend fa2 --fp4-v-layout nhd --fp4-v-sf-layout linear --bf16-backend fa2 --warmup 1 --repeat 3
512,8192,256,6,sm120_fused,2,0.17472000420093536,0.1771413336197535,0.9915170669555664,2,6656,50176,ok,,/home/josh/tdm/infer/current/.venv/bin/python /home/josh/tdm/infer/worktrees/flashinfer-nvfp4-kv/benchmarks/bench_sm120_nvfp4_cutlass_fused_attention.py --device 0 --q-len 512 --kv-len 8192 --head-dim 256 --group 6 --split-kv-len 6656 --warmup 1 --repeat 3 --sm120-qkv-online-splitkv-reuse2-full-grid-bench
512,8192,256,6,nvfp4_fa2,,0.21315200626850128,0.22961066663265228,,,,,ok,,/home/josh/tdm/infer/current/.venv/bin/python /home/josh/tdm/infer/worktrees/flashinfer-nvfp4-kv/benchmarks/bench_nvfp4_fmha_v2_gqa_grouped_attention.py --device 0 --gemma4-shape custom --q-len 512 --kv-len 8192 --head-dim 256 --group-sizes 6 --batch-size 1 --only grouped-fp4 --fp4-backend fa2 --fp4-v-layout nhd --fp4-v-sf-layout linear --bf16-backend fa2 --warmup 1 --repeat 3
512,8192,256,6,fp8_fa2,,0.18915200233459473,0.2054933359225591,,,,,ok,,/home/josh/tdm/infer/current/.venv/bin/python /home/josh/tdm/infer/worktrees/flashinfer-nvfp4-kv/benchmarks/bench_nvfp4_fmha_v2_gqa_grouped_attention.py --device 0 --gemma4-shape custom --q-len 512 --kv-len 8192 --head-dim 256 --group-sizes 6 --batch-size 1 --only fp8 --fp4-backend fa2 --fp4-v-layout nhd --fp4-v-sf-layout linear --bf16-backend fa2 --warmup 1 --repeat 3
512,8192,256,6,bf16_fa2,,0.1356479972600937,0.14930133521556854,,,,,ok,,/home/josh/tdm/infer/current/.venv/bin/python /home/josh/tdm/infer/worktrees/flashinfer-nvfp4-kv/benchmarks/bench_nvfp4_fmha_v2_gqa_grouped_attention.py --device 0 --gemma4-shape custom --q-len 512 --kv-len 8192 --head-dim 256 --group-sizes 6 --batch-size 1 --only bf16 --fp4-backend fa2 --fp4-v-layout nhd --fp4-v-sf-layout linear --bf16-backend fa2 --warmup 1 --repeat 3
512,32768,256,6,sm120_fused,2,0.3433600068092346,0.3471360107262929,0.991349995136261,5,6656,50176,ok,,/home/josh/tdm/infer/current/.venv/bin/python /home/josh/tdm/infer/worktrees/flashinfer-nvfp4-kv/benchmarks/bench_sm120_nvfp4_cutlass_fused_attention.py --device 0 --q-len 512 --kv-len 32768 --head-dim 256 --group 6 --split-kv-len 6656 --warmup 1 --repeat 3 --sm120-qkv-online-splitkv-reuse2-full-grid-bench
512,32768,256,6,nvfp4_fa2,,0.7772799730300903,0.7946666479110718,,,,,ok,,/home/josh/tdm/infer/current/.venv/bin/python /home/josh/tdm/infer/worktrees/flashinfer-nvfp4-kv/benchmarks/bench_nvfp4_fmha_v2_gqa_grouped_attention.py --device 0 --gemma4-shape custom --q-len 512 --kv-len 32768 --head-dim 256 --group-sizes 6 --batch-size 1 --only grouped-fp4 --fp4-backend fa2 --fp4-v-layout nhd --fp4-v-sf-layout linear --bf16-backend fa2 --warmup 1 --repeat 3
512,32768,256,6,fp8_fa2,,0.6977599859237671,0.7091839909553528,,,,,ok,,/home/josh/tdm/infer/current/.venv/bin/python /home/josh/tdm/infer/worktrees/flashinfer-nvfp4-kv/benchmarks/bench_nvfp4_fmha_v2_gqa_grouped_attention.py --device 0 --gemma4-shape custom --q-len 512 --kv-len 32768 --head-dim 256 --group-sizes 6 --batch-size 1 --only fp8 --fp4-backend fa2 --fp4-v-layout nhd --fp4-v-sf-layout linear --bf16-backend fa2 --warmup 1 --repeat 3
512,32768,256,6,bf16_fa2,,0.4806399941444397,0.49293866753578186,,,,,ok,,/home/josh/tdm/infer/current/.venv/bin/python /home/josh/tdm/infer/worktrees/flashinfer-nvfp4-kv/benchmarks/bench_nvfp4_fmha_v2_gqa_grouped_attention.py --device 0 --gemma4-shape custom --q-len 512 --kv-len 32768 --head-dim 256 --group-sizes 6 --batch-size 1 --only bf16 --fp4-backend fa2 --fp4-v-layout nhd --fp4-v-sf-layout linear --bf16-backend fa2 --warmup 1 --repeat 3
512,65536,256,6,sm120_fused,2,0.5193600058555603,0.5243626634279887,0.9929371476173401,10,6656,50176,ok,,/home/josh/tdm/infer/current/.venv/bin/python /home/josh/tdm/infer/worktrees/flashinfer-nvfp4-kv/benchmarks/bench_sm120_nvfp4_cutlass_fused_attention.py --device 0 --q-len 512 --kv-len 65536 --head-dim 256 --group 6 --split-kv-len 6656 --warmup 1 --repeat 3 --sm120-qkv-online-splitkv-reuse2-full-grid-bench
512,65536,256,6,nvfp4_fa2,,1.541759967803955,1.550719976425171,,,,,ok,,/home/josh/tdm/infer/current/.venv/bin/python /home/josh/tdm/infer/worktrees/flashinfer-nvfp4-kv/benchmarks/bench_nvfp4_fmha_v2_gqa_grouped_attention.py --device 0 --gemma4-shape custom --q-len 512 --kv-len 65536 --head-dim 256 --group-sizes 6 --batch-size 1 --only grouped-fp4 --fp4-backend fa2 --fp4-v-layout nhd --fp4-v-sf-layout linear --bf16-backend fa2 --warmup 1 --repeat 3
512,65536,256,6,fp8_fa2,,1.3685120344161987,1.3842453559239705,,,,,ok,,/home/josh/tdm/infer/current/.venv/bin/python /home/josh/tdm/infer/worktrees/flashinfer-nvfp4-kv/benchmarks/bench_nvfp4_fmha_v2_gqa_grouped_attention.py --device 0 --gemma4-shape custom --q-len 512 --kv-len 65536 --head-dim 256 --group-sizes 6 --batch-size 1 --only fp8 --fp4-backend fa2 --fp4-v-layout nhd --fp4-v-sf-layout linear --bf16-backend fa2 --warmup 1 --repeat 3
512,65536,256,6,bf16_fa2,,0.9423040151596069,0.9557760159174601,,,,,ok,,/home/josh/tdm/infer/current/.venv/bin/python /home/josh/tdm/infer/worktrees/flashinfer-nvfp4-kv/benchmarks/bench_nvfp4_fmha_v2_gqa_grouped_attention.py --device 0 --gemma4-shape custom --q-len 512 --kv-len 65536 --head-dim 256 --group-sizes 6 --batch-size 1 --only bf16 --fp4-backend fa2 --fp4-v-layout nhd --fp4-v-sf-layout linear --bf16-backend fa2 --warmup 1 --repeat 3
512,131072,256,6,sm120_fused,2,0.9518719911575317,0.9573973417282104,0.9900137186050415,20,6656,50176,ok,,/home/josh/tdm/infer/current/.venv/bin/python /home/josh/tdm/infer/worktrees/flashinfer-nvfp4-kv/benchmarks/bench_sm120_nvfp4_cutlass_fused_attention.py --device 0 --q-len 512 --kv-len 131072 --head-dim 256 --group 6 --split-kv-len 6656 --warmup 1 --repeat 3 --sm120-qkv-online-splitkv-reuse2-full-grid-bench
512,131072,256,6,nvfp4_fa2,,3.056096076965332,3.067296028137207,,,,,ok,,/home/josh/tdm/infer/current/.venv/bin/python /home/josh/tdm/infer/worktrees/flashinfer-nvfp4-kv/benchmarks/bench_nvfp4_fmha_v2_gqa_grouped_attention.py --device 0 --gemma4-shape custom --q-len 512 --kv-len 131072 --head-dim 256 --group-sizes 6 --batch-size 1 --only grouped-fp4 --fp4-backend fa2 --fp4-v-layout nhd --fp4-v-sf-layout linear --bf16-backend fa2 --warmup 1 --repeat 3
512,131072,256,6,fp8_fa2,,2.7281599044799805,2.7423466046651206,,,,,ok,,/home/josh/tdm/infer/current/.venv/bin/python /home/josh/tdm/infer/worktrees/flashinfer-nvfp4-kv/benchmarks/bench_nvfp4_fmha_v2_gqa_grouped_attention.py --device 0 --gemma4-shape custom --q-len 512 --kv-len 131072 --head-dim 256 --group-sizes 6 --batch-size 1 --only fp8 --fp4-backend fa2 --fp4-v-layout nhd --fp4-v-sf-layout linear --bf16-backend fa2 --warmup 1 --repeat 3
512,131072,256,6,bf16_fa2,,1.8980799913406372,1.9074880282084148,,,,,ok,,/home/josh/tdm/infer/current/.venv/bin/python /home/josh/tdm/infer/worktrees/flashinfer-nvfp4-kv/benchmarks/bench_nvfp4_fmha_v2_gqa_grouped_attention.py --device 0 --gemma4-shape custom --q-len 512 --kv-len 131072 --head-dim 256 --group-sizes 6 --batch-size 1 --only bf16 --fp4-backend fa2 --fp4-v-layout nhd --fp4-v-sf-layout linear --bf16-backend fa2 --warmup 1 --repeat 3
512,262144,256,6,sm120_fused,2,1.9049919843673706,1.9085653225580852,0.9917919635772705,40,6656,50176,ok,,/home/josh/tdm/infer/current/.venv/bin/python /home/josh/tdm/infer/worktrees/flashinfer-nvfp4-kv/benchmarks/bench_sm120_nvfp4_cutlass_fused_attention.py --device 0 --q-len 512 --kv-len 262144 --head-dim 256 --group 6 --split-kv-len 6656 --warmup 1 --repeat 3 --sm120-qkv-online-splitkv-reuse2-full-grid-bench
512,262144,256,6,nvfp4_fa2,,6.0775041580200195,6.087786833445231,,,,,ok,,/home/josh/tdm/infer/current/.venv/bin/python /home/josh/tdm/infer/worktrees/flashinfer-nvfp4-kv/benchmarks/bench_nvfp4_fmha_v2_gqa_grouped_attention.py --device 0 --gemma4-shape custom --q-len 512 --kv-len 262144 --head-dim 256 --group-sizes 6 --batch-size 1 --only grouped-fp4 --fp4-backend fa2 --fp4-v-layout nhd --fp4-v-sf-layout linear --bf16-backend fa2 --warmup 1 --repeat 3
512,262144,256,6,fp8_fa2,,5.471648216247559,5.483018716176351,,,,,ok,,/home/josh/tdm/infer/current/.venv/bin/python /home/josh/tdm/infer/worktrees/flashinfer-nvfp4-kv/benchmarks/bench_nvfp4_fmha_v2_gqa_grouped_attention.py --device 0 --gemma4-shape custom --q-len 512 --kv-len 262144 --head-dim 256 --group-sizes 6 --batch-size 1 --only fp8 --fp4-backend fa2 --fp4-v-layout nhd --fp4-v-sf-layout linear --bf16-backend fa2 --warmup 1 --repeat 3
512,262144,256,6,bf16_fa2,,3.785696029663086,3.8022186756134033,,,,,ok,,/home/josh/tdm/infer/current/.venv/bin/python /home/josh/tdm/infer/worktrees/flashinfer-nvfp4-kv/benchmarks/bench_nvfp4_fmha_v2_gqa_grouped_attention.py --device 0 --gemma4-shape custom --q-len 512 --kv-len 262144 --head-dim 256 --group-sizes 6 --batch-size 1 --only bf16 --fp4-backend fa2 --fp4-v-layout nhd --fp4-v-sf-layout linear --bf16-backend fa2 --warmup 1 --repeat 3
1024,8192,256,6,sm120_fused,2,0.18588800728321075,0.19111466904481253,0.9900044798851013,2,6656,50176,ok,,/home/josh/tdm/infer/current/.venv/bin/python /home/josh/tdm/infer/worktrees/flashinfer-nvfp4-kv/benchmarks/bench_sm120_nvfp4_cutlass_fused_attention.py --device 0 --q-len 1024 --kv-len 8192 --head-dim 256 --group 6 --split-kv-len 6656 --warmup 1 --repeat 3 --sm120-qkv-online-splitkv-reuse2-full-grid-bench
1024,8192,256,6,nvfp4_fa2,,0.43769600987434387,0.45367467403411865,,,,,ok,,/home/josh/tdm/infer/current/.venv/bin/python /home/josh/tdm/infer/worktrees/flashinfer-nvfp4-kv/benchmarks/bench_nvfp4_fmha_v2_gqa_grouped_attention.py --device 0 --gemma4-shape custom --q-len 1024 --kv-len 8192 --head-dim 256 --group-sizes 6 --batch-size 1 --only grouped-fp4 --fp4-backend fa2 --fp4-v-layout nhd --fp4-v-sf-layout linear --bf16-backend fa2 --warmup 1 --repeat 3
1024,8192,256,6,fp8_fa2,,0.3861120045185089,0.40359466274579364,,,,,ok,,/home/josh/tdm/infer/current/.venv/bin/python /home/josh/tdm/infer/worktrees/flashinfer-nvfp4-kv/benchmarks/bench_nvfp4_fmha_v2_gqa_grouped_attention.py --device 0 --gemma4-shape custom --q-len 1024 --kv-len 8192 --head-dim 256 --group-sizes 6 --batch-size 1 --only fp8 --fp4-backend fa2 --fp4-v-layout nhd --fp4-v-sf-layout linear --bf16-backend fa2 --warmup 1 --repeat 3
1024,8192,256,6,bf16_fa2,,0.27132800221443176,0.28614399830500287,,,,,ok,,/home/josh/tdm/infer/current/.venv/bin/python /home/josh/tdm/infer/worktrees/flashinfer-nvfp4-kv/benchmarks/bench_nvfp4_fmha_v2_gqa_grouped_attention.py --device 0 --gemma4-shape custom --q-len 1024 --kv-len 8192 --head-dim 256 --group-sizes 6 --batch-size 1 --only bf16 --fp4-backend fa2 --fp4-v-layout nhd --fp4-v-sf-layout linear --bf16-backend fa2 --warmup 1 --repeat 3
1024,32768,256,6,sm120_fused,2,0.5167040228843689,0.5202239950497946,0.9919577240943909,5,6656,50176,ok,,/home/josh/tdm/infer/current/.venv/bin/python /home/josh/tdm/infer/worktrees/flashinfer-nvfp4-kv/benchmarks/bench_sm120_nvfp4_cutlass_fused_attention.py --device 0 --q-len 1024 --kv-len 32768 --head-dim 256 --group 6 --split-kv-len 6656 --warmup 1 --repeat 3 --sm120-qkv-online-splitkv-reuse2-full-grid-bench
1024,32768,256,6,nvfp4_fa2,,1.703328013420105,1.7168746789296467,,,,,ok,,/home/josh/tdm/infer/current/.venv/bin/python /home/josh/tdm/infer/worktrees/flashinfer-nvfp4-kv/benchmarks/bench_nvfp4_fmha_v2_gqa_grouped_attention.py --device 0 --gemma4-shape custom --q-len 1024 --kv-len 32768 --head-dim 256 --group-sizes 6 --batch-size 1 --only grouped-fp4 --fp4-backend fa2 --fp4-v-layout nhd --fp4-v-sf-layout linear --bf16-backend fa2 --warmup 1 --repeat 3
1024,32768,256,6,fp8_fa2,,1.4932479858398438,1.5091519753138225,,,,,ok,,/home/josh/tdm/infer/current/.venv/bin/python /home/josh/tdm/infer/worktrees/flashinfer-nvfp4-kv/benchmarks/bench_nvfp4_fmha_v2_gqa_grouped_attention.py --device 0 --gemma4-shape custom --q-len 1024 --kv-len 32768 --head-dim 256 --group-sizes 6 --batch-size 1 --only fp8 --fp4-backend fa2 --fp4-v-layout nhd --fp4-v-sf-layout linear --bf16-backend fa2 --warmup 1 --repeat 3
1024,32768,256,6,bf16_fa2,,1.031775951385498,1.0464853048324585,,,,,ok,,/home/josh/tdm/infer/current/.venv/bin/python /home/josh/tdm/infer/worktrees/flashinfer-nvfp4-kv/benchmarks/bench_nvfp4_fmha_v2_gqa_grouped_attention.py --device 0 --gemma4-shape custom --q-len 1024 --kv-len 32768 --head-dim 256 --group-sizes 6 --batch-size 1 --only bf16 --fp4-backend fa2 --fp4-v-layout nhd --fp4-v-sf-layout linear --bf16-backend fa2 --warmup 1 --repeat 3
1024,65536,256,6,sm120_fused,2,0.9939839839935303,0.9959680040677389,0.9930031895637512,10,6656,50176,ok,,/home/josh/tdm/infer/current/.venv/bin/python /home/josh/tdm/infer/worktrees/flashinfer-nvfp4-kv/benchmarks/bench_sm120_nvfp4_cutlass_fused_attention.py --device 0 --q-len 1024 --kv-len 65536 --head-dim 256 --group 6 --split-kv-len 6656 --warmup 1 --repeat 3 --sm120-qkv-online-splitkv-reuse2-full-grid-bench
1024,65536,256,6,nvfp4_fa2,,3.3638079166412354,3.3768533070882163,,,,,ok,,/home/josh/tdm/infer/current/.venv/bin/python /home/josh/tdm/infer/worktrees/flashinfer-nvfp4-kv/benchmarks/bench_nvfp4_fmha_v2_gqa_grouped_attention.py --device 0 --gemma4-shape custom --q-len 1024 --kv-len 65536 --head-dim 256 --group-sizes 6 --batch-size 1 --only grouped-fp4 --fp4-backend fa2 --fp4-v-layout nhd --fp4-v-sf-layout linear --bf16-backend fa2 --warmup 1 --repeat 3
1024,65536,256,6,fp8_fa2,,2.9597439765930176,2.9725546836853027,,,,,ok,,/home/josh/tdm/infer/current/.venv/bin/python /home/josh/tdm/infer/worktrees/flashinfer-nvfp4-kv/benchmarks/bench_nvfp4_fmha_v2_gqa_grouped_attention.py --device 0 --gemma4-shape custom --q-len 1024 --kv-len 65536 --head-dim 256 --group-sizes 6 --batch-size 1 --only fp8 --fp4-backend fa2 --fp4-v-layout nhd --fp4-v-sf-layout linear --bf16-backend fa2 --warmup 1 --repeat 3
1024,65536,256,6,bf16_fa2,,2.041951894760132,2.0570665995279946,,,,,ok,,/home/josh/tdm/infer/current/.venv/bin/python /home/josh/tdm/infer/worktrees/flashinfer-nvfp4-kv/benchmarks/bench_nvfp4_fmha_v2_gqa_grouped_attention.py --device 0 --gemma4-shape custom --q-len 1024 --kv-len 65536 --head-dim 256 --group-sizes 6 --batch-size 1 --only bf16 --fp4-backend fa2 --fp4-v-layout nhd --fp4-v-sf-layout linear --bf16-backend fa2 --warmup 1 --repeat 3
1024,131072,256,6,sm120_fused,2,1.8379839658737183,1.8410773277282715,0.9901687502861023,20,6656,50176,ok,,/home/josh/tdm/infer/current/.venv/bin/python /home/josh/tdm/infer/worktrees/flashinfer-nvfp4-kv/benchmarks/bench_sm120_nvfp4_cutlass_fused_attention.py --device 0 --q-len 1024 --kv-len 131072 --head-dim 256 --group 6 --split-kv-len 6656 --warmup 1 --repeat 3 --sm120-qkv-online-splitkv-reuse2-full-grid-bench
1024,131072,256,6,nvfp4_fa2,,6.673759937286377,6.699295997619629,,,,,ok,,/home/josh/tdm/infer/current/.venv/bin/python /home/josh/tdm/infer/worktrees/flashinfer-nvfp4-kv/benchmarks/bench_nvfp4_fmha_v2_gqa_grouped_attention.py --device 0 --gemma4-shape custom --q-len 1024 --kv-len 131072 --head-dim 256 --group-sizes 6 --batch-size 1 --only grouped-fp4 --fp4-backend fa2 --fp4-v-layout nhd --fp4-v-sf-layout linear --bf16-backend fa2 --warmup 1 --repeat 3
1024,131072,256,6,fp8_fa2,,5.88431978225708,5.893813292185466,,,,,ok,,/home/josh/tdm/infer/current/.venv/bin/python /home/josh/tdm/infer/worktrees/flashinfer-nvfp4-kv/benchmarks/bench_nvfp4_fmha_v2_gqa_grouped_attention.py --device 0 --gemma4-shape custom --q-len 1024 --kv-len 131072 --head-dim 256 --group-sizes 6 --batch-size 1 --only fp8 --fp4-backend fa2 --fp4-v-layout nhd --fp4-v-sf-layout linear --bf16-backend fa2 --warmup 1 --repeat 3
1024,131072,256,6,bf16_fa2,,4.095808029174805,4.105727990468343,,,,,ok,,/home/josh/tdm/infer/current/.venv/bin/python /home/josh/tdm/infer/worktrees/flashinfer-nvfp4-kv/benchmarks/bench_nvfp4_fmha_v2_gqa_grouped_attention.py --device 0 --gemma4-shape custom --q-len 1024 --kv-len 131072 --head-dim 256 --group-sizes 6 --batch-size 1 --only bf16 --fp4-backend fa2 --fp4-v-layout nhd --fp4-v-sf-layout linear --bf16-backend fa2 --warmup 1 --repeat 3
1024,262144,256,6,sm120_fused,2,3.827807903289795,3.8296106656392417,0.9919442534446716,40,6656,50176,ok,,/home/josh/tdm/infer/current/.venv/bin/python /home/josh/tdm/infer/worktrees/flashinfer-nvfp4-kv/benchmarks/bench_sm120_nvfp4_cutlass_fused_attention.py --device 0 --q-len 1024 --kv-len 262144 --head-dim 256 --group 6 --split-kv-len 6656 --warmup 1 --repeat 3 --sm120-qkv-online-splitkv-reuse2-full-grid-bench
1024,262144,256,6,nvfp4_fa2,,13.319647789001465,13.328469276428223,,,,,ok,,/home/josh/tdm/infer/current/.venv/bin/python /home/josh/tdm/infer/worktrees/flashinfer-nvfp4-kv/benchmarks/bench_nvfp4_fmha_v2_gqa_grouped_attention.py --device 0 --gemma4-shape custom --q-len 1024 --kv-len 262144 --head-dim 256 --group-sizes 6 --batch-size 1 --only grouped-fp4 --fp4-backend fa2 --fp4-v-layout nhd --fp4-v-sf-layout linear --bf16-backend fa2 --warmup 1 --repeat 3
1024,262144,256,6,fp8_fa2,,11.754688262939453,11.784501393636068,,,,,ok,,/home/josh/tdm/infer/current/.venv/bin/python /home/josh/tdm/infer/worktrees/flashinfer-nvfp4-kv/benchmarks/bench_nvfp4_fmha_v2_gqa_grouped_attention.py --device 0 --gemma4-shape custom --q-len 1024 --kv-len 262144 --head-dim 256 --group-sizes 6 --batch-size 1 --only fp8 --fp4-backend fa2 --fp4-v-layout nhd --fp4-v-sf-layout linear --bf16-backend fa2 --warmup 1 --repeat 3
1024,262144,256,6,bf16_fa2,,8.172224044799805,8.189568201700846,,,,,ok,,/home/josh/tdm/infer/current/.venv/bin/python /home/josh/tdm/infer/worktrees/flashinfer-nvfp4-kv/benchmarks/bench_nvfp4_fmha_v2_gqa_grouped_attention.py --device 0 --gemma4-shape custom --q-len 1024 --kv-len 262144 --head-dim 256 --group-sizes 6 --batch-size 1 --only bf16 --fp4-backend fa2 --fp4-v-layout nhd --fp4-v-sf-layout linear --bf16-backend fa2 --warmup 1 --repeat 3
2048,8192,256,6,sm120_fused,2,0.35094401240348816,0.35545600454012555,0.9896849393844604,2,6656,50176,ok,,/home/josh/tdm/infer/current/.venv/bin/python /home/josh/tdm/infer/worktrees/flashinfer-nvfp4-kv/benchmarks/bench_sm120_nvfp4_cutlass_fused_attention.py --device 0 --q-len 2048 --kv-len 8192 --head-dim 256 --group 6 --split-kv-len 6656 --warmup 1 --repeat 3 --sm120-qkv-online-splitkv-reuse2-full-grid-bench
2048,8192,256,6,nvfp4_fa2,,1.0824320316314697,1.098965326944987,,,,,ok,,/home/josh/tdm/infer/current/.venv/bin/python /home/josh/tdm/infer/worktrees/flashinfer-nvfp4-kv/benchmarks/bench_nvfp4_fmha_v2_gqa_grouped_attention.py --device 0 --gemma4-shape custom --q-len 2048 --kv-len 8192 --head-dim 256 --group-sizes 6 --batch-size 1 --only grouped-fp4 --fp4-backend fa2 --fp4-v-layout nhd --fp4-v-sf-layout linear --bf16-backend fa2 --warmup 1 --repeat 3
2048,8192,256,6,fp8_fa2,,0.9439679980278015,0.9583466649055481,,,,,ok,,/home/josh/tdm/infer/current/.venv/bin/python /home/josh/tdm/infer/worktrees/flashinfer-nvfp4-kv/benchmarks/bench_nvfp4_fmha_v2_gqa_grouped_attention.py --device 0 --gemma4-shape custom --q-len 2048 --kv-len 8192 --head-dim 256 --group-sizes 6 --batch-size 1 --only fp8 --fp4-backend fa2 --fp4-v-layout nhd --fp4-v-sf-layout linear --bf16-backend fa2 --warmup 1 --repeat 3
2048,8192,256,6,bf16_fa2,,0.6463040113449097,0.6591253479321798,,,,,ok,,/home/josh/tdm/infer/current/.venv/bin/python /home/josh/tdm/infer/worktrees/flashinfer-nvfp4-kv/benchmarks/bench_nvfp4_fmha_v2_gqa_grouped_attention.py --device 0 --gemma4-shape custom --q-len 2048 --kv-len 8192 --head-dim 256 --group-sizes 6 --batch-size 1 --only bf16 --fp4-backend fa2 --fp4-v-layout nhd --fp4-v-sf-layout linear --bf16-backend fa2 --warmup 1 --repeat 3
2048,32768,256,6,sm120_fused,2,1.0075199604034424,1.0100799798965454,0.9906749129295349,5,6656,50176,ok,,/home/josh/tdm/infer/current/.venv/bin/python /home/josh/tdm/infer/worktrees/flashinfer-nvfp4-kv/benchmarks/bench_sm120_nvfp4_cutlass_fused_attention.py --device 0 --q-len 2048 --kv-len 32768 --head-dim 256 --group 6 --split-kv-len 6656 --warmup 1 --repeat 3 --sm120-qkv-online-splitkv-reuse2-full-grid-bench
2048,32768,256,6,nvfp4_fa2,,4.641664028167725,4.6515733400980634,,,,,ok,,/home/josh/tdm/infer/current/.venv/bin/python /home/josh/tdm/infer/worktrees/flashinfer-nvfp4-kv/benchmarks/bench_nvfp4_fmha_v2_gqa_grouped_attention.py --device 0 --gemma4-shape custom --q-len 2048 --kv-len 32768 --head-dim 256 --group-sizes 6 --batch-size 1 --only grouped-fp4 --fp4-backend fa2 --fp4-v-layout nhd --fp4-v-sf-layout linear --bf16-backend fa2 --warmup 1 --repeat 3
2048,32768,256,6,fp8_fa2,,4.046559810638428,4.060181140899658,,,,,ok,,/home/josh/tdm/infer/current/.venv/bin/python /home/josh/tdm/infer/worktrees/flashinfer-nvfp4-kv/benchmarks/bench_nvfp4_fmha_v2_gqa_grouped_attention.py --device 0 --gemma4-shape custom --q-len 2048 --kv-len 32768 --head-dim 256 --group-sizes 6 --batch-size 1 --only fp8 --fp4-backend fa2 --fp4-v-layout nhd --fp4-v-sf-layout linear --bf16-backend fa2 --warmup 1 --repeat 3
2048,32768,256,6,bf16_fa2,,2.779103994369507,2.8673386573791504,,,,,ok,,/home/josh/tdm/infer/current/.venv/bin/python /home/josh/tdm/infer/worktrees/flashinfer-nvfp4-kv/benchmarks/bench_nvfp4_fmha_v2_gqa_grouped_attention.py --device 0 --gemma4-shape custom --q-len 2048 --kv-len 32768 --head-dim 256 --group-sizes 6 --batch-size 1 --only bf16 --fp4-backend fa2 --fp4-v-layout nhd --fp4-v-sf-layout linear --bf16-backend fa2 --warmup 1 --repeat 3
2048,65536,256,6,sm120_fused,2,1.8617279529571533,1.8651093244552612,0.9925605058670044,10,6656,50176,ok,,/home/josh/tdm/infer/current/.venv/bin/python /home/josh/tdm/infer/worktrees/flashinfer-nvfp4-kv/benchmarks/bench_sm120_nvfp4_cutlass_fused_attention.py --device 0 --q-len 2048 --kv-len 65536 --head-dim 256 --group 6 --split-kv-len 6656 --warmup 1 --repeat 3 --sm120-qkv-online-splitkv-reuse2-full-grid-bench
2048,65536,256,6,nvfp4_fa2,,9.370047569274902,9.388586362202963,,,,,ok,,/home/josh/tdm/infer/current/.venv/bin/python /home/josh/tdm/infer/worktrees/flashinfer-nvfp4-kv/benchmarks/bench_nvfp4_fmha_v2_gqa_grouped_attention.py --device 0 --gemma4-shape custom --q-len 2048 --kv-len 65536 --head-dim 256 --group-sizes 6 --batch-size 1 --only grouped-fp4 --fp4-backend fa2 --fp4-v-layout nhd --fp4-v-sf-layout linear --bf16-backend fa2 --warmup 1 --repeat 3
2048,65536,256,6,fp8_fa2,,8.191264152526855,8.217301368713379,,,,,ok,,/home/josh/tdm/infer/current/.venv/bin/python /home/josh/tdm/infer/worktrees/flashinfer-nvfp4-kv/benchmarks/bench_nvfp4_fmha_v2_gqa_grouped_attention.py --device 0 --gemma4-shape custom --q-len 2048 --kv-len 65536 --head-dim 256 --group-sizes 6 --batch-size 1 --only fp8 --fp4-backend fa2 --fp4-v-layout nhd --fp4-v-sf-layout linear --bf16-backend fa2 --warmup 1 --repeat 3
2048,65536,256,6,bf16_fa2,,5.611551761627197,5.62392520904541,,,,,ok,,/home/josh/tdm/infer/current/.venv/bin/python /home/josh/tdm/infer/worktrees/flashinfer-nvfp4-kv/benchmarks/bench_nvfp4_fmha_v2_gqa_grouped_attention.py --device 0 --gemma4-shape custom --q-len 2048 --kv-len 65536 --head-dim 256 --group-sizes 6 --batch-size 1 --only bf16 --fp4-backend fa2 --fp4-v-layout nhd --fp4-v-sf-layout linear --bf16-backend fa2 --warmup 1 --repeat 3
2048,131072,256,6,sm120_fused,2,3.8348801136016846,3.836629311243693,0.9905765652656555,20,6656,50176,ok,,/home/josh/tdm/infer/current/.venv/bin/python /home/josh/tdm/infer/worktrees/flashinfer-nvfp4-kv/benchmarks/bench_sm120_nvfp4_cutlass_fused_attention.py --device 0 --q-len 2048 --kv-len 131072 --head-dim 256 --group 6 --split-kv-len 6656 --warmup 1 --repeat 3 --sm120-qkv-online-splitkv-reuse2-full-grid-bench
2048,131072,256,6,nvfp4_fa2,,18.835296630859375,18.870453516642254,,,,,ok,,/home/josh/tdm/infer/current/.venv/bin/python /home/josh/tdm/infer/worktrees/flashinfer-nvfp4-kv/benchmarks/bench_nvfp4_fmha_v2_gqa_grouped_attention.py --device 0 --gemma4-shape custom --q-len 2048 --kv-len 131072 --head-dim 256 --group-sizes 6 --batch-size 1 --only grouped-fp4 --fp4-backend fa2 --fp4-v-layout nhd --fp4-v-sf-layout linear --bf16-backend fa2 --warmup 1 --repeat 3
2048,131072,256,6,fp8_fa2,,16.496864318847656,16.500991821289062,,,,,ok,,/home/josh/tdm/infer/current/.venv/bin/python /home/josh/tdm/infer/worktrees/flashinfer-nvfp4-kv/benchmarks/bench_nvfp4_fmha_v2_gqa_grouped_attention.py --device 0 --gemma4-shape custom --q-len 2048 --kv-len 131072 --head-dim 256 --group-sizes 6 --batch-size 1 --only fp8 --fp4-backend fa2 --fp4-v-layout nhd --fp4-v-sf-layout linear --bf16-backend fa2 --warmup 1 --repeat 3
2048,131072,256,6,bf16_fa2,,11.06710433959961,11.079594930013021,,,,,ok,,/home/josh/tdm/infer/current/.venv/bin/python /home/josh/tdm/infer/worktrees/flashinfer-nvfp4-kv/benchmarks/bench_nvfp4_fmha_v2_gqa_grouped_attention.py --device 0 --gemma4-shape custom --q-len 2048 --kv-len 131072 --head-dim 256 --group-sizes 6 --batch-size 1 --only bf16 --fp4-backend fa2 --fp4-v-layout nhd --fp4-v-sf-layout linear --bf16-backend fa2 --warmup 1 --repeat 3
2048,262144,256,6,sm120_fused,2,7.678112030029297,7.682656129201253,0.992501974105835,40,6656,50176,ok,,/home/josh/tdm/infer/current/.venv/bin/python /home/josh/tdm/infer/worktrees/flashinfer-nvfp4-kv/benchmarks/bench_sm120_nvfp4_cutlass_fused_attention.py --device 0 --q-len 2048 --kv-len 262144 --head-dim 256 --group 6 --split-kv-len 6656 --warmup 1 --repeat 3 --sm120-qkv-online-splitkv-reuse2-full-grid-bench
2048,262144,256,6,nvfp4_fa2,,37.819969177246094,37.834208170572914,,,,,ok,,/home/josh/tdm/infer/current/.venv/bin/python /home/josh/tdm/infer/worktrees/flashinfer-nvfp4-kv/benchmarks/bench_nvfp4_fmha_v2_gqa_grouped_attention.py --device 0 --gemma4-shape custom --q-len 2048 --kv-len 262144 --head-dim 256 --group-sizes 6 --batch-size 1 --only grouped-fp4 --fp4-backend fa2 --fp4-v-layout nhd --fp4-v-sf-layout linear --bf16-backend fa2 --warmup 1 --repeat 3
2048,262144,256,6,fp8_fa2,,33.111297607421875,33.13898722330729,,,,,ok,,/home/josh/tdm/infer/current/.venv/bin/python /home/josh/tdm/infer/worktrees/flashinfer-nvfp4-kv/benchmarks/bench_nvfp4_fmha_v2_gqa_grouped_attention.py --device 0 --gemma4-shape custom --q-len 2048 --kv-len 262144 --head-dim 256 --group-sizes 6 --batch-size 1 --only fp8 --fp4-backend fa2 --fp4-v-layout nhd --fp4-v-sf-layout linear --bf16-backend fa2 --warmup 1 --repeat 3
2048,262144,256,6,bf16_fa2,,21.97724723815918,21.985663731892902,,,,,ok,,/home/josh/tdm/infer/current/.venv/bin/python /home/josh/tdm/infer/worktrees/flashinfer-nvfp4-kv/benchmarks/bench_nvfp4_fmha_v2_gqa_grouped_attention.py --device 0 --gemma4-shape custom --q-len 2048 --kv-len 262144 --head-dim 256 --group-sizes 6 --batch-size 1 --only bf16 --fp4-backend fa2 --fp4-v-layout nhd --fp4-v-sf-layout linear --bf16-backend fa2 --warmup 1 --repeat 3
4096,8192,256,6,sm120_fused,2,0.5338240265846252,0.5391466816266378,0.9900211691856384,2,6656,50176,ok,,/home/josh/tdm/infer/current/.venv/bin/python /home/josh/tdm/infer/worktrees/flashinfer-nvfp4-kv/benchmarks/bench_sm120_nvfp4_cutlass_fused_attention.py --device 0 --q-len 4096 --kv-len 8192 --head-dim 256 --group 6 --split-kv-len 6656 --warmup 1 --repeat 3 --sm120-qkv-online-splitkv-reuse2-full-grid-bench
4096,8192,256,6,nvfp4_fa2,,1.5003199577331543,1.5132373174031575,,,,,ok,,/home/josh/tdm/infer/current/.venv/bin/python /home/josh/tdm/infer/worktrees/flashinfer-nvfp4-kv/benchmarks/bench_nvfp4_fmha_v2_gqa_grouped_attention.py --device 0 --gemma4-shape custom --q-len 4096 --kv-len 8192 --head-dim 256 --group-sizes 6 --batch-size 1 --only grouped-fp4 --fp4-backend fa2 --fp4-v-layout nhd --fp4-v-sf-layout linear --bf16-backend fa2 --warmup 1 --repeat 3
4096,8192,256,6,fp8_fa2,,1.3401600122451782,1.3522453308105469,,,,,ok,,/home/josh/tdm/infer/current/.venv/bin/python /home/josh/tdm/infer/worktrees/flashinfer-nvfp4-kv/benchmarks/bench_nvfp4_fmha_v2_gqa_grouped_attention.py --device 0 --gemma4-shape custom --q-len 4096 --kv-len 8192 --head-dim 256 --group-sizes 6 --batch-size 1 --only fp8 --fp4-backend fa2 --fp4-v-layout nhd --fp4-v-sf-layout linear --bf16-backend fa2 --warmup 1 --repeat 3
4096,8192,256,6,bf16_fa2,,0.9139840006828308,0.9304320017496744,,,,,ok,,/home/josh/tdm/infer/current/.venv/bin/python /home/josh/tdm/infer/worktrees/flashinfer-nvfp4-kv/benchmarks/bench_nvfp4_fmha_v2_gqa_grouped_attention.py --device 0 --gemma4-shape custom --q-len 4096 --kv-len 8192 --head-dim 256 --group-sizes 6 --batch-size 1 --only bf16 --fp4-backend fa2 --fp4-v-layout nhd --fp4-v-sf-layout linear --bf16-backend fa2 --warmup 1 --repeat 3
4096,32768,256,6,sm120_fused,2,1.8780800104141235,1.8817493518193562,0.9915505647659302,5,6656,50176,ok,,/home/josh/tdm/infer/current/.venv/bin/python /home/josh/tdm/infer/worktrees/flashinfer-nvfp4-kv/benchmarks/bench_sm120_nvfp4_cutlass_fused_attention.py --device 0 --q-len 4096 --kv-len 32768 --head-dim 256 --group 6 --split-kv-len 6656 --warmup 1 --repeat 3 --sm120-qkv-online-splitkv-reuse2-full-grid-bench
4096,32768,256,6,nvfp4_fa2,,7.3922882080078125,7.409632047017415,,,,,ok,,/home/josh/tdm/infer/current/.venv/bin/python /home/josh/tdm/infer/worktrees/flashinfer-nvfp4-kv/benchmarks/bench_nvfp4_fmha_v2_gqa_grouped_attention.py --device 0 --gemma4-shape custom --q-len 4096 --kv-len 32768 --head-dim 256 --group-sizes 6 --batch-size 1 --only grouped-fp4 --fp4-backend fa2 --fp4-v-layout nhd --fp4-v-sf-layout linear --bf16-backend fa2 --warmup 1 --repeat 3
4096,32768,256,6,fp8_fa2,,6.610559940338135,6.619157314300537,,,,,ok,,/home/josh/tdm/infer/current/.venv/bin/python /home/josh/tdm/infer/worktrees/flashinfer-nvfp4-kv/benchmarks/bench_nvfp4_fmha_v2_gqa_grouped_attention.py --device 0 --gemma4-shape custom --q-len 4096 --kv-len 32768 --head-dim 256 --group-sizes 6 --batch-size 1 --only fp8 --fp4-backend fa2 --fp4-v-layout nhd --fp4-v-sf-layout linear --bf16-backend fa2 --warmup 1 --repeat 3
4096,32768,256,6,bf16_fa2,,4.51478385925293,4.541824022928874,,,,,ok,,/home/josh/tdm/infer/current/.venv/bin/python /home/josh/tdm/infer/worktrees/flashinfer-nvfp4-kv/benchmarks/bench_nvfp4_fmha_v2_gqa_grouped_attention.py --device 0 --gemma4-shape custom --q-len 4096 --kv-len 32768 --head-dim 256 --group-sizes 6 --batch-size 1 --only bf16 --fp4-backend fa2 --fp4-v-layout nhd --fp4-v-sf-layout linear --bf16-backend fa2 --warmup 1 --repeat 3
4096,65536,256,6,sm120_fused,2,3.7507519721984863,3.7520106633504233,0.9908602237701416,10,6656,50176,ok,,/home/josh/tdm/infer/current/.venv/bin/python /home/josh/tdm/infer/worktrees/flashinfer-nvfp4-kv/benchmarks/bench_sm120_nvfp4_cutlass_fused_attention.py --device 0 --q-len 4096 --kv-len 65536 --head-dim 256 --group 6 --split-kv-len 6656 --warmup 1 --repeat 3 --sm120-qkv-online-splitkv-reuse2-full-grid-bench
4096,65536,256,6,nvfp4_fa2,,15.30838394165039,15.317472139994303,,,,,ok,,/home/josh/tdm/infer/current/.venv/bin/python /home/josh/tdm/infer/worktrees/flashinfer-nvfp4-kv/benchmarks/bench_nvfp4_fmha_v2_gqa_grouped_attention.py --device 0 --gemma4-shape custom --q-len 4096 --kv-len 65536 --head-dim 256 --group-sizes 6 --batch-size 1 --only grouped-fp4 --fp4-backend fa2 --fp4-v-layout nhd --fp4-v-sf-layout linear --bf16-backend fa2 --warmup 1 --repeat 3
4096,65536,256,6,fp8_fa2,,13.62492847442627,13.63701343536377,,,,,ok,,/home/josh/tdm/infer/current/.venv/bin/python /home/josh/tdm/infer/worktrees/flashinfer-nvfp4-kv/benchmarks/bench_nvfp4_fmha_v2_gqa_grouped_attention.py --device 0 --gemma4-shape custom --q-len 4096 --kv-len 65536 --head-dim 256 --group-sizes 6 --batch-size 1 --only fp8 --fp4-backend fa2 --fp4-v-layout nhd --fp4-v-sf-layout linear --bf16-backend fa2 --warmup 1 --repeat 3
4096,65536,256,6,bf16_fa2,,9.282079696655273,9.292309125264486,,,,,ok,,/home/josh/tdm/infer/current/.venv/bin/python /home/josh/tdm/infer/worktrees/flashinfer-nvfp4-kv/benchmarks/bench_nvfp4_fmha_v2_gqa_grouped_attention.py --device 0 --gemma4-shape custom --q-len 4096 --kv-len 65536 --head-dim 256 --group-sizes 6 --batch-size 1 --only bf16 --fp4-backend fa2 --fp4-v-layout nhd --fp4-v-sf-layout linear --bf16-backend fa2 --warmup 1 --repeat 3
4096,131072,256,6,sm120_fused,2,7.50819206237793,7.513706684112549,0.9904480576515198,20,6656,50176,ok,,/home/josh/tdm/infer/current/.venv/bin/python /home/josh/tdm/infer/worktrees/flashinfer-nvfp4-kv/benchmarks/bench_sm120_nvfp4_cutlass_fused_attention.py --device 0 --q-len 4096 --kv-len 131072 --head-dim 256 --group 6 --split-kv-len 6656 --warmup 1 --repeat 3 --sm120-qkv-online-splitkv-reuse2-full-grid-bench
4096,131072,256,6,nvfp4_fa2,,31.084896087646484,31.129290262858074,,,,,ok,,/home/josh/tdm/infer/current/.venv/bin/python /home/josh/tdm/infer/worktrees/flashinfer-nvfp4-kv/benchmarks/bench_nvfp4_fmha_v2_gqa_grouped_attention.py --device 0 --gemma4-shape custom --q-len 4096 --kv-len 131072 --head-dim 256 --group-sizes 6 --batch-size 1 --only grouped-fp4 --fp4-backend fa2 --fp4-v-layout nhd --fp4-v-sf-layout linear --bf16-backend fa2 --warmup 1 --repeat 3
4096,131072,256,6,fp8_fa2,,27.69772720336914,27.712810516357422,,,,,ok,,/home/josh/tdm/infer/current/.venv/bin/python /home/josh/tdm/infer/worktrees/flashinfer-nvfp4-kv/benchmarks/bench_nvfp4_fmha_v2_gqa_grouped_attention.py --device 0 --gemma4-shape custom --q-len 4096 --kv-len 131072 --head-dim 256 --group-sizes 6 --batch-size 1 --only fp8 --fp4-backend fa2 --fp4-v-layout nhd --fp4-v-sf-layout linear --bf16-backend fa2 --warmup 1 --repeat 3
4096,131072,256,6,bf16_fa2,,19.617536544799805,19.638282775878906,,,,,ok,,/home/josh/tdm/infer/current/.venv/bin/python /home/josh/tdm/infer/worktrees/flashinfer-nvfp4-kv/benchmarks/bench_nvfp4_fmha_v2_gqa_grouped_attention.py --device 0 --gemma4-shape custom --q-len 4096 --kv-len 131072 --head-dim 256 --group-sizes 6 --batch-size 1 --only bf16 --fp4-backend fa2 --fp4-v-layout nhd --fp4-v-sf-layout linear --bf16-backend fa2 --warmup 1 --repeat 3
4096,262144,256,6,sm120_fused,2,14.91545581817627,14.932693481445312,0.9920809864997864,40,6656,50176,ok,,/home/josh/tdm/infer/current/.venv/bin/python /home/josh/tdm/infer/worktrees/flashinfer-nvfp4-kv/benchmarks/bench_sm120_nvfp4_cutlass_fused_attention.py --device 0 --q-len 4096 --kv-len 262144 --head-dim 256 --group 6 --split-kv-len 6656 --warmup 1 --repeat 3 --sm120-qkv-online-splitkv-reuse2-full-grid-bench
4096,262144,256,6,nvfp4_fa2,,63.0700798034668,63.185492197672524,,,,,ok,,/home/josh/tdm/infer/current/.venv/bin/python /home/josh/tdm/infer/worktrees/flashinfer-nvfp4-kv/benchmarks/bench_nvfp4_fmha_v2_gqa_grouped_attention.py --device 0 --gemma4-shape custom --q-len 4096 --kv-len 262144 --head-dim 256 --group-sizes 6 --batch-size 1 --only grouped-fp4 --fp4-backend fa2 --fp4-v-layout nhd --fp4-v-sf-layout linear --bf16-backend fa2 --warmup 1 --repeat 3
4096,262144,256,6,fp8_fa2,,57.05177688598633,57.31162643432617,,,,,ok,,/home/josh/tdm/infer/current/.venv/bin/python /home/josh/tdm/infer/worktrees/flashinfer-nvfp4-kv/benchmarks/bench_nvfp4_fmha_v2_gqa_grouped_attention.py --device 0 --gemma4-shape custom --q-len 4096 --kv-len 262144 --head-dim 256 --group-sizes 6 --batch-size 1 --only fp8 --fp4-backend fa2 --fp4-v-layout nhd --fp4-v-sf-layout linear --bf16-backend fa2 --warmup 1 --repeat 3
4096,262144,256,6,bf16_fa2,,40.47292709350586,40.583550771077476,,,,,ok,,/home/josh/tdm/infer/current/.venv/bin/python /home/josh/tdm/infer/worktrees/flashinfer-nvfp4-kv/benchmarks/bench_nvfp4_fmha_v2_gqa_grouped_attention.py --device 0 --gemma4-shape custom --q-len 4096 --kv-len 262144 --head-dim 256 --group-sizes 6 --batch-size 1 --only bf16 --fp4-backend fa2 --fp4-v-layout nhd --fp4-v-sf-layout linear --bf16-backend fa2 --warmup 1 --repeat 3
128,8192,256,8,sm120_fused,2,0.171424001455307,0.17400533457597098,0.9914794564247131,2,6656,50176,ok,,/home/josh/tdm/infer/current/.venv/bin/python /home/josh/tdm/infer/worktrees/flashinfer-nvfp4-kv/benchmarks/bench_sm120_nvfp4_cutlass_fused_attention.py --device 0 --q-len 128 --kv-len 8192 --head-dim 256 --group 8 --split-kv-len 6656 --warmup 1 --repeat 3 --sm120-qkv-online-splitkv-reuse2-full-grid-bench
128,8192,256,8,nvfp4_fa2,,0.09148799628019333,0.10679466525713603,,,,,ok,,/home/josh/tdm/infer/current/.venv/bin/python /home/josh/tdm/infer/worktrees/flashinfer-nvfp4-kv/benchmarks/bench_nvfp4_fmha_v2_gqa_grouped_attention.py --device 0 --gemma4-shape custom --q-len 128 --kv-len 8192 --head-dim 256 --group-sizes 8 --batch-size 1 --only grouped-fp4 --fp4-backend fa2 --fp4-v-layout nhd --fp4-v-sf-layout linear --bf16-backend fa2 --warmup 1 --repeat 3
128,8192,256,8,fp8_fa2,,0.08316799998283386,0.09817600001891454,,,,,ok,,/home/josh/tdm/infer/current/.venv/bin/python /home/josh/tdm/infer/worktrees/flashinfer-nvfp4-kv/benchmarks/bench_nvfp4_fmha_v2_gqa_grouped_attention.py --device 0 --gemma4-shape custom --q-len 128 --kv-len 8192 --head-dim 256 --group-sizes 8 --batch-size 1 --only fp8 --fp4-backend fa2 --fp4-v-layout nhd --fp4-v-sf-layout linear --bf16-backend fa2 --warmup 1 --repeat 3
128,8192,256,8,bf16_fa2,,0.057631999254226685,0.07320533444484074,,,,,ok,,/home/josh/tdm/infer/current/.venv/bin/python /home/josh/tdm/infer/worktrees/flashinfer-nvfp4-kv/benchmarks/bench_nvfp4_fmha_v2_gqa_grouped_attention.py --device 0 --gemma4-shape custom --q-len 128 --kv-len 8192 --head-dim 256 --group-sizes 8 --batch-size 1 --only bf16 --fp4-backend fa2 --fp4-v-layout nhd --fp4-v-sf-layout linear --bf16-backend fa2 --warmup 1 --repeat 3
128,32768,256,8,sm120_fused,2,0.1746239960193634,0.17589333156744638,0.991325855255127,5,6656,50176,ok,,/home/josh/tdm/infer/current/.venv/bin/python /home/josh/tdm/infer/worktrees/flashinfer-nvfp4-kv/benchmarks/bench_sm120_nvfp4_cutlass_fused_attention.py --device 0 --q-len 128 --kv-len 32768 --head-dim 256 --group 8 --split-kv-len 6656 --warmup 1 --repeat 3 --sm120-qkv-online-splitkv-reuse2-full-grid-bench
128,32768,256,8,nvfp4_fa2,,0.2616640031337738,0.27374933163324994,,,,,ok,,/home/josh/tdm/infer/current/.venv/bin/python /home/josh/tdm/infer/worktrees/flashinfer-nvfp4-kv/benchmarks/bench_nvfp4_fmha_v2_gqa_grouped_attention.py --device 0 --gemma4-shape custom --q-len 128 --kv-len 32768 --head-dim 256 --group-sizes 8 --batch-size 1 --only grouped-fp4 --fp4-backend fa2 --fp4-v-layout nhd --fp4-v-sf-layout linear --bf16-backend fa2 --warmup 1 --repeat 3
128,32768,256,8,fp8_fa2,,0.23440000414848328,0.24756267170111337,,,,,ok,,/home/josh/tdm/infer/current/.venv/bin/python /home/josh/tdm/infer/worktrees/flashinfer-nvfp4-kv/benchmarks/bench_nvfp4_fmha_v2_gqa_grouped_attention.py --device 0 --gemma4-shape custom --q-len 128 --kv-len 32768 --head-dim 256 --group-sizes 8 --batch-size 1 --only fp8 --fp4-backend fa2 --fp4-v-layout nhd --fp4-v-sf-layout linear --bf16-backend fa2 --warmup 1 --repeat 3
128,32768,256,8,bf16_fa2,,0.16495999693870544,0.17935999731222788,,,,,ok,,/home/josh/tdm/infer/current/.venv/bin/python /home/josh/tdm/infer/worktrees/flashinfer-nvfp4-kv/benchmarks/bench_nvfp4_fmha_v2_gqa_grouped_attention.py --device 0 --gemma4-shape custom --q-len 128 --kv-len 32768 --head-dim 256 --group-sizes 8 --batch-size 1 --only bf16 --fp4-backend fa2 --fp4-v-layout nhd --fp4-v-sf-layout linear --bf16-backend fa2 --warmup 1 --repeat 3
128,65536,256,8,sm120_fused,2,0.188960000872612,0.19259733458360037,0.9928059577941895,10,6656,50176,ok,,/home/josh/tdm/infer/current/.venv/bin/python /home/josh/tdm/infer/worktrees/flashinfer-nvfp4-kv/benchmarks/bench_sm120_nvfp4_cutlass_fused_attention.py --device 0 --q-len 128 --kv-len 65536 --head-dim 256 --group 8 --split-kv-len 6656 --warmup 1 --repeat 3 --sm120-qkv-online-splitkv-reuse2-full-grid-bench
128,65536,256,8,nvfp4_fa2,,0.5071679949760437,0.5195840001106262,,,,,ok,,/home/josh/tdm/infer/current/.venv/bin/python /home/josh/tdm/infer/worktrees/flashinfer-nvfp4-kv/benchmarks/bench_nvfp4_fmha_v2_gqa_grouped_attention.py --device 0 --gemma4-shape custom --q-len 128 --kv-len 65536 --head-dim 256 --group-sizes 8 --batch-size 1 --only grouped-fp4 --fp4-backend fa2 --fp4-v-layout nhd --fp4-v-sf-layout linear --bf16-backend fa2 --warmup 1 --repeat 3
128,65536,256,8,fp8_fa2,,0.4519039988517761,0.4600106676419576,,,,,ok,,/home/josh/tdm/infer/current/.venv/bin/python /home/josh/tdm/infer/worktrees/flashinfer-nvfp4-kv/benchmarks/bench_nvfp4_fmha_v2_gqa_grouped_attention.py --device 0 --gemma4-shape custom --q-len 128 --kv-len 65536 --head-dim 256 --group-sizes 8 --batch-size 1 --only fp8 --fp4-backend fa2 --fp4-v-layout nhd --fp4-v-sf-layout linear --bf16-backend fa2 --warmup 1 --repeat 3
128,65536,256,8,bf16_fa2,,0.31139200925827026,0.3227413296699524,,,,,ok,,/home/josh/tdm/infer/current/.venv/bin/python /home/josh/tdm/infer/worktrees/flashinfer-nvfp4-kv/benchmarks/bench_nvfp4_fmha_v2_gqa_grouped_attention.py --device 0 --gemma4-shape custom --q-len 128 --kv-len 65536 --head-dim 256 --group-sizes 8 --batch-size 1 --only bf16 --fp4-backend fa2 --fp4-v-layout nhd --fp4-v-sf-layout linear --bf16-backend fa2 --warmup 1 --repeat 3
128,131072,256,8,sm120_fused,2,0.3547520041465759,0.3576746682325999,0.990068256855011,20,6656,50176,ok,,/home/josh/tdm/infer/current/.venv/bin/python /home/josh/tdm/infer/worktrees/flashinfer-nvfp4-kv/benchmarks/bench_sm120_nvfp4_cutlass_fused_attention.py --device 0 --q-len 128 --kv-len 131072 --head-dim 256 --group 8 --split-kv-len 6656 --warmup 1 --repeat 3 --sm120-qkv-online-splitkv-reuse2-full-grid-bench
128,131072,256,8,nvfp4_fa2,,0.9869760274887085,1.0009706616401672,,,,,ok,,/home/josh/tdm/infer/current/.venv/bin/python /home/josh/tdm/infer/worktrees/flashinfer-nvfp4-kv/benchmarks/bench_nvfp4_fmha_v2_gqa_grouped_attention.py --device 0 --gemma4-shape custom --q-len 128 --kv-len 131072 --head-dim 256 --group-sizes 8 --batch-size 1 --only grouped-fp4 --fp4-backend fa2 --fp4-v-layout nhd --fp4-v-sf-layout linear --bf16-backend fa2 --warmup 1 --repeat 3
128,131072,256,8,fp8_fa2,,0.8811839818954468,0.8906773328781128,,,,,ok,,/home/josh/tdm/infer/current/.venv/bin/python /home/josh/tdm/infer/worktrees/flashinfer-nvfp4-kv/benchmarks/bench_nvfp4_fmha_v2_gqa_grouped_attention.py --device 0 --gemma4-shape custom --q-len 128 --kv-len 131072 --head-dim 256 --group-sizes 8 --batch-size 1 --only fp8 --fp4-backend fa2 --fp4-v-layout nhd --fp4-v-sf-layout linear --bf16-backend fa2 --warmup 1 --repeat 3
128,131072,256,8,bf16_fa2,,0.6291840076446533,0.6379413406054179,,,,,ok,,/home/josh/tdm/infer/current/.venv/bin/python /home/josh/tdm/infer/worktrees/flashinfer-nvfp4-kv/benchmarks/bench_nvfp4_fmha_v2_gqa_grouped_attention.py --device 0 --gemma4-shape custom --q-len 128 --kv-len 131072 --head-dim 256 --group-sizes 8 --batch-size 1 --only bf16 --fp4-backend fa2 --fp4-v-layout nhd --fp4-v-sf-layout linear --bf16-backend fa2 --warmup 1 --repeat 3
128,262144,256,8,sm120_fused,2,0.6887680292129517,0.6924693584442139,0.9917588233947754,40,6656,50176,ok,,/home/josh/tdm/infer/current/.venv/bin/python /home/josh/tdm/infer/worktrees/flashinfer-nvfp4-kv/benchmarks/bench_sm120_nvfp4_cutlass_fused_attention.py --device 0 --q-len 128 --kv-len 262144 --head-dim 256 --group 8 --split-kv-len 6656 --warmup 1 --repeat 3 --sm120-qkv-online-splitkv-reuse2-full-grid-bench
128,262144,256,8,nvfp4_fa2,,1.9569920301437378,1.9918506542841594,,,,,ok,,/home/josh/tdm/infer/current/.venv/bin/python /home/josh/tdm/infer/worktrees/flashinfer-nvfp4-kv/benchmarks/bench_nvfp4_fmha_v2_gqa_grouped_attention.py --device 0 --gemma4-shape custom --q-len 128 --kv-len 262144 --head-dim 256 --group-sizes 8 --batch-size 1 --only grouped-fp4 --fp4-backend fa2 --fp4-v-layout nhd --fp4-v-sf-layout linear --bf16-backend fa2 --warmup 1 --repeat 3
128,262144,256,8,fp8_fa2,,1.7681920528411865,1.7800853649775188,,,,,ok,,/home/josh/tdm/infer/current/.venv/bin/python /home/josh/tdm/infer/worktrees/flashinfer-nvfp4-kv/benchmarks/bench_nvfp4_fmha_v2_gqa_grouped_attention.py --device 0 --gemma4-shape custom --q-len 128 --kv-len 262144 --head-dim 256 --group-sizes 8 --batch-size 1 --only fp8 --fp4-backend fa2 --fp4-v-layout nhd --fp4-v-sf-layout linear --bf16-backend fa2 --warmup 1 --repeat 3
128,262144,256,8,bf16_fa2,,1.248255968093872,1.2574293216069539,,,,,ok,,/home/josh/tdm/infer/current/.venv/bin/python /home/josh/tdm/infer/worktrees/flashinfer-nvfp4-kv/benchmarks/bench_nvfp4_fmha_v2_gqa_grouped_attention.py --device 0 --gemma4-shape custom --q-len 128 --kv-len 262144 --head-dim 256 --group-sizes 8 --batch-size 1 --only bf16 --fp4-backend fa2 --fp4-v-layout nhd --fp4-v-sf-layout linear --bf16-backend fa2 --warmup 1 --repeat 3
256,8192,256,8,sm120_fused,2,0.17334400117397308,0.17565866808096567,0.9915305376052856,2,6656,50176,ok,,/home/josh/tdm/infer/current/.venv/bin/python /home/josh/tdm/infer/worktrees/flashinfer-nvfp4-kv/benchmarks/bench_sm120_nvfp4_cutlass_fused_attention.py --device 0 --q-len 256 --kv-len 8192 --head-dim 256 --group 8 --split-kv-len 6656 --warmup 1 --repeat 3 --sm120-qkv-online-splitkv-reuse2-full-grid-bench
256,8192,256,8,nvfp4_fa2,,0.14819200336933136,0.16789333522319794,,,,,ok,,/home/josh/tdm/infer/current/.venv/bin/python /home/josh/tdm/infer/worktrees/flashinfer-nvfp4-kv/benchmarks/bench_nvfp4_fmha_v2_gqa_grouped_attention.py --device 0 --gemma4-shape custom --q-len 256 --kv-len 8192 --head-dim 256 --group-sizes 8 --batch-size 1 --only grouped-fp4 --fp4-backend fa2 --fp4-v-layout nhd --fp4-v-sf-layout linear --bf16-backend fa2 --warmup 1 --repeat 3
256,8192,256,8,fp8_fa2,,0.13369600474834442,0.1499733328819275,,,,,ok,,/home/josh/tdm/infer/current/.venv/bin/python /home/josh/tdm/infer/worktrees/flashinfer-nvfp4-kv/benchmarks/bench_nvfp4_fmha_v2_gqa_grouped_attention.py --device 0 --gemma4-shape custom --q-len 256 --kv-len 8192 --head-dim 256 --group-sizes 8 --batch-size 1 --only fp8 --fp4-backend fa2 --fp4-v-layout nhd --fp4-v-sf-layout linear --bf16-backend fa2 --warmup 1 --repeat 3
256,8192,256,8,bf16_fa2,,0.1005759984254837,0.11405866593122482,,,,,ok,,/home/josh/tdm/infer/current/.venv/bin/python /home/josh/tdm/infer/worktrees/flashinfer-nvfp4-kv/benchmarks/bench_nvfp4_fmha_v2_gqa_grouped_attention.py --device 0 --gemma4-shape custom --q-len 256 --kv-len 8192 --head-dim 256 --group-sizes 8 --batch-size 1 --only bf16 --fp4-backend fa2 --fp4-v-layout nhd --fp4-v-sf-layout linear --bf16-backend fa2 --warmup 1 --repeat 3
256,32768,256,8,sm120_fused,2,0.188960000872612,0.1920639971892039,0.9913387298583984,5,6656,50176,ok,,/home/josh/tdm/infer/current/.venv/bin/python /home/josh/tdm/infer/worktrees/flashinfer-nvfp4-kv/benchmarks/bench_sm120_nvfp4_cutlass_fused_attention.py --device 0 --q-len 256 --kv-len 32768 --head-dim 256 --group 8 --split-kv-len 6656 --warmup 1 --repeat 3 --sm120-qkv-online-splitkv-reuse2-full-grid-bench
256,32768,256,8,nvfp4_fa2,,0.5145919919013977,0.5273173451423645,,,,,ok,,/home/josh/tdm/infer/current/.venv/bin/python /home/josh/tdm/infer/worktrees/flashinfer-nvfp4-kv/benchmarks/bench_nvfp4_fmha_v2_gqa_grouped_attention.py --device 0 --gemma4-shape custom --q-len 256 --kv-len 32768 --head-dim 256 --group-sizes 8 --batch-size 1 --only grouped-fp4 --fp4-backend fa2 --fp4-v-layout nhd --fp4-v-sf-layout linear --bf16-backend fa2 --warmup 1 --repeat 3
256,32768,256,8,fp8_fa2,,0.4646719992160797,0.4768320123354594,,,,,ok,,/home/josh/tdm/infer/current/.venv/bin/python /home/josh/tdm/infer/worktrees/flashinfer-nvfp4-kv/benchmarks/bench_nvfp4_fmha_v2_gqa_grouped_attention.py --device 0 --gemma4-shape custom --q-len 256 --kv-len 32768 --head-dim 256 --group-sizes 8 --batch-size 1 --only fp8 --fp4-backend fa2 --fp4-v-layout nhd --fp4-v-sf-layout linear --bf16-backend fa2 --warmup 1 --repeat 3
256,32768,256,8,bf16_fa2,,0.31833600997924805,0.33320533235867816,,,,,ok,,/home/josh/tdm/infer/current/.venv/bin/python /home/josh/tdm/infer/worktrees/flashinfer-nvfp4-kv/benchmarks/bench_nvfp4_fmha_v2_gqa_grouped_attention.py --device 0 --gemma4-shape custom --q-len 256 --kv-len 32768 --head-dim 256 --group-sizes 8 --batch-size 1 --only bf16 --fp4-backend fa2 --fp4-v-layout nhd --fp4-v-sf-layout linear --bf16-backend fa2 --warmup 1 --repeat 3
256,65536,256,8,sm120_fused,2,0.3542720079421997,0.35629867513974506,0.9929119944572449,10,6656,50176,ok,,/home/josh/tdm/infer/current/.venv/bin/python /home/josh/tdm/infer/worktrees/flashinfer-nvfp4-kv/benchmarks/bench_sm120_nvfp4_cutlass_fused_attention.py --device 0 --q-len 256 --kv-len 65536 --head-dim 256 --group 8 --split-kv-len 6656 --warmup 1 --repeat 3 --sm120-qkv-online-splitkv-reuse2-full-grid-bench
256,65536,256,8,nvfp4_fa2,,1.0161919593811035,1.0354666709899902,,,,,ok,,/home/josh/tdm/infer/current/.venv/bin/python /home/josh/tdm/infer/worktrees/flashinfer-nvfp4-kv/benchmarks/bench_nvfp4_fmha_v2_gqa_grouped_attention.py --device 0 --gemma4-shape custom --q-len 256 --kv-len 65536 --head-dim 256 --group-sizes 8 --batch-size 1 --only grouped-fp4 --fp4-backend fa2 --fp4-v-layout nhd --fp4-v-sf-layout linear --bf16-backend fa2 --warmup 1 --repeat 3
256,65536,256,8,fp8_fa2,,0.9015679955482483,0.9119786620140076,,,,,ok,,/home/josh/tdm/infer/current/.venv/bin/python /home/josh/tdm/infer/worktrees/flashinfer-nvfp4-kv/benchmarks/bench_nvfp4_fmha_v2_gqa_grouped_attention.py --device 0 --gemma4-shape custom --q-len 256 --kv-len 65536 --head-dim 256 --group-sizes 8 --batch-size 1 --only fp8 --fp4-backend fa2 --fp4-v-layout nhd --fp4-v-sf-layout linear --bf16-backend fa2 --warmup 1 --repeat 3
256,65536,256,8,bf16_fa2,,0.6216639876365662,0.6349759896596273,,,,,ok,,/home/josh/tdm/infer/current/.venv/bin/python /home/josh/tdm/infer/worktrees/flashinfer-nvfp4-kv/benchmarks/bench_nvfp4_fmha_v2_gqa_grouped_attention.py --device 0 --gemma4-shape custom --q-len 256 --kv-len 65536 --head-dim 256 --group-sizes 8 --batch-size 1 --only bf16 --fp4-backend fa2 --fp4-v-layout nhd --fp4-v-sf-layout linear --bf16-backend fa2 --warmup 1 --repeat 3
256,131072,256,8,sm120_fused,2,0.6875519752502441,0.6914560000101725,0.9900919795036316,20,6656,50176,ok,,/home/josh/tdm/infer/current/.venv/bin/python /home/josh/tdm/infer/worktrees/flashinfer-nvfp4-kv/benchmarks/bench_sm120_nvfp4_cutlass_fused_attention.py --device 0 --q-len 256 --kv-len 131072 --head-dim 256 --group 8 --split-kv-len 6656 --warmup 1 --repeat 3 --sm120-qkv-online-splitkv-reuse2-full-grid-bench
256,131072,256,8,nvfp4_fa2,,2.002784013748169,2.0171199639638266,,,,,ok,,/home/josh/tdm/infer/current/.venv/bin/python /home/josh/tdm/infer/worktrees/flashinfer-nvfp4-kv/benchmarks/bench_nvfp4_fmha_v2_gqa_grouped_attention.py --device 0 --gemma4-shape custom --q-len 256 --kv-len 131072 --head-dim 256 --group-sizes 8 --batch-size 1 --only grouped-fp4 --fp4-backend fa2 --fp4-v-layout nhd --fp4-v-sf-layout linear --bf16-backend fa2 --warmup 1 --repeat 3
256,131072,256,8,fp8_fa2,,1.7814079523086548,1.7940692901611328,,,,,ok,,/home/josh/tdm/infer/current/.venv/bin/python /home/josh/tdm/infer/worktrees/flashinfer-nvfp4-kv/benchmarks/bench_nvfp4_fmha_v2_gqa_grouped_attention.py --device 0 --gemma4-shape custom --q-len 256 --kv-len 131072 --head-dim 256 --group-sizes 8 --batch-size 1 --only fp8 --fp4-backend fa2 --fp4-v-layout nhd --fp4-v-sf-layout linear --bf16-backend fa2 --warmup 1 --repeat 3
256,131072,256,8,bf16_fa2,,1.2477120161056519,1.2572693427403767,,,,,ok,,/home/josh/tdm/infer/current/.venv/bin/python /home/josh/tdm/infer/worktrees/flashinfer-nvfp4-kv/benchmarks/bench_nvfp4_fmha_v2_gqa_grouped_attention.py --device 0 --gemma4-shape custom --q-len 256 --kv-len 131072 --head-dim 256 --group-sizes 8 --batch-size 1 --only bf16 --fp4-backend fa2 --fp4-v-layout nhd --fp4-v-sf-layout linear --bf16-backend fa2 --warmup 1 --repeat 3
256,262144,256,8,sm120_fused,2,1.2245440483093262,1.2290560007095337,0.9917591214179993,40,6656,50176,ok,,/home/josh/tdm/infer/current/.venv/bin/python /home/josh/tdm/infer/worktrees/flashinfer-nvfp4-kv/benchmarks/bench_sm120_nvfp4_cutlass_fused_attention.py --device 0 --q-len 256 --kv-len 262144 --head-dim 256 --group 8 --split-kv-len 6656 --warmup 1 --repeat 3 --sm120-qkv-online-splitkv-reuse2-full-grid-bench
256,262144,256,8,nvfp4_fa2,,3.971776008605957,3.9851413567860923,,,,,ok,,/home/josh/tdm/infer/current/.venv/bin/python /home/josh/tdm/infer/worktrees/flashinfer-nvfp4-kv/benchmarks/bench_nvfp4_fmha_v2_gqa_grouped_attention.py --device 0 --gemma4-shape custom --q-len 256 --kv-len 262144 --head-dim 256 --group-sizes 8 --batch-size 1 --only grouped-fp4 --fp4-backend fa2 --fp4-v-layout nhd --fp4-v-sf-layout linear --bf16-backend fa2 --warmup 1 --repeat 3
256,262144,256,8,fp8_fa2,,3.5731201171875,3.591189384460449,,,,,ok,,/home/josh/tdm/infer/current/.venv/bin/python /home/josh/tdm/infer/worktrees/flashinfer-nvfp4-kv/benchmarks/bench_nvfp4_fmha_v2_gqa_grouped_attention.py --device 0 --gemma4-shape custom --q-len 256 --kv-len 262144 --head-dim 256 --group-sizes 8 --batch-size 1 --only fp8 --fp4-backend fa2 --fp4-v-layout nhd --fp4-v-sf-layout linear --bf16-backend fa2 --warmup 1 --repeat 3
256,262144,256,8,bf16_fa2,,2.496959924697876,2.5097599824269614,,,,,ok,,/home/josh/tdm/infer/current/.venv/bin/python /home/josh/tdm/infer/worktrees/flashinfer-nvfp4-kv/benchmarks/bench_nvfp4_fmha_v2_gqa_grouped_attention.py --device 0 --gemma4-shape custom --q-len 256 --kv-len 262144 --head-dim 256 --group-sizes 8 --batch-size 1 --only bf16 --fp4-backend fa2 --fp4-v-layout nhd --fp4-v-sf-layout linear --bf16-backend fa2 --warmup 1 --repeat 3
512,8192,256,8,sm120_fused,2,0.17740799486637115,0.17989332973957062,0.9915092587471008,2,6656,50176,ok,,/home/josh/tdm/infer/current/.venv/bin/python /home/josh/tdm/infer/worktrees/flashinfer-nvfp4-kv/benchmarks/bench_sm120_nvfp4_cutlass_fused_attention.py --device 0 --q-len 512 --kv-len 8192 --head-dim 256 --group 8 --split-kv-len 6656 --warmup 1 --repeat 3 --sm120-qkv-online-splitkv-reuse2-full-grid-bench
512,8192,256,8,nvfp4_fa2,,0.2895680069923401,0.30477866530418396,,,,,ok,,/home/josh/tdm/infer/current/.venv/bin/python /home/josh/tdm/infer/worktrees/flashinfer-nvfp4-kv/benchmarks/bench_nvfp4_fmha_v2_gqa_grouped_attention.py --device 0 --gemma4-shape custom --q-len 512 --kv-len 8192 --head-dim 256 --group-sizes 8 --batch-size 1 --only grouped-fp4 --fp4-backend fa2 --fp4-v-layout nhd --fp4-v-sf-layout linear --bf16-backend fa2 --warmup 1 --repeat 3
512,8192,256,8,fp8_fa2,,0.2535359859466553,0.2680746614933014,,,,,ok,,/home/josh/tdm/infer/current/.venv/bin/python /home/josh/tdm/infer/worktrees/flashinfer-nvfp4-kv/benchmarks/bench_nvfp4_fmha_v2_gqa_grouped_attention.py --device 0 --gemma4-shape custom --q-len 512 --kv-len 8192 --head-dim 256 --group-sizes 8 --batch-size 1 --only fp8 --fp4-backend fa2 --fp4-v-layout nhd --fp4-v-sf-layout linear --bf16-backend fa2 --warmup 1 --repeat 3
512,8192,256,8,bf16_fa2,,0.1759680062532425,0.19125333428382874,,,,,ok,,/home/josh/tdm/infer/current/.venv/bin/python /home/josh/tdm/infer/worktrees/flashinfer-nvfp4-kv/benchmarks/bench_nvfp4_fmha_v2_gqa_grouped_attention.py --device 0 --gemma4-shape custom --q-len 512 --kv-len 8192 --head-dim 256 --group-sizes 8 --batch-size 1 --only bf16 --fp4-backend fa2 --fp4-v-layout nhd --fp4-v-sf-layout linear --bf16-backend fa2 --warmup 1 --repeat 3
512,32768,256,8,sm120_fused,2,0.35683199763298035,0.3574720025062561,0.9913477301597595,5,6656,50176,ok,,/home/josh/tdm/infer/current/.venv/bin/python /home/josh/tdm/infer/worktrees/flashinfer-nvfp4-kv/benchmarks/bench_sm120_nvfp4_cutlass_fused_attention.py --device 0 --q-len 512 --kv-len 32768 --head-dim 256 --group 8 --split-kv-len 6656 --warmup 1 --repeat 3 --sm120-qkv-online-splitkv-reuse2-full-grid-bench
512,32768,256,8,nvfp4_fa2,,1.0649280548095703,1.080021341641744,,,,,ok,,/home/josh/tdm/infer/current/.venv/bin/python /home/josh/tdm/infer/worktrees/flashinfer-nvfp4-kv/benchmarks/bench_nvfp4_fmha_v2_gqa_grouped_attention.py --device 0 --gemma4-shape custom --q-len 512 --kv-len 32768 --head-dim 256 --group-sizes 8 --batch-size 1 --only grouped-fp4 --fp4-backend fa2 --fp4-v-layout nhd --fp4-v-sf-layout linear --bf16-backend fa2 --warmup 1 --repeat 3
512,32768,256,8,fp8_fa2,,0.9467840194702148,0.9625173409779867,,,,,ok,,/home/josh/tdm/infer/current/.venv/bin/python /home/josh/tdm/infer/worktrees/flashinfer-nvfp4-kv/benchmarks/bench_nvfp4_fmha_v2_gqa_grouped_attention.py --device 0 --gemma4-shape custom --q-len 512 --kv-len 32768 --head-dim 256 --group-sizes 8 --batch-size 1 --only fp8 --fp4-backend fa2 --fp4-v-layout nhd --fp4-v-sf-layout linear --bf16-backend fa2 --warmup 1 --repeat 3
512,32768,256,8,bf16_fa2,,0.6512640118598938,0.6676479975382487,,,,,ok,,/home/josh/tdm/infer/current/.venv/bin/python /home/josh/tdm/infer/worktrees/flashinfer-nvfp4-kv/benchmarks/bench_nvfp4_fmha_v2_gqa_grouped_attention.py --device 0 --gemma4-shape custom --q-len 512 --kv-len 32768 --head-dim 256 --group-sizes 8 --batch-size 1 --only bf16 --fp4-backend fa2 --fp4-v-layout nhd --fp4-v-sf-layout linear --bf16-backend fa2 --warmup 1 --repeat 3
512,65536,256,8,sm120_fused,2,0.6855040192604065,0.6889386574427286,0.9929389357566833,10,6656,50176,ok,,/home/josh/tdm/infer/current/.venv/bin/python /home/josh/tdm/infer/worktrees/flashinfer-nvfp4-kv/benchmarks/bench_sm120_nvfp4_cutlass_fused_attention.py --device 0 --q-len 512 --kv-len 65536 --head-dim 256 --group 8 --split-kv-len 6656 --warmup 1 --repeat 3 --sm120-qkv-online-splitkv-reuse2-full-grid-bench
512,65536,256,8,nvfp4_fa2,,2.1077120304107666,2.133258660634359,,,,,ok,,/home/josh/tdm/infer/current/.venv/bin/python /home/josh/tdm/infer/worktrees/flashinfer-nvfp4-kv/benchmarks/bench_nvfp4_fmha_v2_gqa_grouped_attention.py --device 0 --gemma4-shape custom --q-len 512 --kv-len 65536 --head-dim 256 --group-sizes 8 --batch-size 1 --only grouped-fp4 --fp4-backend fa2 --fp4-v-layout nhd --fp4-v-sf-layout linear --bf16-backend fa2 --warmup 1 --repeat 3
512,65536,256,8,fp8_fa2,,1.8678079843521118,1.8844159841537476,,,,,ok,,/home/josh/tdm/infer/current/.venv/bin/python /home/josh/tdm/infer/worktrees/flashinfer-nvfp4-kv/benchmarks/bench_nvfp4_fmha_v2_gqa_grouped_attention.py --device 0 --gemma4-shape custom --q-len 512 --kv-len 65536 --head-dim 256 --group-sizes 8 --batch-size 1 --only fp8 --fp4-backend fa2 --fp4-v-layout nhd --fp4-v-sf-layout linear --bf16-backend fa2 --warmup 1 --repeat 3
512,65536,256,8,bf16_fa2,,1.286784052848816,1.3034453392028809,,,,,ok,,/home/josh/tdm/infer/current/.venv/bin/python /home/josh/tdm/infer/worktrees/flashinfer-nvfp4-kv/benchmarks/bench_nvfp4_fmha_v2_gqa_grouped_attention.py --device 0 --gemma4-shape custom --q-len 512 --kv-len 65536 --head-dim 256 --group-sizes 8 --batch-size 1 --only bf16 --fp4-backend fa2 --fp4-v-layout nhd --fp4-v-sf-layout linear --bf16-backend fa2 --warmup 1 --repeat 3
512,131072,256,8,sm120_fused,2,1.2243839502334595,1.2268479665120442,0.9900119304656982,20,6656,50176,ok,,/home/josh/tdm/infer/current/.venv/bin/python /home/josh/tdm/infer/worktrees/flashinfer-nvfp4-kv/benchmarks/bench_sm120_nvfp4_cutlass_fused_attention.py --device 0 --q-len 512 --kv-len 131072 --head-dim 256 --group 8 --split-kv-len 6656 --warmup 1 --repeat 3 --sm120-qkv-online-splitkv-reuse2-full-grid-bench
512,131072,256,8,nvfp4_fa2,,4.174592018127441,4.18449068069458,,,,,ok,,/home/josh/tdm/infer/current/.venv/bin/python /home/josh/tdm/infer/worktrees/flashinfer-nvfp4-kv/benchmarks/bench_nvfp4_fmha_v2_gqa_grouped_attention.py --device 0 --gemma4-shape custom --q-len 512 --kv-len 131072 --head-dim 256 --group-sizes 8 --batch-size 1 --only grouped-fp4 --fp4-backend fa2 --fp4-v-layout nhd --fp4-v-sf-layout linear --bf16-backend fa2 --warmup 1 --repeat 3
512,131072,256,8,fp8_fa2,,3.713344097137451,3.725056012471517,,,,,ok,,/home/josh/tdm/infer/current/.venv/bin/python /home/josh/tdm/infer/worktrees/flashinfer-nvfp4-kv/benchmarks/bench_nvfp4_fmha_v2_gqa_grouped_attention.py --device 0 --gemma4-shape custom --q-len 512 --kv-len 131072 --head-dim 256 --group-sizes 8 --batch-size 1 --only fp8 --fp4-backend fa2 --fp4-v-layout nhd --fp4-v-sf-layout linear --bf16-backend fa2 --warmup 1 --repeat 3
512,131072,256,8,bf16_fa2,,2.586944103240967,2.5971200466156006,,,,,ok,,/home/josh/tdm/infer/current/.venv/bin/python /home/josh/tdm/infer/worktrees/flashinfer-nvfp4-kv/benchmarks/bench_nvfp4_fmha_v2_gqa_grouped_attention.py --device 0 --gemma4-shape custom --q-len 512 --kv-len 131072 --head-dim 256 --group-sizes 8 --batch-size 1 --only bf16 --fp4-backend fa2 --fp4-v-layout nhd --fp4-v-sf-layout linear --bf16-backend fa2 --warmup 1 --repeat 3
512,262144,256,8,sm120_fused,2,2.621311902999878,2.6238720417022705,0.9917839169502258,40,6656,50176,ok,,/home/josh/tdm/infer/current/.venv/bin/python /home/josh/tdm/infer/worktrees/flashinfer-nvfp4-kv/benchmarks/bench_sm120_nvfp4_cutlass_fused_attention.py --device 0 --q-len 512 --kv-len 262144 --head-dim 256 --group 8 --split-kv-len 6656 --warmup 1 --repeat 3 --sm120-qkv-online-splitkv-reuse2-full-grid-bench
512,262144,256,8,nvfp4_fa2,,8.342368125915527,8.374506632486979,,,,,ok,,/home/josh/tdm/infer/current/.venv/bin/python /home/josh/tdm/infer/worktrees/flashinfer-nvfp4-kv/benchmarks/bench_nvfp4_fmha_v2_gqa_grouped_attention.py --device 0 --gemma4-shape custom --q-len 512 --kv-len 262144 --head-dim 256 --group-sizes 8 --batch-size 1 --only grouped-fp4 --fp4-backend fa2 --fp4-v-layout nhd --fp4-v-sf-layout linear --bf16-backend fa2 --warmup 1 --repeat 3
512,262144,256,8,fp8_fa2,,7.4552321434021,7.473024050394694,,,,,ok,,/home/josh/tdm/infer/current/.venv/bin/python /home/josh/tdm/infer/worktrees/flashinfer-nvfp4-kv/benchmarks/bench_nvfp4_fmha_v2_gqa_grouped_attention.py --device 0 --gemma4-shape custom --q-len 512 --kv-len 262144 --head-dim 256 --group-sizes 8 --batch-size 1 --only fp8 --fp4-backend fa2 --fp4-v-layout nhd --fp4-v-sf-layout linear --bf16-backend fa2 --warmup 1 --repeat 3
512,262144,256,8,bf16_fa2,,5.163871765136719,5.1766079266866045,,,,,ok,,/home/josh/tdm/infer/current/.venv/bin/python /home/josh/tdm/infer/worktrees/flashinfer-nvfp4-kv/benchmarks/bench_nvfp4_fmha_v2_gqa_grouped_attention.py --device 0 --gemma4-shape custom --q-len 512 --kv-len 262144 --head-dim 256 --group-sizes 8 --batch-size 1 --only bf16 --fp4-backend fa2 --fp4-v-layout nhd --fp4-v-sf-layout linear --bf16-backend fa2 --warmup 1 --repeat 3
1024,8192,256,8,sm120_fused,2,0.19737599790096283,0.19833600024382272,0.9900050759315491,2,6656,50176,ok,,/home/josh/tdm/infer/current/.venv/bin/python /home/josh/tdm/infer/worktrees/flashinfer-nvfp4-kv/benchmarks/bench_sm120_nvfp4_cutlass_fused_attention.py --device 0 --q-len 1024 --kv-len 8192 --head-dim 256 --group 8 --split-kv-len 6656 --warmup 1 --repeat 3 --sm120-qkv-online-splitkv-reuse2-full-grid-bench
1024,8192,256,8,nvfp4_fa2,,0.6306880116462708,0.6443093419075012,,,,,ok,,/home/josh/tdm/infer/current/.venv/bin/python /home/josh/tdm/infer/worktrees/flashinfer-nvfp4-kv/benchmarks/bench_nvfp4_fmha_v2_gqa_grouped_attention.py --device 0 --gemma4-shape custom --q-len 1024 --kv-len 8192 --head-dim 256 --group-sizes 8 --batch-size 1 --only grouped-fp4 --fp4-backend fa2 --fp4-v-layout nhd --fp4-v-sf-layout linear --bf16-backend fa2 --warmup 1 --repeat 3
1024,8192,256,8,fp8_fa2,,0.5517759919166565,0.5682453314463297,,,,,ok,,/home/josh/tdm/infer/current/.venv/bin/python /home/josh/tdm/infer/worktrees/flashinfer-nvfp4-kv/benchmarks/bench_nvfp4_fmha_v2_gqa_grouped_attention.py --device 0 --gemma4-shape custom --q-len 1024 --kv-len 8192 --head-dim 256 --group-sizes 8 --batch-size 1 --only fp8 --fp4-backend fa2 --fp4-v-layout nhd --fp4-v-sf-layout linear --bf16-backend fa2 --warmup 1 --repeat 3
1024,8192,256,8,bf16_fa2,,0.3789440095424652,0.39856000741322833,,,,,ok,,/home/josh/tdm/infer/current/.venv/bin/python /home/josh/tdm/infer/worktrees/flashinfer-nvfp4-kv/benchmarks/bench_nvfp4_fmha_v2_gqa_grouped_attention.py --device 0 --gemma4-shape custom --q-len 1024 --kv-len 8192 --head-dim 256 --group-sizes 8 --batch-size 1 --only bf16 --fp4-backend fa2 --fp4-v-layout nhd --fp4-v-sf-layout linear --bf16-backend fa2 --warmup 1 --repeat 3
1024,32768,256,8,sm120_fused,2,0.6780480146408081,0.6807253360748291,0.9919543266296387,5,6656,50176,ok,,/home/josh/tdm/infer/current/.venv/bin/python /home/josh/tdm/infer/worktrees/flashinfer-nvfp4-kv/benchmarks/bench_sm120_nvfp4_cutlass_fused_attention.py --device 0 --q-len 1024 --kv-len 32768 --head-dim 256 --group 8 --split-kv-len 6656 --warmup 1 --repeat 3 --sm120-qkv-online-splitkv-reuse2-full-grid-bench
1024,32768,256,8,nvfp4_fa2,,2.4759039878845215,2.4901440143585205,,,,,ok,,/home/josh/tdm/infer/current/.venv/bin/python /home/josh/tdm/infer/worktrees/flashinfer-nvfp4-kv/benchmarks/bench_nvfp4_fmha_v2_gqa_grouped_attention.py --device 0 --gemma4-shape custom --q-len 1024 --kv-len 32768 --head-dim 256 --group-sizes 8 --batch-size 1 --only grouped-fp4 --fp4-backend fa2 --fp4-v-layout nhd --fp4-v-sf-layout linear --bf16-backend fa2 --warmup 1 --repeat 3
1024,32768,256,8,fp8_fa2,,2.1499199867248535,2.1690773169199624,,,,,ok,,/home/josh/tdm/infer/current/.venv/bin/python /home/josh/tdm/infer/worktrees/flashinfer-nvfp4-kv/benchmarks/bench_nvfp4_fmha_v2_gqa_grouped_attention.py --device 0 --gemma4-shape custom --q-len 1024 --kv-len 32768 --head-dim 256 --group-sizes 8 --batch-size 1 --only fp8 --fp4-backend fa2 --fp4-v-layout nhd --fp4-v-sf-layout linear --bf16-backend fa2 --warmup 1 --repeat 3
1024,32768,256,8,bf16_fa2,,1.4892799854278564,1.5080106655756633,,,,,ok,,/home/josh/tdm/infer/current/.venv/bin/python /home/josh/tdm/infer/worktrees/flashinfer-nvfp4-kv/benchmarks/bench_nvfp4_fmha_v2_gqa_grouped_attention.py --device 0 --gemma4-shape custom --q-len 1024 --kv-len 32768 --head-dim 256 --group-sizes 8 --batch-size 1 --only bf16 --fp4-backend fa2 --fp4-v-layout nhd --fp4-v-sf-layout linear --bf16-backend fa2 --warmup 1 --repeat 3
1024,65536,256,8,sm120_fused,2,1.2149120569229126,1.2189120054244995,0.9930034875869751,10,6656,50176,ok,,/home/josh/tdm/infer/current/.venv/bin/python /home/josh/tdm/infer/worktrees/flashinfer-nvfp4-kv/benchmarks/bench_sm120_nvfp4_cutlass_fused_attention.py --device 0 --q-len 1024 --kv-len 65536 --head-dim 256 --group 8 --split-kv-len 6656 --warmup 1 --repeat 3 --sm120-qkv-online-splitkv-reuse2-full-grid-bench
1024,65536,256,8,nvfp4_fa2,,4.92409610748291,4.9482347170511884,,,,,ok,,/home/josh/tdm/infer/current/.venv/bin/python /home/josh/tdm/infer/worktrees/flashinfer-nvfp4-kv/benchmarks/bench_nvfp4_fmha_v2_gqa_grouped_attention.py --device 0 --gemma4-shape custom --q-len 1024 --kv-len 65536 --head-dim 256 --group-sizes 8 --batch-size 1 --only grouped-fp4 --fp4-backend fa2 --fp4-v-layout nhd --fp4-v-sf-layout linear --bf16-backend fa2 --warmup 1 --repeat 3
1024,65536,256,8,fp8_fa2,,4.276512145996094,4.295423984527588,,,,,ok,,/home/josh/tdm/infer/current/.venv/bin/python /home/josh/tdm/infer/worktrees/flashinfer-nvfp4-kv/benchmarks/bench_nvfp4_fmha_v2_gqa_grouped_attention.py --device 0 --gemma4-shape custom --q-len 1024 --kv-len 65536 --head-dim 256 --group-sizes 8 --batch-size 1 --only fp8 --fp4-backend fa2 --fp4-v-layout nhd --fp4-v-sf-layout linear --bf16-backend fa2 --warmup 1 --repeat 3
1024,65536,256,8,bf16_fa2,,2.9519360065460205,2.971338669459025,,,,,ok,,/home/josh/tdm/infer/current/.venv/bin/python /home/josh/tdm/infer/worktrees/flashinfer-nvfp4-kv/benchmarks/bench_nvfp4_fmha_v2_gqa_grouped_attention.py --device 0 --gemma4-shape custom --q-len 1024 --kv-len 65536 --head-dim 256 --group-sizes 8 --batch-size 1 --only bf16 --fp4-backend fa2 --fp4-v-layout nhd --fp4-v-sf-layout linear --bf16-backend fa2 --warmup 1 --repeat 3
1024,131072,256,8,sm120_fused,2,2.430624008178711,2.434218724568685,0.9901689887046814,20,6656,50176,ok,,/home/josh/tdm/infer/current/.venv/bin/python /home/josh/tdm/infer/worktrees/flashinfer-nvfp4-kv/benchmarks/bench_sm120_nvfp4_cutlass_fused_attention.py --device 0 --q-len 1024 --kv-len 131072 --head-dim 256 --group 8 --split-kv-len 6656 --warmup 1 --repeat 3 --sm120-qkv-online-splitkv-reuse2-full-grid-bench
1024,131072,256,8,nvfp4_fa2,,9.872127532958984,9.884085019429525,,,,,ok,,/home/josh/tdm/infer/current/.venv/bin/python /home/josh/tdm/infer/worktrees/flashinfer-nvfp4-kv/benchmarks/bench_nvfp4_fmha_v2_gqa_grouped_attention.py --device 0 --gemma4-shape custom --q-len 1024 --kv-len 131072 --head-dim 256 --group-sizes 8 --batch-size 1 --only grouped-fp4 --fp4-backend fa2 --fp4-v-layout nhd --fp4-v-sf-layout linear --bf16-backend fa2 --warmup 1 --repeat 3
1024,131072,256,8,fp8_fa2,,8.533087730407715,8.552255948384603,,,,,ok,,/home/josh/tdm/infer/current/.venv/bin/python /home/josh/tdm/infer/worktrees/flashinfer-nvfp4-kv/benchmarks/bench_nvfp4_fmha_v2_gqa_grouped_attention.py --device 0 --gemma4-shape custom --q-len 1024 --kv-len 131072 --head-dim 256 --group-sizes 8 --batch-size 1 --only fp8 --fp4-backend fa2 --fp4-v-layout nhd --fp4-v-sf-layout linear --bf16-backend fa2 --warmup 1 --repeat 3
1024,131072,256,8,bf16_fa2,,5.9423041343688965,5.962122758229573,,,,,ok,,/home/josh/tdm/infer/current/.venv/bin/python /home/josh/tdm/infer/worktrees/flashinfer-nvfp4-kv/benchmarks/bench_nvfp4_fmha_v2_gqa_grouped_attention.py --device 0 --gemma4-shape custom --q-len 1024 --kv-len 131072 --head-dim 256 --group-sizes 8 --batch-size 1 --only bf16 --fp4-backend fa2 --fp4-v-layout nhd --fp4-v-sf-layout linear --bf16-backend fa2 --warmup 1 --repeat 3
1024,262144,256,8,sm120_fused,2,5.068607807159424,5.071455955505371,0.991946280002594,40,6656,50176,ok,,/home/josh/tdm/infer/current/.venv/bin/python /home/josh/tdm/infer/worktrees/flashinfer-nvfp4-kv/benchmarks/bench_sm120_nvfp4_cutlass_fused_attention.py --device 0 --q-len 1024 --kv-len 262144 --head-dim 256 --group 8 --split-kv-len 6656 --warmup 1 --repeat 3 --sm120-qkv-online-splitkv-reuse2-full-grid-bench
1024,262144,256,8,nvfp4_fa2,,19.7007999420166,19.74084218343099,,,,,ok,,/home/josh/tdm/infer/current/.venv/bin/python /home/josh/tdm/infer/worktrees/flashinfer-nvfp4-kv/benchmarks/bench_nvfp4_fmha_v2_gqa_grouped_attention.py --device 0 --gemma4-shape custom --q-len 1024 --kv-len 262144 --head-dim 256 --group-sizes 8 --batch-size 1 --only grouped-fp4 --fp4-backend fa2 --fp4-v-layout nhd --fp4-v-sf-layout linear --bf16-backend fa2 --warmup 1 --repeat 3
1024,262144,256,8,fp8_fa2,,17.065216064453125,17.113898595174152,,,,,ok,,/home/josh/tdm/infer/current/.venv/bin/python /home/josh/tdm/infer/worktrees/flashinfer-nvfp4-kv/benchmarks/bench_nvfp4_fmha_v2_gqa_grouped_attention.py --device 0 --gemma4-shape custom --q-len 1024 --kv-len 262144 --head-dim 256 --group-sizes 8 --batch-size 1 --only fp8 --fp4-backend fa2 --fp4-v-layout nhd --fp4-v-sf-layout linear --bf16-backend fa2 --warmup 1 --repeat 3
1024,262144,256,8,bf16_fa2,,11.867072105407715,11.893941243489584,,,,,ok,,/home/josh/tdm/infer/current/.venv/bin/python /home/josh/tdm/infer/worktrees/flashinfer-nvfp4-kv/benchmarks/bench_nvfp4_fmha_v2_gqa_grouped_attention.py --device 0 --gemma4-shape custom --q-len 1024 --kv-len 262144 --head-dim 256 --group-sizes 8 --batch-size 1 --only bf16 --fp4-backend fa2 --fp4-v-layout nhd --fp4-v-sf-layout linear --bf16-backend fa2 --warmup 1 --repeat 3
2048,8192,256,8,sm120_fused,2,0.36428800225257874,0.36983466148376465,0.9893119931221008,2,6656,50176,ok,,/home/josh/tdm/infer/current/.venv/bin/python /home/josh/tdm/infer/worktrees/flashinfer-nvfp4-kv/benchmarks/bench_sm120_nvfp4_cutlass_fused_attention.py --device 0 --q-len 2048 --kv-len 8192 --head-dim 256 --group 8 --split-kv-len 6656 --warmup 1 --repeat 3 --sm120-qkv-online-splitkv-reuse2-full-grid-bench
2048,8192,256,8,nvfp4_fa2,,1.1767679452896118,1.1901653210322063,,,,,ok,,/home/josh/tdm/infer/current/.venv/bin/python /home/josh/tdm/infer/worktrees/flashinfer-nvfp4-kv/benchmarks/bench_nvfp4_fmha_v2_gqa_grouped_attention.py --device 0 --gemma4-shape custom --q-len 2048 --kv-len 8192 --head-dim 256 --group-sizes 8 --batch-size 1 --only grouped-fp4 --fp4-backend fa2 --fp4-v-layout nhd --fp4-v-sf-layout linear --bf16-backend fa2 --warmup 1 --repeat 3
2048,8192,256,8,fp8_fa2,,1.0255359411239624,1.0398399829864502,,,,,ok,,/home/josh/tdm/infer/current/.venv/bin/python /home/josh/tdm/infer/worktrees/flashinfer-nvfp4-kv/benchmarks/bench_nvfp4_fmha_v2_gqa_grouped_attention.py --device 0 --gemma4-shape custom --q-len 2048 --kv-len 8192 --head-dim 256 --group-sizes 8 --batch-size 1 --only fp8 --fp4-backend fa2 --fp4-v-layout nhd --fp4-v-sf-layout linear --bf16-backend fa2 --warmup 1 --repeat 3
2048,8192,256,8,bf16_fa2,,0.7118719816207886,0.7226773301760355,,,,,ok,,/home/josh/tdm/infer/current/.venv/bin/python /home/josh/tdm/infer/worktrees/flashinfer-nvfp4-kv/benchmarks/bench_nvfp4_fmha_v2_gqa_grouped_attention.py --device 0 --gemma4-shape custom --q-len 2048 --kv-len 8192 --head-dim 256 --group-sizes 8 --batch-size 1 --only bf16 --fp4-backend fa2 --fp4-v-layout nhd --fp4-v-sf-layout linear --bf16-backend fa2 --warmup 1 --repeat 3
2048,32768,256,8,sm120_fused,2,1.2082560062408447,1.213642676671346,0.9909491539001465,5,6656,50176,ok,,/home/josh/tdm/infer/current/.venv/bin/python /home/josh/tdm/infer/worktrees/flashinfer-nvfp4-kv/benchmarks/bench_sm120_nvfp4_cutlass_fused_attention.py --device 0 --q-len 2048 --kv-len 32768 --head-dim 256 --group 8 --split-kv-len 6656 --warmup 1 --repeat 3 --sm120-qkv-online-splitkv-reuse2-full-grid-bench
2048,32768,256,8,nvfp4_fa2,,4.8542399406433105,4.861525217692058,,,,,ok,,/home/josh/tdm/infer/current/.venv/bin/python /home/josh/tdm/infer/worktrees/flashinfer-nvfp4-kv/benchmarks/bench_nvfp4_fmha_v2_gqa_grouped_attention.py --device 0 --gemma4-shape custom --q-len 2048 --kv-len 32768 --head-dim 256 --group-sizes 8 --batch-size 1 --only grouped-fp4 --fp4-backend fa2 --fp4-v-layout nhd --fp4-v-sf-layout linear --bf16-backend fa2 --warmup 1 --repeat 3
2048,32768,256,8,fp8_fa2,,4.219615936279297,4.232042630513509,,,,,ok,,/home/josh/tdm/infer/current/.venv/bin/python /home/josh/tdm/infer/worktrees/flashinfer-nvfp4-kv/benchmarks/bench_nvfp4_fmha_v2_gqa_grouped_attention.py --device 0 --gemma4-shape custom --q-len 2048 --kv-len 32768 --head-dim 256 --group-sizes 8 --batch-size 1 --only fp8 --fp4-backend fa2 --fp4-v-layout nhd --fp4-v-sf-layout linear --bf16-backend fa2 --warmup 1 --repeat 3
2048,32768,256,8,bf16_fa2,,2.9206719398498535,2.932117303212484,,,,,ok,,/home/josh/tdm/infer/current/.venv/bin/python /home/josh/tdm/infer/worktrees/flashinfer-nvfp4-kv/benchmarks/bench_nvfp4_fmha_v2_gqa_grouped_attention.py --device 0 --gemma4-shape custom --q-len 2048 --kv-len 32768 --head-dim 256 --group-sizes 8 --batch-size 1 --only bf16 --fp4-backend fa2 --fp4-v-layout nhd --fp4-v-sf-layout linear --bf16-backend fa2 --warmup 1 --repeat 3
2048,65536,256,8,sm120_fused,2,2.416896104812622,2.4185173511505127,0.9919660091400146,10,6656,50176,ok,,/home/josh/tdm/infer/current/.venv/bin/python /home/josh/tdm/infer/worktrees/flashinfer-nvfp4-kv/benchmarks/bench_sm120_nvfp4_cutlass_fused_attention.py --device 0 --q-len 2048 --kv-len 65536 --head-dim 256 --group 8 --split-kv-len 6656 --warmup 1 --repeat 3 --sm120-qkv-online-splitkv-reuse2-full-grid-bench
2048,65536,256,8,nvfp4_fa2,,9.767007827758789,9.782922744750977,,,,,ok,,/home/josh/tdm/infer/current/.venv/bin/python /home/josh/tdm/infer/worktrees/flashinfer-nvfp4-kv/benchmarks/bench_nvfp4_fmha_v2_gqa_grouped_attention.py --device 0 --gemma4-shape custom --q-len 2048 --kv-len 65536 --head-dim 256 --group-sizes 8 --batch-size 1 --only grouped-fp4 --fp4-backend fa2 --fp4-v-layout nhd --fp4-v-sf-layout linear --bf16-backend fa2 --warmup 1 --repeat 3
2048,65536,256,8,fp8_fa2,,8.46828842163086,8.502912203470865,,,,,ok,,/home/josh/tdm/infer/current/.venv/bin/python /home/josh/tdm/infer/worktrees/flashinfer-nvfp4-kv/benchmarks/bench_nvfp4_fmha_v2_gqa_grouped_attention.py --device 0 --gemma4-shape custom --q-len 2048 --kv-len 65536 --head-dim 256 --group-sizes 8 --batch-size 1 --only fp8 --fp4-backend fa2 --fp4-v-layout nhd --fp4-v-sf-layout linear --bf16-backend fa2 --warmup 1 --repeat 3
2048,65536,256,8,bf16_fa2,,5.838848114013672,5.853013356526692,,,,,ok,,/home/josh/tdm/infer/current/.venv/bin/python /home/josh/tdm/infer/worktrees/flashinfer-nvfp4-kv/benchmarks/bench_nvfp4_fmha_v2_gqa_grouped_attention.py --device 0 --gemma4-shape custom --q-len 2048 --kv-len 65536 --head-dim 256 --group-sizes 8 --batch-size 1 --only bf16 --fp4-backend fa2 --fp4-v-layout nhd --fp4-v-sf-layout linear --bf16-backend fa2 --warmup 1 --repeat 3
2048,131072,256,8,sm120_fused,2,4.958816051483154,4.978367964426677,0.990984320640564,20,6656,50176,ok,,/home/josh/tdm/infer/current/.venv/bin/python /home/josh/tdm/infer/worktrees/flashinfer-nvfp4-kv/benchmarks/bench_sm120_nvfp4_cutlass_fused_attention.py --device 0 --q-len 2048 --kv-len 131072 --head-dim 256 --group 8 --split-kv-len 6656 --warmup 1 --repeat 3 --sm120-qkv-online-splitkv-reuse2-full-grid-bench
2048,131072,256,8,nvfp4_fa2,,19.625856399536133,19.658837000528973,,,,,ok,,/home/josh/tdm/infer/current/.venv/bin/python /home/josh/tdm/infer/worktrees/flashinfer-nvfp4-kv/benchmarks/bench_nvfp4_fmha_v2_gqa_grouped_attention.py --device 0 --gemma4-shape custom --q-len 2048 --kv-len 131072 --head-dim 256 --group-sizes 8 --batch-size 1 --only grouped-fp4 --fp4-backend fa2 --fp4-v-layout nhd --fp4-v-sf-layout linear --bf16-backend fa2 --warmup 1 --repeat 3
2048,131072,256,8,fp8_fa2,,16.96067237854004,16.974623998006184,,,,,ok,,/home/josh/tdm/infer/current/.venv/bin/python /home/josh/tdm/infer/worktrees/flashinfer-nvfp4-kv/benchmarks/bench_nvfp4_fmha_v2_gqa_grouped_attention.py --device 0 --gemma4-shape custom --q-len 2048 --kv-len 131072 --head-dim 256 --group-sizes 8 --batch-size 1 --only fp8 --fp4-backend fa2 --fp4-v-layout nhd --fp4-v-sf-layout linear --bf16-backend fa2 --warmup 1 --repeat 3
2048,131072,256,8,bf16_fa2,,11.793951988220215,11.805375734965006,,,,,ok,,/home/josh/tdm/infer/current/.venv/bin/python /home/josh/tdm/infer/worktrees/flashinfer-nvfp4-kv/benchmarks/bench_nvfp4_fmha_v2_gqa_grouped_attention.py --device 0 --gemma4-shape custom --q-len 2048 --kv-len 131072 --head-dim 256 --group-sizes 8 --batch-size 1 --only bf16 --fp4-backend fa2 --fp4-v-layout nhd --fp4-v-sf-layout linear --bf16-backend fa2 --warmup 1 --repeat 3
2048,262144,256,8,sm120_fused,2,9.914336204528809,9.918976147969564,0.9926008582115173,40,6656,50176,ok,,/home/josh/tdm/infer/current/.venv/bin/python /home/josh/tdm/infer/worktrees/flashinfer-nvfp4-kv/benchmarks/bench_sm120_nvfp4_cutlass_fused_attention.py --device 0 --q-len 2048 --kv-len 262144 --head-dim 256 --group 8 --split-kv-len 6656 --warmup 1 --repeat 3 --sm120-qkv-online-splitkv-reuse2-full-grid-bench
2048,262144,256,8,nvfp4_fa2,,39.48262405395508,39.50717798868815,,,,,ok,,/home/josh/tdm/infer/current/.venv/bin/python /home/josh/tdm/infer/worktrees/flashinfer-nvfp4-kv/benchmarks/bench_nvfp4_fmha_v2_gqa_grouped_attention.py --device 0 --gemma4-shape custom --q-len 2048 --kv-len 262144 --head-dim 256 --group-sizes 8 --batch-size 1 --only grouped-fp4 --fp4-backend fa2 --fp4-v-layout nhd --fp4-v-sf-layout linear --bf16-backend fa2 --warmup 1 --repeat 3
2048,262144,256,8,fp8_fa2,,34.04633712768555,34.196651458740234,,,,,ok,,/home/josh/tdm/infer/current/.venv/bin/python /home/josh/tdm/infer/worktrees/flashinfer-nvfp4-kv/benchmarks/bench_nvfp4_fmha_v2_gqa_grouped_attention.py --device 0 --gemma4-shape custom --q-len 2048 --kv-len 262144 --head-dim 256 --group-sizes 8 --batch-size 1 --only fp8 --fp4-backend fa2 --fp4-v-layout nhd --fp4-v-sf-layout linear --bf16-backend fa2 --warmup 1 --repeat 3
2048,262144,256,8,bf16_fa2,,23.635135650634766,23.647647857666016,,,,,ok,,/home/josh/tdm/infer/current/.venv/bin/python /home/josh/tdm/infer/worktrees/flashinfer-nvfp4-kv/benchmarks/bench_nvfp4_fmha_v2_gqa_grouped_attention.py --device 0 --gemma4-shape custom --q-len 2048 --kv-len 262144 --head-dim 256 --group-sizes 8 --batch-size 1 --only bf16 --fp4-backend fa2 --fp4-v-layout nhd --fp4-v-sf-layout linear --bf16-backend fa2 --warmup 1 --repeat 3
4096,8192,256,8,sm120_fused,2,0.6463680267333984,0.6511786778767904,0.9905922412872314,2,6656,50176,ok,,/home/josh/tdm/infer/current/.venv/bin/python /home/josh/tdm/infer/worktrees/flashinfer-nvfp4-kv/benchmarks/bench_sm120_nvfp4_cutlass_fused_attention.py --device 0 --q-len 4096 --kv-len 8192 --head-dim 256 --group 8 --split-kv-len 6656 --warmup 1 --repeat 3 --sm120-qkv-online-splitkv-reuse2-full-grid-bench
4096,8192,256,8,nvfp4_fa2,,1.6690239906311035,1.685418685277303,,,,,ok,,/home/josh/tdm/infer/current/.venv/bin/python /home/josh/tdm/infer/worktrees/flashinfer-nvfp4-kv/benchmarks/bench_nvfp4_fmha_v2_gqa_grouped_attention.py --device 0 --gemma4-shape custom --q-len 4096 --kv-len 8192 --head-dim 256 --group-sizes 8 --batch-size 1 --only grouped-fp4 --fp4-backend fa2 --fp4-v-layout nhd --fp4-v-sf-layout linear --bf16-backend fa2 --warmup 1 --repeat 3
4096,8192,256,8,fp8_fa2,,1.501952052116394,1.51474134127299,,,,,ok,,/home/josh/tdm/infer/current/.venv/bin/python /home/josh/tdm/infer/worktrees/flashinfer-nvfp4-kv/benchmarks/bench_nvfp4_fmha_v2_gqa_grouped_attention.py --device 0 --gemma4-shape custom --q-len 4096 --kv-len 8192 --head-dim 256 --group-sizes 8 --batch-size 1 --only fp8 --fp4-backend fa2 --fp4-v-layout nhd --fp4-v-sf-layout linear --bf16-backend fa2 --warmup 1 --repeat 3
4096,8192,256,8,bf16_fa2,,1.0296640396118164,1.0451840162277222,,,,,ok,,/home/josh/tdm/infer/current/.venv/bin/python /home/josh/tdm/infer/worktrees/flashinfer-nvfp4-kv/benchmarks/bench_nvfp4_fmha_v2_gqa_grouped_attention.py --device 0 --gemma4-shape custom --q-len 4096 --kv-len 8192 --head-dim 256 --group-sizes 8 --batch-size 1 --only bf16 --fp4-backend fa2 --fp4-v-layout nhd --fp4-v-sf-layout linear --bf16-backend fa2 --warmup 1 --repeat 3
4096,32768,256,8,sm120_fused,2,2.421247959136963,2.4241066773732505,0.9928122162818909,5,6656,50176,ok,,/home/josh/tdm/infer/current/.venv/bin/python /home/josh/tdm/infer/worktrees/flashinfer-nvfp4-kv/benchmarks/bench_sm120_nvfp4_cutlass_fused_attention.py --device 0 --q-len 4096 --kv-len 32768 --head-dim 256 --group 8 --split-kv-len 6656 --warmup 1 --repeat 3 --sm120-qkv-online-splitkv-reuse2-full-grid-bench
4096,32768,256,8,nvfp4_fa2,,7.744959831237793,7.752511978149414,,,,,ok,,/home/josh/tdm/infer/current/.venv/bin/python /home/josh/tdm/infer/worktrees/flashinfer-nvfp4-kv/benchmarks/bench_nvfp4_fmha_v2_gqa_grouped_attention.py --device 0 --gemma4-shape custom --q-len 4096 --kv-len 32768 --head-dim 256 --group-sizes 8 --batch-size 1 --only grouped-fp4 --fp4-backend fa2 --fp4-v-layout nhd --fp4-v-sf-layout linear --bf16-backend fa2 --warmup 1 --repeat 3
4096,32768,256,8,fp8_fa2,,6.994976043701172,7.002240022023519,,,,,ok,,/home/josh/tdm/infer/current/.venv/bin/python /home/josh/tdm/infer/worktrees/flashinfer-nvfp4-kv/benchmarks/bench_nvfp4_fmha_v2_gqa_grouped_attention.py --device 0 --gemma4-shape custom --q-len 4096 --kv-len 32768 --head-dim 256 --group-sizes 8 --batch-size 1 --only fp8 --fp4-backend fa2 --fp4-v-layout nhd --fp4-v-sf-layout linear --bf16-backend fa2 --warmup 1 --repeat 3
4096,32768,256,8,bf16_fa2,,4.773952007293701,4.804042816162109,,,,,ok,,/home/josh/tdm/infer/current/.venv/bin/python /home/josh/tdm/infer/worktrees/flashinfer-nvfp4-kv/benchmarks/bench_nvfp4_fmha_v2_gqa_grouped_attention.py --device 0 --gemma4-shape custom --q-len 4096 --kv-len 32768 --head-dim 256 --group-sizes 8 --batch-size 1 --only bf16 --fp4-backend fa2 --fp4-v-layout nhd --fp4-v-sf-layout linear --bf16-backend fa2 --warmup 1 --repeat 3
4096,65536,256,8,sm120_fused,2,4.969759941101074,4.972362518310547,0.9908178448677063,10,6656,50176,ok,,/home/josh/tdm/infer/current/.venv/bin/python /home/josh/tdm/infer/worktrees/flashinfer-nvfp4-kv/benchmarks/bench_sm120_nvfp4_cutlass_fused_attention.py --device 0 --q-len 4096 --kv-len 65536 --head-dim 256 --group 8 --split-kv-len 6656 --warmup 1 --repeat 3 --sm120-qkv-online-splitkv-reuse2-full-grid-bench
4096,65536,256,8,nvfp4_fa2,,15.817312240600586,15.82314682006836,,,,,ok,,/home/josh/tdm/infer/current/.venv/bin/python /home/josh/tdm/infer/worktrees/flashinfer-nvfp4-kv/benchmarks/bench_nvfp4_fmha_v2_gqa_grouped_attention.py --device 0 --gemma4-shape custom --q-len 4096 --kv-len 65536 --head-dim 256 --group-sizes 8 --batch-size 1 --only grouped-fp4 --fp4-backend fa2 --fp4-v-layout nhd --fp4-v-sf-layout linear --bf16-backend fa2 --warmup 1 --repeat 3
4096,65536,256,8,fp8_fa2,,14.308256149291992,14.316778818766275,,,,,ok,,/home/josh/tdm/infer/current/.venv/bin/python /home/josh/tdm/infer/worktrees/flashinfer-nvfp4-kv/benchmarks/bench_nvfp4_fmha_v2_gqa_grouped_attention.py --device 0 --gemma4-shape custom --q-len 4096 --kv-len 65536 --head-dim 256 --group-sizes 8 --batch-size 1 --only fp8 --fp4-backend fa2 --fp4-v-layout nhd --fp4-v-sf-layout linear --bf16-backend fa2 --warmup 1 --repeat 3
4096,65536,256,8,bf16_fa2,,9.73804759979248,9.746314684549967,,,,,ok,,/home/josh/tdm/infer/current/.venv/bin/python /home/josh/tdm/infer/worktrees/flashinfer-nvfp4-kv/benchmarks/bench_nvfp4_fmha_v2_gqa_grouped_attention.py --device 0 --gemma4-shape custom --q-len 4096 --kv-len 65536 --head-dim 256 --group-sizes 8 --batch-size 1 --only bf16 --fp4-backend fa2 --fp4-v-layout nhd --fp4-v-sf-layout linear --bf16-backend fa2 --warmup 1 --repeat 3
4096,131072,256,8,sm120_fused,2,9.876928329467773,9.888320287068685,0.9888155460357666,20,6656,50176,ok,,/home/josh/tdm/infer/current/.venv/bin/python /home/josh/tdm/infer/worktrees/flashinfer-nvfp4-kv/benchmarks/bench_sm120_nvfp4_cutlass_fused_attention.py --device 0 --q-len 4096 --kv-len 131072 --head-dim 256 --group 8 --split-kv-len 6656 --warmup 1 --repeat 3 --sm120-qkv-online-splitkv-reuse2-full-grid-bench
4096,131072,256,8,nvfp4_fa2,,32.020286560058594,32.40031941731771,,,,,ok,,/home/josh/tdm/infer/current/.venv/bin/python /home/josh/tdm/infer/worktrees/flashinfer-nvfp4-kv/benchmarks/bench_nvfp4_fmha_v2_gqa_grouped_attention.py --device 0 --gemma4-shape custom --q-len 4096 --kv-len 131072 --head-dim 256 --group-sizes 8 --batch-size 1 --only grouped-fp4 --fp4-backend fa2 --fp4-v-layout nhd --fp4-v-sf-layout linear --bf16-backend fa2 --warmup 1 --repeat 3
4096,131072,256,8,fp8_fa2,,28.93926429748535,29.084287643432617,,,,,ok,,/home/josh/tdm/infer/current/.venv/bin/python /home/josh/tdm/infer/worktrees/flashinfer-nvfp4-kv/benchmarks/bench_nvfp4_fmha_v2_gqa_grouped_attention.py --device 0 --gemma4-shape custom --q-len 4096 --kv-len 131072 --head-dim 256 --group-sizes 8 --batch-size 1 --only fp8 --fp4-backend fa2 --fp4-v-layout nhd --fp4-v-sf-layout linear --bf16-backend fa2 --warmup 1 --repeat 3
4096,131072,256,8,bf16_fa2,,20.26652717590332,20.29437828063965,,,,,ok,,/home/josh/tdm/infer/current/.venv/bin/python /home/josh/tdm/infer/worktrees/flashinfer-nvfp4-kv/benchmarks/bench_nvfp4_fmha_v2_gqa_grouped_attention.py --device 0 --gemma4-shape custom --q-len 4096 --kv-len 131072 --head-dim 256 --group-sizes 8 --batch-size 1 --only bf16 --fp4-backend fa2 --fp4-v-layout nhd --fp4-v-sf-layout linear --bf16-backend fa2 --warmup 1 --repeat 3
4096,262144,256,8,sm120_fused,2,19.663328170776367,19.69148826599121,0.9918500781059265,40,6656,50176,ok,,/home/josh/tdm/infer/current/.venv/bin/python /home/josh/tdm/infer/worktrees/flashinfer-nvfp4-kv/benchmarks/bench_sm120_nvfp4_cutlass_fused_attention.py --device 0 --q-len 4096 --kv-len 262144 --head-dim 256 --group 8 --split-kv-len 6656 --warmup 1 --repeat 3 --sm120-qkv-online-splitkv-reuse2-full-grid-bench
4096,262144,256,8,nvfp4_fa2,,66.0849609375,68.55016581217448,,,,,ok,,/home/josh/tdm/infer/current/.venv/bin/python /home/josh/tdm/infer/worktrees/flashinfer-nvfp4-kv/benchmarks/bench_nvfp4_fmha_v2_gqa_grouped_attention.py --device 0 --gemma4-shape custom --q-len 4096 --kv-len 262144 --head-dim 256 --group-sizes 8 --batch-size 1 --only grouped-fp4 --fp4-backend fa2 --fp4-v-layout nhd --fp4-v-sf-layout linear --bf16-backend fa2 --warmup 1 --repeat 3
4096,262144,256,8,fp8_fa2,,58.90166473388672,61.85327021280924,,,,,ok,,/home/josh/tdm/infer/current/.venv/bin/python /home/josh/tdm/infer/worktrees/flashinfer-nvfp4-kv/benchmarks/bench_nvfp4_fmha_v2_gqa_grouped_attention.py --device 0 --gemma4-shape custom --q-len 4096 --kv-len 262144 --head-dim 256 --group-sizes 8 --batch-size 1 --only fp8 --fp4-backend fa2 --fp4-v-layout nhd --fp4-v-sf-layout linear --bf16-backend fa2 --warmup 1 --repeat 3
4096,262144,256,8,bf16_fa2,,41.50281524658203,42.45514678955078,,,,,ok,,/home/josh/tdm/infer/current/.venv/bin/python /home/josh/tdm/infer/worktrees/flashinfer-nvfp4-kv/benchmarks/bench_nvfp4_fmha_v2_gqa_grouped_attention.py --device 0 --gemma4-shape custom --q-len 4096 --kv-len 262144 --head-dim 256 --group-sizes 8 --batch-size 1 --only bf16 --fp4-backend fa2 --fp4-v-layout nhd --fp4-v-sf-layout linear --bf16-backend fa2 --warmup 1 --repeat 3
128,8192,256,12,sm120_fused,2,0.17158399522304535,0.17505066593488058,0.991568922996521,2,6656,50176,ok,,/home/josh/tdm/infer/current/.venv/bin/python /home/josh/tdm/infer/worktrees/flashinfer-nvfp4-kv/benchmarks/bench_sm120_nvfp4_cutlass_fused_attention.py --device 0 --q-len 128 --kv-len 8192 --head-dim 256 --group 12 --split-kv-len 6656 --warmup 1 --repeat 3 --sm120-qkv-online-splitkv-reuse2-full-grid-bench
128,8192,256,12,nvfp4_fa2,,0.11884800344705582,0.13357866803805032,,,,,ok,,/home/josh/tdm/infer/current/.venv/bin/python /home/josh/tdm/infer/worktrees/flashinfer-nvfp4-kv/benchmarks/bench_nvfp4_fmha_v2_gqa_grouped_attention.py --device 0 --gemma4-shape custom --q-len 128 --kv-len 8192 --head-dim 256 --group-sizes 12 --batch-size 1 --only grouped-fp4 --fp4-backend fa2 --fp4-v-layout nhd --fp4-v-sf-layout linear --bf16-backend fa2 --warmup 1 --repeat 3
128,8192,256,12,fp8_fa2,,0.10972800105810165,0.12383999923865001,,,,,ok,,/home/josh/tdm/infer/current/.venv/bin/python /home/josh/tdm/infer/worktrees/flashinfer-nvfp4-kv/benchmarks/bench_nvfp4_fmha_v2_gqa_grouped_attention.py --device 0 --gemma4-shape custom --q-len 128 --kv-len 8192 --head-dim 256 --group-sizes 12 --batch-size 1 --only fp8 --fp4-backend fa2 --fp4-v-layout nhd --fp4-v-sf-layout linear --bf16-backend fa2 --warmup 1 --repeat 3
128,8192,256,12,bf16_fa2,,0.07766400277614594,0.09347199896971385,,,,,ok,,/home/josh/tdm/infer/current/.venv/bin/python /home/josh/tdm/infer/worktrees/flashinfer-nvfp4-kv/benchmarks/bench_nvfp4_fmha_v2_gqa_grouped_attention.py --device 0 --gemma4-shape custom --q-len 128 --kv-len 8192 --head-dim 256 --group-sizes 12 --batch-size 1 --only bf16 --fp4-backend fa2 --fp4-v-layout nhd --fp4-v-sf-layout linear --bf16-backend fa2 --warmup 1 --repeat 3
128,32768,256,12,sm120_fused,2,0.1855040043592453,0.18642133474349976,0.9913720488548279,5,6656,50176,ok,,/home/josh/tdm/infer/current/.venv/bin/python /home/josh/tdm/infer/worktrees/flashinfer-nvfp4-kv/benchmarks/bench_sm120_nvfp4_cutlass_fused_attention.py --device 0 --q-len 128 --kv-len 32768 --head-dim 256 --group 12 --split-kv-len 6656 --warmup 1 --repeat 3 --sm120-qkv-online-splitkv-reuse2-full-grid-bench
128,32768,256,12,nvfp4_fa2,,0.3853760063648224,0.40016000469525653,,,,,ok,,/home/josh/tdm/infer/current/.venv/bin/python /home/josh/tdm/infer/worktrees/flashinfer-nvfp4-kv/benchmarks/bench_nvfp4_fmha_v2_gqa_grouped_attention.py --device 0 --gemma4-shape custom --q-len 128 --kv-len 32768 --head-dim 256 --group-sizes 12 --batch-size 1 --only grouped-fp4 --fp4-backend fa2 --fp4-v-layout nhd --fp4-v-sf-layout linear --bf16-backend fa2 --warmup 1 --repeat 3
128,32768,256,12,fp8_fa2,,0.3472000062465668,0.3583786686261495,,,,,ok,,/home/josh/tdm/infer/current/.venv/bin/python /home/josh/tdm/infer/worktrees/flashinfer-nvfp4-kv/benchmarks/bench_nvfp4_fmha_v2_gqa_grouped_attention.py --device 0 --gemma4-shape custom --q-len 128 --kv-len 32768 --head-dim 256 --group-sizes 12 --batch-size 1 --only fp8 --fp4-backend fa2 --fp4-v-layout nhd --fp4-v-sf-layout linear --bf16-backend fa2 --warmup 1 --repeat 3
128,32768,256,12,bf16_fa2,,0.24083200097084045,0.2516160011291504,,,,,ok,,/home/josh/tdm/infer/current/.venv/bin/python /home/josh/tdm/infer/worktrees/flashinfer-nvfp4-kv/benchmarks/bench_nvfp4_fmha_v2_gqa_grouped_attention.py --device 0 --gemma4-shape custom --q-len 128 --kv-len 32768 --head-dim 256 --group-sizes 12 --batch-size 1 --only bf16 --fp4-backend fa2 --fp4-v-layout nhd --fp4-v-sf-layout linear --bf16-backend fa2 --warmup 1 --repeat 3
128,65536,256,12,sm120_fused,2,0.34483200311660767,0.34914132952690125,0.9929096102714539,10,6656,50176,ok,,/home/josh/tdm/infer/current/.venv/bin/python /home/josh/tdm/infer/worktrees/flashinfer-nvfp4-kv/benchmarks/bench_sm120_nvfp4_cutlass_fused_attention.py --device 0 --q-len 128 --kv-len 65536 --head-dim 256 --group 12 --split-kv-len 6656 --warmup 1 --repeat 3 --sm120-qkv-online-splitkv-reuse2-full-grid-bench
128,65536,256,12,nvfp4_fa2,,0.7550079822540283,0.7671679854393005,,,,,ok,,/home/josh/tdm/infer/current/.venv/bin/python /home/josh/tdm/infer/worktrees/flashinfer-nvfp4-kv/benchmarks/bench_nvfp4_fmha_v2_gqa_grouped_attention.py --device 0 --gemma4-shape custom --q-len 128 --kv-len 65536 --head-dim 256 --group-sizes 12 --batch-size 1 --only grouped-fp4 --fp4-backend fa2 --fp4-v-layout nhd --fp4-v-sf-layout linear --bf16-backend fa2 --warmup 1 --repeat 3
128,65536,256,12,fp8_fa2,,0.6690559983253479,0.6816746592521667,,,,,ok,,/home/josh/tdm/infer/current/.venv/bin/python /home/josh/tdm/infer/worktrees/flashinfer-nvfp4-kv/benchmarks/bench_nvfp4_fmha_v2_gqa_grouped_attention.py --device 0 --gemma4-shape custom --q-len 128 --kv-len 65536 --head-dim 256 --group-sizes 12 --batch-size 1 --only fp8 --fp4-backend fa2 --fp4-v-layout nhd --fp4-v-sf-layout linear --bf16-backend fa2 --warmup 1 --repeat 3
128,65536,256,12,bf16_fa2,,0.4639039933681488,0.4750293393929799,,,,,ok,,/home/josh/tdm/infer/current/.venv/bin/python /home/josh/tdm/infer/worktrees/flashinfer-nvfp4-kv/benchmarks/bench_nvfp4_fmha_v2_gqa_grouped_attention.py --device 0 --gemma4-shape custom --q-len 128 --kv-len 65536 --head-dim 256 --group-sizes 12 --batch-size 1 --only bf16 --fp4-backend fa2 --fp4-v-layout nhd --fp4-v-sf-layout linear --bf16-backend fa2 --warmup 1 --repeat 3
128,131072,256,12,sm120_fused,2,0.5257920026779175,0.5294506748517355,0.9900654554367065,20,6656,50176,ok,,/home/josh/tdm/infer/current/.venv/bin/python /home/josh/tdm/infer/worktrees/flashinfer-nvfp4-kv/benchmarks/bench_sm120_nvfp4_cutlass_fused_attention.py --device 0 --q-len 128 --kv-len 131072 --head-dim 256 --group 12 --split-kv-len 6656 --warmup 1 --repeat 3 --sm120-qkv-online-splitkv-reuse2-full-grid-bench
128,131072,256,12,nvfp4_fa2,,1.489408016204834,1.5026346445083618,,,,,ok,,/home/josh/tdm/infer/current/.venv/bin/python /home/josh/tdm/infer/worktrees/flashinfer-nvfp4-kv/benchmarks/bench_nvfp4_fmha_v2_gqa_grouped_attention.py --device 0 --gemma4-shape custom --q-len 128 --kv-len 131072 --head-dim 256 --group-sizes 12 --batch-size 1 --only grouped-fp4 --fp4-backend fa2 --fp4-v-layout nhd --fp4-v-sf-layout linear --bf16-backend fa2 --warmup 1 --repeat 3
128,131072,256,12,fp8_fa2,,1.3249599933624268,1.3353493213653564,,,,,ok,,/home/josh/tdm/infer/current/.venv/bin/python /home/josh/tdm/infer/worktrees/flashinfer-nvfp4-kv/benchmarks/bench_nvfp4_fmha_v2_gqa_grouped_attention.py --device 0 --gemma4-shape custom --q-len 128 --kv-len 131072 --head-dim 256 --group-sizes 12 --batch-size 1 --only fp8 --fp4-backend fa2 --fp4-v-layout nhd --fp4-v-sf-layout linear --bf16-backend fa2 --warmup 1 --repeat 3
128,131072,256,12,bf16_fa2,,0.9344320297241211,0.9435733358065287,,,,,ok,,/home/josh/tdm/infer/current/.venv/bin/python /home/josh/tdm/infer/worktrees/flashinfer-nvfp4-kv/benchmarks/bench_nvfp4_fmha_v2_gqa_grouped_attention.py --device 0 --gemma4-shape custom --q-len 128 --kv-len 131072 --head-dim 256 --group-sizes 12 --batch-size 1 --only bf16 --fp4-backend fa2 --fp4-v-layout nhd --fp4-v-sf-layout linear --bf16-backend fa2 --warmup 1 --repeat 3
128,262144,256,12,sm120_fused,2,0.9526399970054626,0.9557439883550009,0.991694986820221,40,6656,50176,ok,,/home/josh/tdm/infer/current/.venv/bin/python /home/josh/tdm/infer/worktrees/flashinfer-nvfp4-kv/benchmarks/bench_sm120_nvfp4_cutlass_fused_attention.py --device 0 --q-len 128 --kv-len 262144 --head-dim 256 --group 12 --split-kv-len 6656 --warmup 1 --repeat 3 --sm120-qkv-online-splitkv-reuse2-full-grid-bench
128,262144,256,12,nvfp4_fa2,,2.9584639072418213,2.9698452949523926,,,,,ok,,/home/josh/tdm/infer/current/.venv/bin/python /home/josh/tdm/infer/worktrees/flashinfer-nvfp4-kv/benchmarks/bench_nvfp4_fmha_v2_gqa_grouped_attention.py --device 0 --gemma4-shape custom --q-len 128 --kv-len 262144 --head-dim 256 --group-sizes 12 --batch-size 1 --only grouped-fp4 --fp4-backend fa2 --fp4-v-layout nhd --fp4-v-sf-layout linear --bf16-backend fa2 --warmup 1 --repeat 3
128,262144,256,12,fp8_fa2,,2.659327983856201,2.6937920252482095,,,,,ok,,/home/josh/tdm/infer/current/.venv/bin/python /home/josh/tdm/infer/worktrees/flashinfer-nvfp4-kv/benchmarks/bench_nvfp4_fmha_v2_gqa_grouped_attention.py --device 0 --gemma4-shape custom --q-len 128 --kv-len 262144 --head-dim 256 --group-sizes 12 --batch-size 1 --only fp8 --fp4-backend fa2 --fp4-v-layout nhd --fp4-v-sf-layout linear --bf16-backend fa2 --warmup 1 --repeat 3
128,262144,256,12,bf16_fa2,,1.8691200017929077,1.8823573191960652,,,,,ok,,/home/josh/tdm/infer/current/.venv/bin/python /home/josh/tdm/infer/worktrees/flashinfer-nvfp4-kv/benchmarks/bench_nvfp4_fmha_v2_gqa_grouped_attention.py --device 0 --gemma4-shape custom --q-len 128 --kv-len 262144 --head-dim 256 --group-sizes 12 --batch-size 1 --only bf16 --fp4-backend fa2 --fp4-v-layout nhd --fp4-v-sf-layout linear --bf16-backend fa2 --warmup 1 --repeat 3
256,8192,256,12,sm120_fused,2,0.175135999917984,0.17785600324471793,0.9915114641189575,2,6656,50176,ok,,/home/josh/tdm/infer/current/.venv/bin/python /home/josh/tdm/infer/worktrees/flashinfer-nvfp4-kv/benchmarks/bench_sm120_nvfp4_cutlass_fused_attention.py --device 0 --q-len 256 --kv-len 8192 --head-dim 256 --group 12 --split-kv-len 6656 --warmup 1 --repeat 3 --sm120-qkv-online-splitkv-reuse2-full-grid-bench
256,8192,256,12,nvfp4_fa2,,0.211776003241539,0.2254933367172877,,,,,ok,,/home/josh/tdm/infer/current/.venv/bin/python /home/josh/tdm/infer/worktrees/flashinfer-nvfp4-kv/benchmarks/bench_nvfp4_fmha_v2_gqa_grouped_attention.py --device 0 --gemma4-shape custom --q-len 256 --kv-len 8192 --head-dim 256 --group-sizes 12 --batch-size 1 --only grouped-fp4 --fp4-backend fa2 --fp4-v-layout nhd --fp4-v-sf-layout linear --bf16-backend fa2 --warmup 1 --repeat 3
256,8192,256,12,fp8_fa2,,0.1897599995136261,0.20813866456349692,,,,,ok,,/home/josh/tdm/infer/current/.venv/bin/python /home/josh/tdm/infer/worktrees/flashinfer-nvfp4-kv/benchmarks/bench_nvfp4_fmha_v2_gqa_grouped_attention.py --device 0 --gemma4-shape custom --q-len 256 --kv-len 8192 --head-dim 256 --group-sizes 12 --batch-size 1 --only fp8 --fp4-backend fa2 --fp4-v-layout nhd --fp4-v-sf-layout linear --bf16-backend fa2 --warmup 1 --repeat 3
256,8192,256,12,bf16_fa2,,0.13545599579811096,0.14878933131694794,,,,,ok,,/home/josh/tdm/infer/current/.venv/bin/python /home/josh/tdm/infer/worktrees/flashinfer-nvfp4-kv/benchmarks/bench_nvfp4_fmha_v2_gqa_grouped_attention.py --device 0 --gemma4-shape custom --q-len 256 --kv-len 8192 --head-dim 256 --group-sizes 12 --batch-size 1 --only bf16 --fp4-backend fa2 --fp4-v-layout nhd --fp4-v-sf-layout linear --bf16-backend fa2 --warmup 1 --repeat 3
256,32768,256,12,sm120_fused,2,0.339711993932724,0.34413867195447284,0.9913415312767029,5,6656,50176,ok,,/home/josh/tdm/infer/current/.venv/bin/python /home/josh/tdm/infer/worktrees/flashinfer-nvfp4-kv/benchmarks/bench_sm120_nvfp4_cutlass_fused_attention.py --device 0 --q-len 256 --kv-len 32768 --head-dim 256 --group 12 --split-kv-len 6656 --warmup 1 --repeat 3 --sm120-qkv-online-splitkv-reuse2-full-grid-bench
256,32768,256,12,nvfp4_fa2,,0.7817280292510986,0.7959040006001791,,,,,ok,,/home/josh/tdm/infer/current/.venv/bin/python /home/josh/tdm/infer/worktrees/flashinfer-nvfp4-kv/benchmarks/bench_nvfp4_fmha_v2_gqa_grouped_attention.py --device 0 --gemma4-shape custom --q-len 256 --kv-len 32768 --head-dim 256 --group-sizes 12 --batch-size 1 --only grouped-fp4 --fp4-backend fa2 --fp4-v-layout nhd --fp4-v-sf-layout linear --bf16-backend fa2 --warmup 1 --repeat 3
256,32768,256,12,fp8_fa2,,0.7009279727935791,0.7111253341039022,,,,,ok,,/home/josh/tdm/infer/current/.venv/bin/python /home/josh/tdm/infer/worktrees/flashinfer-nvfp4-kv/benchmarks/bench_nvfp4_fmha_v2_gqa_grouped_attention.py --device 0 --gemma4-shape custom --q-len 256 --kv-len 32768 --head-dim 256 --group-sizes 12 --batch-size 1 --only fp8 --fp4-backend fa2 --fp4-v-layout nhd --fp4-v-sf-layout linear --bf16-backend fa2 --warmup 1 --repeat 3
256,32768,256,12,bf16_fa2,,0.4824320077896118,0.49375999967257184,,,,,ok,,/home/josh/tdm/infer/current/.venv/bin/python /home/josh/tdm/infer/worktrees/flashinfer-nvfp4-kv/benchmarks/bench_nvfp4_fmha_v2_gqa_grouped_attention.py --device 0 --gemma4-shape custom --q-len 256 --kv-len 32768 --head-dim 256 --group-sizes 12 --batch-size 1 --only bf16 --fp4-backend fa2 --fp4-v-layout nhd --fp4-v-sf-layout linear --bf16-backend fa2 --warmup 1 --repeat 3
256,65536,256,12,sm120_fused,2,0.518559992313385,0.5220586657524109,0.9929366111755371,10,6656,50176,ok,,/home/josh/tdm/infer/current/.venv/bin/python /home/josh/tdm/infer/worktrees/flashinfer-nvfp4-kv/benchmarks/bench_sm120_nvfp4_cutlass_fused_attention.py --device 0 --q-len 256 --kv-len 65536 --head-dim 256 --group 12 --split-kv-len 6656 --warmup 1 --repeat 3 --sm120-qkv-online-splitkv-reuse2-full-grid-bench
256,65536,256,12,nvfp4_fa2,,1.5465600490570068,1.5561173756917317,,,,,ok,,/home/josh/tdm/infer/current/.venv/bin/python /home/josh/tdm/infer/worktrees/flashinfer-nvfp4-kv/benchmarks/bench_nvfp4_fmha_v2_gqa_grouped_attention.py --device 0 --gemma4-shape custom --q-len 256 --kv-len 65536 --head-dim 256 --group-sizes 12 --batch-size 1 --only grouped-fp4 --fp4-backend fa2 --fp4-v-layout nhd --fp4-v-sf-layout linear --bf16-backend fa2 --warmup 1 --repeat 3
256,65536,256,12,fp8_fa2,,1.3705600500106812,1.3860693375269573,,,,,ok,,/home/josh/tdm/infer/current/.venv/bin/python /home/josh/tdm/infer/worktrees/flashinfer-nvfp4-kv/benchmarks/bench_nvfp4_fmha_v2_gqa_grouped_attention.py --device 0 --gemma4-shape custom --q-len 256 --kv-len 65536 --head-dim 256 --group-sizes 12 --batch-size 1 --only fp8 --fp4-backend fa2 --fp4-v-layout nhd --fp4-v-sf-layout linear --bf16-backend fa2 --warmup 1 --repeat 3
256,65536,256,12,bf16_fa2,,0.945472002029419,0.9586666623751322,,,,,ok,,/home/josh/tdm/infer/current/.venv/bin/python /home/josh/tdm/infer/worktrees/flashinfer-nvfp4-kv/benchmarks/bench_nvfp4_fmha_v2_gqa_grouped_attention.py --device 0 --gemma4-shape custom --q-len 256 --kv-len 65536 --head-dim 256 --group-sizes 12 --batch-size 1 --only bf16 --fp4-backend fa2 --fp4-v-layout nhd --fp4-v-sf-layout linear --bf16-backend fa2 --warmup 1 --repeat 3
256,131072,256,12,sm120_fused,2,0.9533759951591492,0.9587946534156799,0.9900122284889221,20,6656,50176,ok,,/home/josh/tdm/infer/current/.venv/bin/python /home/josh/tdm/infer/worktrees/flashinfer-nvfp4-kv/benchmarks/bench_sm120_nvfp4_cutlass_fused_attention.py --device 0 --q-len 256 --kv-len 131072 --head-dim 256 --group 12 --split-kv-len 6656 --warmup 1 --repeat 3 --sm120-qkv-online-splitkv-reuse2-full-grid-bench
256,131072,256,12,nvfp4_fa2,,3.0571200847625732,3.074165423711141,,,,,ok,,/home/josh/tdm/infer/current/.venv/bin/python /home/josh/tdm/infer/worktrees/flashinfer-nvfp4-kv/benchmarks/bench_nvfp4_fmha_v2_gqa_grouped_attention.py --device 0 --gemma4-shape custom --q-len 256 --kv-len 131072 --head-dim 256 --group-sizes 12 --batch-size 1 --only grouped-fp4 --fp4-backend fa2 --fp4-v-layout nhd --fp4-v-sf-layout linear --bf16-backend fa2 --warmup 1 --repeat 3
256,131072,256,12,fp8_fa2,,2.7312960624694824,2.7449920177459717,,,,,ok,,/home/josh/tdm/infer/current/.venv/bin/python /home/josh/tdm/infer/worktrees/flashinfer-nvfp4-kv/benchmarks/bench_nvfp4_fmha_v2_gqa_grouped_attention.py --device 0 --gemma4-shape custom --q-len 256 --kv-len 131072 --head-dim 256 --group-sizes 12 --batch-size 1 --only fp8 --fp4-backend fa2 --fp4-v-layout nhd --fp4-v-sf-layout linear --bf16-backend fa2 --warmup 1 --repeat 3
256,131072,256,12,bf16_fa2,,1.8966399431228638,1.9089173475901287,,,,,ok,,/home/josh/tdm/infer/current/.venv/bin/python /home/josh/tdm/infer/worktrees/flashinfer-nvfp4-kv/benchmarks/bench_nvfp4_fmha_v2_gqa_grouped_attention.py --device 0 --gemma4-shape custom --q-len 256 --kv-len 131072 --head-dim 256 --group-sizes 12 --batch-size 1 --only bf16 --fp4-backend fa2 --fp4-v-layout nhd --fp4-v-sf-layout linear --bf16-backend fa2 --warmup 1 --repeat 3
256,262144,256,12,sm120_fused,2,1.9079680442810059,1.9107733567555745,0.9917851090431213,40,6656,50176,ok,,/home/josh/tdm/infer/current/.venv/bin/python /home/josh/tdm/infer/worktrees/flashinfer-nvfp4-kv/benchmarks/bench_sm120_nvfp4_cutlass_fused_attention.py --device 0 --q-len 256 --kv-len 262144 --head-dim 256 --group 12 --split-kv-len 6656 --warmup 1 --repeat 3 --sm120-qkv-online-splitkv-reuse2-full-grid-bench
256,262144,256,12,nvfp4_fa2,,6.09987211227417,6.107712109883626,,,,,ok,,/home/josh/tdm/infer/current/.venv/bin/python /home/josh/tdm/infer/worktrees/flashinfer-nvfp4-kv/benchmarks/bench_nvfp4_fmha_v2_gqa_grouped_attention.py --device 0 --gemma4-shape custom --q-len 256 --kv-len 262144 --head-dim 256 --group-sizes 12 --batch-size 1 --only grouped-fp4 --fp4-backend fa2 --fp4-v-layout nhd --fp4-v-sf-layout linear --bf16-backend fa2 --warmup 1 --repeat 3
256,262144,256,12,fp8_fa2,,5.479072093963623,5.490720113118489,,,,,ok,,/home/josh/tdm/infer/current/.venv/bin/python /home/josh/tdm/infer/worktrees/flashinfer-nvfp4-kv/benchmarks/bench_nvfp4_fmha_v2_gqa_grouped_attention.py --device 0 --gemma4-shape custom --q-len 256 --kv-len 262144 --head-dim 256 --group-sizes 12 --batch-size 1 --only fp8 --fp4-backend fa2 --fp4-v-layout nhd --fp4-v-sf-layout linear --bf16-backend fa2 --warmup 1 --repeat 3
256,262144,256,12,bf16_fa2,,3.800992012023926,3.842357317606608,,,,,ok,,/home/josh/tdm/infer/current/.venv/bin/python /home/josh/tdm/infer/worktrees/flashinfer-nvfp4-kv/benchmarks/bench_nvfp4_fmha_v2_gqa_grouped_attention.py --device 0 --gemma4-shape custom --q-len 256 --kv-len 262144 --head-dim 256 --group-sizes 12 --batch-size 1 --only bf16 --fp4-backend fa2 --fp4-v-layout nhd --fp4-v-sf-layout linear --bf16-backend fa2 --warmup 1 --repeat 3
512,8192,256,12,sm120_fused,2,0.18796800076961517,0.19173333048820496,0.990006148815155,2,6656,50176,ok,,/home/josh/tdm/infer/current/.venv/bin/python /home/josh/tdm/infer/worktrees/flashinfer-nvfp4-kv/benchmarks/bench_sm120_nvfp4_cutlass_fused_attention.py --device 0 --q-len 512 --kv-len 8192 --head-dim 256 --group 12 --split-kv-len 6656 --warmup 1 --repeat 3 --sm120-qkv-online-splitkv-reuse2-full-grid-bench
512,8192,256,12,nvfp4_fa2,,0.44681599736213684,0.4617919921875,,,,,ok,,/home/josh/tdm/infer/current/.venv/bin/python /home/josh/tdm/infer/worktrees/flashinfer-nvfp4-kv/benchmarks/bench_nvfp4_fmha_v2_gqa_grouped_attention.py --device 0 --gemma4-shape custom --q-len 512 --kv-len 8192 --head-dim 256 --group-sizes 12 --batch-size 1 --only grouped-fp4 --fp4-backend fa2 --fp4-v-layout nhd --fp4-v-sf-layout linear --bf16-backend fa2 --warmup 1 --repeat 3
512,8192,256,12,fp8_fa2,,0.3893440067768097,0.40291200081507367,,,,,ok,,/home/josh/tdm/infer/current/.venv/bin/python /home/josh/tdm/infer/worktrees/flashinfer-nvfp4-kv/benchmarks/bench_nvfp4_fmha_v2_gqa_grouped_attention.py --device 0 --gemma4-shape custom --q-len 512 --kv-len 8192 --head-dim 256 --group-sizes 12 --batch-size 1 --only fp8 --fp4-backend fa2 --fp4-v-layout nhd --fp4-v-sf-layout linear --bf16-backend fa2 --warmup 1 --repeat 3
512,8192,256,12,bf16_fa2,,0.27215999364852905,0.28700799743334454,,,,,ok,,/home/josh/tdm/infer/current/.venv/bin/python /home/josh/tdm/infer/worktrees/flashinfer-nvfp4-kv/benchmarks/bench_nvfp4_fmha_v2_gqa_grouped_attention.py --device 0 --gemma4-shape custom --q-len 512 --kv-len 8192 --head-dim 256 --group-sizes 12 --batch-size 1 --only bf16 --fp4-backend fa2 --fp4-v-layout nhd --fp4-v-sf-layout linear --bf16-backend fa2 --warmup 1 --repeat 3
512,32768,256,12,sm120_fused,2,0.5178880095481873,0.5209920008977255,0.9919494986534119,5,6656,50176,ok,,/home/josh/tdm/infer/current/.venv/bin/python /home/josh/tdm/infer/worktrees/flashinfer-nvfp4-kv/benchmarks/bench_sm120_nvfp4_cutlass_fused_attention.py --device 0 --q-len 512 --kv-len 32768 --head-dim 256 --group 12 --split-kv-len 6656 --warmup 1 --repeat 3 --sm120-qkv-online-splitkv-reuse2-full-grid-bench
512,32768,256,12,nvfp4_fa2,,1.695647954940796,1.712938666343689,,,,,ok,,/home/josh/tdm/infer/current/.venv/bin/python /home/josh/tdm/infer/worktrees/flashinfer-nvfp4-kv/benchmarks/bench_nvfp4_fmha_v2_gqa_grouped_attention.py --device 0 --gemma4-shape custom --q-len 512 --kv-len 32768 --head-dim 256 --group-sizes 12 --batch-size 1 --only grouped-fp4 --fp4-backend fa2 --fp4-v-layout nhd --fp4-v-sf-layout linear --bf16-backend fa2 --warmup 1 --repeat 3
512,32768,256,12,fp8_fa2,,1.499392032623291,1.5577919880549114,,,,,ok,,/home/josh/tdm/infer/current/.venv/bin/python /home/josh/tdm/infer/worktrees/flashinfer-nvfp4-kv/benchmarks/bench_nvfp4_fmha_v2_gqa_grouped_attention.py --device 0 --gemma4-shape custom --q-len 512 --kv-len 32768 --head-dim 256 --group-sizes 12 --batch-size 1 --only fp8 --fp4-backend fa2 --fp4-v-layout nhd --fp4-v-sf-layout linear --bf16-backend fa2 --warmup 1 --repeat 3
512,32768,256,12,bf16_fa2,,1.036736011505127,1.0549439986546834,,,,,ok,,/home/josh/tdm/infer/current/.venv/bin/python /home/josh/tdm/infer/worktrees/flashinfer-nvfp4-kv/benchmarks/bench_nvfp4_fmha_v2_gqa_grouped_attention.py --device 0 --gemma4-shape custom --q-len 512 --kv-len 32768 --head-dim 256 --group-sizes 12 --batch-size 1 --only bf16 --fp4-backend fa2 --fp4-v-layout nhd --fp4-v-sf-layout linear --bf16-backend fa2 --warmup 1 --repeat 3
512,65536,256,12,sm120_fused,2,0.9907519817352295,0.9957226713498434,0.9929989576339722,10,6656,50176,ok,,/home/josh/tdm/infer/current/.venv/bin/python /home/josh/tdm/infer/worktrees/flashinfer-nvfp4-kv/benchmarks/bench_sm120_nvfp4_cutlass_fused_attention.py --device 0 --q-len 512 --kv-len 65536 --head-dim 256 --group 12 --split-kv-len 6656 --warmup 1 --repeat 3 --sm120-qkv-online-splitkv-reuse2-full-grid-bench
512,65536,256,12,nvfp4_fa2,,3.370176076889038,3.3828587532043457,,,,,ok,,/home/josh/tdm/infer/current/.venv/bin/python /home/josh/tdm/infer/worktrees/flashinfer-nvfp4-kv/benchmarks/bench_nvfp4_fmha_v2_gqa_grouped_attention.py --device 0 --gemma4-shape custom --q-len 512 --kv-len 65536 --head-dim 256 --group-sizes 12 --batch-size 1 --only grouped-fp4 --fp4-backend fa2 --fp4-v-layout nhd --fp4-v-sf-layout linear --bf16-backend fa2 --warmup 1 --repeat 3
512,65536,256,12,fp8_fa2,,2.9580800533294678,2.975562651952108,,,,,ok,,/home/josh/tdm/infer/current/.venv/bin/python /home/josh/tdm/infer/worktrees/flashinfer-nvfp4-kv/benchmarks/bench_nvfp4_fmha_v2_gqa_grouped_attention.py --device 0 --gemma4-shape custom --q-len 512 --kv-len 65536 --head-dim 256 --group-sizes 12 --batch-size 1 --only fp8 --fp4-backend fa2 --fp4-v-layout nhd --fp4-v-sf-layout linear --bf16-backend fa2 --warmup 1 --repeat 3
512,65536,256,12,bf16_fa2,,2.045151948928833,2.058367967605591,,,,,ok,,/home/josh/tdm/infer/current/.venv/bin/python /home/josh/tdm/infer/worktrees/flashinfer-nvfp4-kv/benchmarks/bench_nvfp4_fmha_v2_gqa_grouped_attention.py --device 0 --gemma4-shape custom --q-len 512 --kv-len 65536 --head-dim 256 --group-sizes 12 --batch-size 1 --only bf16 --fp4-backend fa2 --fp4-v-layout nhd --fp4-v-sf-layout linear --bf16-backend fa2 --warmup 1 --repeat 3
512,131072,256,12,sm120_fused,2,1.8399039506912231,1.8423999547958374,0.9901635050773621,20,6656,50176,ok,,/home/josh/tdm/infer/current/.venv/bin/python /home/josh/tdm/infer/worktrees/flashinfer-nvfp4-kv/benchmarks/bench_sm120_nvfp4_cutlass_fused_attention.py --device 0 --q-len 512 --kv-len 131072 --head-dim 256 --group 12 --split-kv-len 6656 --warmup 1 --repeat 3 --sm120-qkv-online-splitkv-reuse2-full-grid-bench
512,131072,256,12,nvfp4_fa2,,6.686240196228027,6.701824029286702,,,,,ok,,/home/josh/tdm/infer/current/.venv/bin/python /home/josh/tdm/infer/worktrees/flashinfer-nvfp4-kv/benchmarks/bench_nvfp4_fmha_v2_gqa_grouped_attention.py --device 0 --gemma4-shape custom --q-len 512 --kv-len 131072 --head-dim 256 --group-sizes 12 --batch-size 1 --only grouped-fp4 --fp4-backend fa2 --fp4-v-layout nhd --fp4-v-sf-layout linear --bf16-backend fa2 --warmup 1 --repeat 3
512,131072,256,12,fp8_fa2,,5.891520023345947,5.9042666753133135,,,,,ok,,/home/josh/tdm/infer/current/.venv/bin/python /home/josh/tdm/infer/worktrees/flashinfer-nvfp4-kv/benchmarks/bench_nvfp4_fmha_v2_gqa_grouped_attention.py --device 0 --gemma4-shape custom --q-len 512 --kv-len 131072 --head-dim 256 --group-sizes 12 --batch-size 1 --only fp8 --fp4-backend fa2 --fp4-v-layout nhd --fp4-v-sf-layout linear --bf16-backend fa2 --warmup 1 --repeat 3
512,131072,256,12,bf16_fa2,,4.100448131561279,4.112810770670573,,,,,ok,,/home/josh/tdm/infer/current/.venv/bin/python /home/josh/tdm/infer/worktrees/flashinfer-nvfp4-kv/benchmarks/bench_nvfp4_fmha_v2_gqa_grouped_attention.py --device 0 --gemma4-shape custom --q-len 512 --kv-len 131072 --head-dim 256 --group-sizes 12 --batch-size 1 --only bf16 --fp4-backend fa2 --fp4-v-layout nhd --fp4-v-sf-layout linear --bf16-backend fa2 --warmup 1 --repeat 3
512,262144,256,12,sm120_fused,2,3.8273279666900635,3.8293866316477456,0.9919435977935791,40,6656,50176,ok,,/home/josh/tdm/infer/current/.venv/bin/python /home/josh/tdm/infer/worktrees/flashinfer-nvfp4-kv/benchmarks/bench_sm120_nvfp4_cutlass_fused_attention.py --device 0 --q-len 512 --kv-len 262144 --head-dim 256 --group 12 --split-kv-len 6656 --warmup 1 --repeat 3 --sm120-qkv-online-splitkv-reuse2-full-grid-bench
512,262144,256,12,nvfp4_fa2,,13.305472373962402,13.325984319051107,,,,,ok,,/home/josh/tdm/infer/current/.venv/bin/python /home/josh/tdm/infer/worktrees/flashinfer-nvfp4-kv/benchmarks/bench_nvfp4_fmha_v2_gqa_grouped_attention.py --device 0 --gemma4-shape custom --q-len 512 --kv-len 262144 --head-dim 256 --group-sizes 12 --batch-size 1 --only grouped-fp4 --fp4-backend fa2 --fp4-v-layout nhd --fp4-v-sf-layout linear --bf16-backend fa2 --warmup 1 --repeat 3
512,262144,256,12,fp8_fa2,,11.782079696655273,11.795381228129068,,,,,ok,,/home/josh/tdm/infer/current/.venv/bin/python /home/josh/tdm/infer/worktrees/flashinfer-nvfp4-kv/benchmarks/bench_nvfp4_fmha_v2_gqa_grouped_attention.py --device 0 --gemma4-shape custom --q-len 512 --kv-len 262144 --head-dim 256 --group-sizes 12 --batch-size 1 --only fp8 --fp4-backend fa2 --fp4-v-layout nhd --fp4-v-sf-layout linear --bf16-backend fa2 --warmup 1 --repeat 3
512,262144,256,12,bf16_fa2,,8.176192283630371,8.19383462270101,,,,,ok,,/home/josh/tdm/infer/current/.venv/bin/python /home/josh/tdm/infer/worktrees/flashinfer-nvfp4-kv/benchmarks/bench_nvfp4_fmha_v2_gqa_grouped_attention.py --device 0 --gemma4-shape custom --q-len 512 --kv-len 262144 --head-dim 256 --group-sizes 12 --batch-size 1 --only bf16 --fp4-backend fa2 --fp4-v-layout nhd --fp4-v-sf-layout linear --bf16-backend fa2 --warmup 1 --repeat 3
1024,8192,256,12,sm120_fused,2,0.3508799970149994,0.3537279963493347,0.9896849393844604,2,6656,50176,ok,,/home/josh/tdm/infer/current/.venv/bin/python /home/josh/tdm/infer/worktrees/flashinfer-nvfp4-kv/benchmarks/bench_sm120_nvfp4_cutlass_fused_attention.py --device 0 --q-len 1024 --kv-len 8192 --head-dim 256 --group 12 --split-kv-len 6656 --warmup 1 --repeat 3 --sm120-qkv-online-splitkv-reuse2-full-grid-bench
1024,8192,256,12,nvfp4_fa2,,1.1409920454025269,1.156991998354594,,,,,ok,,/home/josh/tdm/infer/current/.venv/bin/python /home/josh/tdm/infer/worktrees/flashinfer-nvfp4-kv/benchmarks/bench_nvfp4_fmha_v2_gqa_grouped_attention.py --device 0 --gemma4-shape custom --q-len 1024 --kv-len 8192 --head-dim 256 --group-sizes 12 --batch-size 1 --only grouped-fp4 --fp4-backend fa2 --fp4-v-layout nhd --fp4-v-sf-layout linear --bf16-backend fa2 --warmup 1 --repeat 3
1024,8192,256,12,fp8_fa2,,0.9919679760932922,1.0057919820149739,,,,,ok,,/home/josh/tdm/infer/current/.venv/bin/python /home/josh/tdm/infer/worktrees/flashinfer-nvfp4-kv/benchmarks/bench_nvfp4_fmha_v2_gqa_grouped_attention.py --device 0 --gemma4-shape custom --q-len 1024 --kv-len 8192 --head-dim 256 --group-sizes 12 --batch-size 1 --only fp8 --fp4-backend fa2 --fp4-v-layout nhd --fp4-v-sf-layout linear --bf16-backend fa2 --warmup 1 --repeat 3
1024,8192,256,12,bf16_fa2,,0.6768640279769897,0.6932373444239298,,,,,ok,,/home/josh/tdm/infer/current/.venv/bin/python /home/josh/tdm/infer/worktrees/flashinfer-nvfp4-kv/benchmarks/bench_nvfp4_fmha_v2_gqa_grouped_attention.py --device 0 --gemma4-shape custom --q-len 1024 --kv-len 8192 --head-dim 256 --group-sizes 12 --batch-size 1 --only bf16 --fp4-backend fa2 --fp4-v-layout nhd --fp4-v-sf-layout linear --bf16-backend fa2 --warmup 1 --repeat 3
1024,32768,256,12,sm120_fused,2,1.0059839487075806,1.009983976682027,0.9906780123710632,5,6656,50176,ok,,/home/josh/tdm/infer/current/.venv/bin/python /home/josh/tdm/infer/worktrees/flashinfer-nvfp4-kv/benchmarks/bench_sm120_nvfp4_cutlass_fused_attention.py --device 0 --q-len 1024 --kv-len 32768 --head-dim 256 --group 12 --split-kv-len 6656 --warmup 1 --repeat 3 --sm120-qkv-online-splitkv-reuse2-full-grid-bench
1024,32768,256,12,nvfp4_fa2,,4.6966400146484375,4.708725452423096,,,,,ok,,/home/josh/tdm/infer/current/.venv/bin/python /home/josh/tdm/infer/worktrees/flashinfer-nvfp4-kv/benchmarks/bench_nvfp4_fmha_v2_gqa_grouped_attention.py --device 0 --gemma4-shape custom --q-len 1024 --kv-len 32768 --head-dim 256 --group-sizes 12 --batch-size 1 --only grouped-fp4 --fp4-backend fa2 --fp4-v-layout nhd --fp4-v-sf-layout linear --bf16-backend fa2 --warmup 1 --repeat 3
1024,32768,256,12,fp8_fa2,,4.118624210357666,4.128928184509277,,,,,ok,,/home/josh/tdm/infer/current/.venv/bin/python /home/josh/tdm/infer/worktrees/flashinfer-nvfp4-kv/benchmarks/bench_nvfp4_fmha_v2_gqa_grouped_attention.py --device 0 --gemma4-shape custom --q-len 1024 --kv-len 32768 --head-dim 256 --group-sizes 12 --batch-size 1 --only fp8 --fp4-backend fa2 --fp4-v-layout nhd --fp4-v-sf-layout linear --bf16-backend fa2 --warmup 1 --repeat 3
1024,32768,256,12,bf16_fa2,,2.8126718997955322,2.826826572418213,,,,,ok,,/home/josh/tdm/infer/current/.venv/bin/python /home/josh/tdm/infer/worktrees/flashinfer-nvfp4-kv/benchmarks/bench_nvfp4_fmha_v2_gqa_grouped_attention.py --device 0 --gemma4-shape custom --q-len 1024 --kv-len 32768 --head-dim 256 --group-sizes 12 --batch-size 1 --only bf16 --fp4-backend fa2 --fp4-v-layout nhd --fp4-v-sf-layout linear --bf16-backend fa2 --warmup 1 --repeat 3
1024,65536,256,12,sm120_fused,2,1.866495966911316,1.8695253133773804,0.9925611019134521,10,6656,50176,ok,,/home/josh/tdm/infer/current/.venv/bin/python /home/josh/tdm/infer/worktrees/flashinfer-nvfp4-kv/benchmarks/bench_sm120_nvfp4_cutlass_fused_attention.py --device 0 --q-len 1024 --kv-len 65536 --head-dim 256 --group 12 --split-kv-len 6656 --warmup 1 --repeat 3 --sm120-qkv-online-splitkv-reuse2-full-grid-bench
1024,65536,256,12,nvfp4_fa2,,9.431424140930176,9.446890830993652,,,,,ok,,/home/josh/tdm/infer/current/.venv/bin/python /home/josh/tdm/infer/worktrees/flashinfer-nvfp4-kv/benchmarks/bench_nvfp4_fmha_v2_gqa_grouped_attention.py --device 0 --gemma4-shape custom --q-len 1024 --kv-len 65536 --head-dim 256 --group-sizes 12 --batch-size 1 --only grouped-fp4 --fp4-backend fa2 --fp4-v-layout nhd --fp4-v-sf-layout linear --bf16-backend fa2 --warmup 1 --repeat 3
1024,65536,256,12,fp8_fa2,,8.260448455810547,8.278048197428385,,,,,ok,,/home/josh/tdm/infer/current/.venv/bin/python /home/josh/tdm/infer/worktrees/flashinfer-nvfp4-kv/benchmarks/bench_nvfp4_fmha_v2_gqa_grouped_attention.py --device 0 --gemma4-shape custom --q-len 1024 --kv-len 65536 --head-dim 256 --group-sizes 12 --batch-size 1 --only fp8 --fp4-backend fa2 --fp4-v-layout nhd --fp4-v-sf-layout linear --bf16-backend fa2 --warmup 1 --repeat 3
1024,65536,256,12,bf16_fa2,,5.661920070648193,5.671285311381022,,,,,ok,,/home/josh/tdm/infer/current/.venv/bin/python /home/josh/tdm/infer/worktrees/flashinfer-nvfp4-kv/benchmarks/bench_nvfp4_fmha_v2_gqa_grouped_attention.py --device 0 --gemma4-shape custom --q-len 1024 --kv-len 65536 --head-dim 256 --group-sizes 12 --batch-size 1 --only bf16 --fp4-backend fa2 --fp4-v-layout nhd --fp4-v-sf-layout linear --bf16-backend fa2 --warmup 1 --repeat 3
1024,131072,256,12,sm120_fused,2,3.8422720432281494,3.843125343322754,0.9905843734741211,20,6656,50176,ok,,/home/josh/tdm/infer/current/.venv/bin/python /home/josh/tdm/infer/worktrees/flashinfer-nvfp4-kv/benchmarks/bench_sm120_nvfp4_cutlass_fused_attention.py --device 0 --q-len 1024 --kv-len 131072 --head-dim 256 --group 12 --split-kv-len 6656 --warmup 1 --repeat 3 --sm120-qkv-online-splitkv-reuse2-full-grid-bench
1024,131072,256,12,nvfp4_fa2,,18.911808013916016,18.926443099975586,,,,,ok,,/home/josh/tdm/infer/current/.venv/bin/python /home/josh/tdm/infer/worktrees/flashinfer-nvfp4-kv/benchmarks/bench_nvfp4_fmha_v2_gqa_grouped_attention.py --device 0 --gemma4-shape custom --q-len 1024 --kv-len 131072 --head-dim 256 --group-sizes 12 --batch-size 1 --only grouped-fp4 --fp4-backend fa2 --fp4-v-layout nhd --fp4-v-sf-layout linear --bf16-backend fa2 --warmup 1 --repeat 3
1024,131072,256,12,fp8_fa2,,16.540159225463867,16.553429285685223,,,,,ok,,/home/josh/tdm/infer/current/.venv/bin/python /home/josh/tdm/infer/worktrees/flashinfer-nvfp4-kv/benchmarks/bench_nvfp4_fmha_v2_gqa_grouped_attention.py --device 0 --gemma4-shape custom --q-len 1024 --kv-len 131072 --head-dim 256 --group-sizes 12 --batch-size 1 --only fp8 --fp4-backend fa2 --fp4-v-layout nhd --fp4-v-sf-layout linear --bf16-backend fa2 --warmup 1 --repeat 3
1024,131072,256,12,bf16_fa2,,11.101247787475586,11.113482475280762,,,,,ok,,/home/josh/tdm/infer/current/.venv/bin/python /home/josh/tdm/infer/worktrees/flashinfer-nvfp4-kv/benchmarks/bench_nvfp4_fmha_v2_gqa_grouped_attention.py --device 0 --gemma4-shape custom --q-len 1024 --kv-len 131072 --head-dim 256 --group-sizes 12 --batch-size 1 --only bf16 --fp4-backend fa2 --fp4-v-layout nhd --fp4-v-sf-layout linear --bf16-backend fa2 --warmup 1 --repeat 3
1024,262144,256,12,sm120_fused,2,7.680448055267334,7.68339204788208,0.9925070405006409,40,6656,50176,ok,,/home/josh/tdm/infer/current/.venv/bin/python /home/josh/tdm/infer/worktrees/flashinfer-nvfp4-kv/benchmarks/bench_sm120_nvfp4_cutlass_fused_attention.py --device 0 --q-len 1024 --kv-len 262144 --head-dim 256 --group 12 --split-kv-len 6656 --warmup 1 --repeat 3 --sm120-qkv-online-splitkv-reuse2-full-grid-bench
1024,262144,256,12,nvfp4_fa2,,37.88169479370117,37.9037971496582,,,,,ok,,/home/josh/tdm/infer/current/.venv/bin/python /home/josh/tdm/infer/worktrees/flashinfer-nvfp4-kv/benchmarks/bench_nvfp4_fmha_v2_gqa_grouped_attention.py --device 0 --gemma4-shape custom --q-len 1024 --kv-len 262144 --head-dim 256 --group-sizes 12 --batch-size 1 --only grouped-fp4 --fp4-backend fa2 --fp4-v-layout nhd --fp4-v-sf-layout linear --bf16-backend fa2 --warmup 1 --repeat 3
1024,262144,256,12,fp8_fa2,,33.16902542114258,33.192160288492836,,,,,ok,,/home/josh/tdm/infer/current/.venv/bin/python /home/josh/tdm/infer/worktrees/flashinfer-nvfp4-kv/benchmarks/bench_nvfp4_fmha_v2_gqa_grouped_attention.py --device 0 --gemma4-shape custom --q-len 1024 --kv-len 262144 --head-dim 256 --group-sizes 12 --batch-size 1 --only fp8 --fp4-backend fa2 --fp4-v-layout nhd --fp4-v-sf-layout linear --bf16-backend fa2 --warmup 1 --repeat 3
1024,262144,256,12,bf16_fa2,,21.9968318939209,22.02514139811198,,,,,ok,,/home/josh/tdm/infer/current/.venv/bin/python /home/josh/tdm/infer/worktrees/flashinfer-nvfp4-kv/benchmarks/bench_nvfp4_fmha_v2_gqa_grouped_attention.py --device 0 --gemma4-shape custom --q-len 1024 --kv-len 262144 --head-dim 256 --group-sizes 12 --batch-size 1 --only bf16 --fp4-backend fa2 --fp4-v-layout nhd --fp4-v-sf-layout linear --bf16-backend fa2 --warmup 1 --repeat 3
2048,8192,256,12,sm120_fused,2,0.5333120226860046,0.5395946701367696,0.9900193214416504,2,6656,50176,ok,,/home/josh/tdm/infer/current/.venv/bin/python /home/josh/tdm/infer/worktrees/flashinfer-nvfp4-kv/benchmarks/bench_sm120_nvfp4_cutlass_fused_attention.py --device 0 --q-len 2048 --kv-len 8192 --head-dim 256 --group 12 --split-kv-len 6656 --warmup 1 --repeat 3 --sm120-qkv-online-splitkv-reuse2-full-grid-bench
2048,8192,256,12,nvfp4_fa2,,1.7528959512710571,1.7634559869766235,,,,,ok,,/home/josh/tdm/infer/current/.venv/bin/python /home/josh/tdm/infer/worktrees/flashinfer-nvfp4-kv/benchmarks/bench_nvfp4_fmha_v2_gqa_grouped_attention.py --device 0 --gemma4-shape custom --q-len 2048 --kv-len 8192 --head-dim 256 --group-sizes 12 --batch-size 1 --only grouped-fp4 --fp4-backend fa2 --fp4-v-layout nhd --fp4-v-sf-layout linear --bf16-backend fa2 --warmup 1 --repeat 3
2048,8192,256,12,fp8_fa2,,1.5561280250549316,1.573471983273824,,,,,ok,,/home/josh/tdm/infer/current/.venv/bin/python /home/josh/tdm/infer/worktrees/flashinfer-nvfp4-kv/benchmarks/bench_nvfp4_fmha_v2_gqa_grouped_attention.py --device 0 --gemma4-shape custom --q-len 2048 --kv-len 8192 --head-dim 256 --group-sizes 12 --batch-size 1 --only fp8 --fp4-backend fa2 --fp4-v-layout nhd --fp4-v-sf-layout linear --bf16-backend fa2 --warmup 1 --repeat 3
2048,8192,256,12,bf16_fa2,,1.0657919645309448,1.079477310180664,,,,,ok,,/home/josh/tdm/infer/current/.venv/bin/python /home/josh/tdm/infer/worktrees/flashinfer-nvfp4-kv/benchmarks/bench_nvfp4_fmha_v2_gqa_grouped_attention.py --device 0 --gemma4-shape custom --q-len 2048 --kv-len 8192 --head-dim 256 --group-sizes 12 --batch-size 1 --only bf16 --fp4-backend fa2 --fp4-v-layout nhd --fp4-v-sf-layout linear --bf16-backend fa2 --warmup 1 --repeat 3
2048,32768,256,12,sm120_fused,2,1.878175973892212,1.8825066486994426,0.9915525317192078,5,6656,50176,ok,,/home/josh/tdm/infer/current/.venv/bin/python /home/josh/tdm/infer/worktrees/flashinfer-nvfp4-kv/benchmarks/bench_sm120_nvfp4_cutlass_fused_attention.py --device 0 --q-len 2048 --kv-len 32768 --head-dim 256 --group 12 --split-kv-len 6656 --warmup 1 --repeat 3 --sm120-qkv-online-splitkv-reuse2-full-grid-bench
2048,32768,256,12,nvfp4_fa2,,7.646719932556152,7.662240028381348,,,,,ok,,/home/josh/tdm/infer/current/.venv/bin/python /home/josh/tdm/infer/worktrees/flashinfer-nvfp4-kv/benchmarks/bench_nvfp4_fmha_v2_gqa_grouped_attention.py --device 0 --gemma4-shape custom --q-len 2048 --kv-len 32768 --head-dim 256 --group-sizes 12 --batch-size 1 --only grouped-fp4 --fp4-backend fa2 --fp4-v-layout nhd --fp4-v-sf-layout linear --bf16-backend fa2 --warmup 1 --repeat 3
2048,32768,256,12,fp8_fa2,,6.824160099029541,6.836533228556315,,,,,ok,,/home/josh/tdm/infer/current/.venv/bin/python /home/josh/tdm/infer/worktrees/flashinfer-nvfp4-kv/benchmarks/bench_nvfp4_fmha_v2_gqa_grouped_attention.py --device 0 --gemma4-shape custom --q-len 2048 --kv-len 32768 --head-dim 256 --group-sizes 12 --batch-size 1 --only fp8 --fp4-backend fa2 --fp4-v-layout nhd --fp4-v-sf-layout linear --bf16-backend fa2 --warmup 1 --repeat 3
2048,32768,256,12,bf16_fa2,,4.659872055053711,4.675157388051351,,,,,ok,,/home/josh/tdm/infer/current/.venv/bin/python /home/josh/tdm/infer/worktrees/flashinfer-nvfp4-kv/benchmarks/bench_nvfp4_fmha_v2_gqa_grouped_attention.py --device 0 --gemma4-shape custom --q-len 2048 --kv-len 32768 --head-dim 256 --group-sizes 12 --batch-size 1 --only bf16 --fp4-backend fa2 --fp4-v-layout nhd --fp4-v-sf-layout linear --bf16-backend fa2 --warmup 1 --repeat 3
2048,65536,256,12,sm120_fused,2,3.749119997024536,3.7507200241088867,0.9908655285835266,10,6656,50176,ok,,/home/josh/tdm/infer/current/.venv/bin/python /home/josh/tdm/infer/worktrees/flashinfer-nvfp4-kv/benchmarks/bench_sm120_nvfp4_cutlass_fused_attention.py --device 0 --q-len 2048 --kv-len 65536 --head-dim 256 --group 12 --split-kv-len 6656 --warmup 1 --repeat 3 --sm120-qkv-online-splitkv-reuse2-full-grid-bench
2048,65536,256,12,nvfp4_fa2,,15.567904472351074,15.57260799407959,,,,,ok,,/home/josh/tdm/infer/current/.venv/bin/python /home/josh/tdm/infer/worktrees/flashinfer-nvfp4-kv/benchmarks/bench_nvfp4_fmha_v2_gqa_grouped_attention.py --device 0 --gemma4-shape custom --q-len 2048 --kv-len 65536 --head-dim 256 --group-sizes 12 --batch-size 1 --only grouped-fp4 --fp4-backend fa2 --fp4-v-layout nhd --fp4-v-sf-layout linear --bf16-backend fa2 --warmup 1 --repeat 3
2048,65536,256,12,fp8_fa2,,13.855232238769531,13.866592089335123,,,,,ok,,/home/josh/tdm/infer/current/.venv/bin/python /home/josh/tdm/infer/worktrees/flashinfer-nvfp4-kv/benchmarks/bench_nvfp4_fmha_v2_gqa_grouped_attention.py --device 0 --gemma4-shape custom --q-len 2048 --kv-len 65536 --head-dim 256 --group-sizes 12 --batch-size 1 --only fp8 --fp4-backend fa2 --fp4-v-layout nhd --fp4-v-sf-layout linear --bf16-backend fa2 --warmup 1 --repeat 3
2048,65536,256,12,bf16_fa2,,9.450431823730469,9.462837219238281,,,,,ok,,/home/josh/tdm/infer/current/.venv/bin/python /home/josh/tdm/infer/worktrees/flashinfer-nvfp4-kv/benchmarks/bench_nvfp4_fmha_v2_gqa_grouped_attention.py --device 0 --gemma4-shape custom --q-len 2048 --kv-len 65536 --head-dim 256 --group-sizes 12 --batch-size 1 --only bf16 --fp4-backend fa2 --fp4-v-layout nhd --fp4-v-sf-layout linear --bf16-backend fa2 --warmup 1 --repeat 3
2048,131072,256,12,sm120_fused,2,7.515935897827148,7.519370714823405,0.9904452562332153,20,6656,50176,ok,,/home/josh/tdm/infer/current/.venv/bin/python /home/josh/tdm/infer/worktrees/flashinfer-nvfp4-kv/benchmarks/bench_sm120_nvfp4_cutlass_fused_attention.py --device 0 --q-len 2048 --kv-len 131072 --head-dim 256 --group 12 --split-kv-len 6656 --warmup 1 --repeat 3 --sm120-qkv-online-splitkv-reuse2-full-grid-bench
2048,131072,256,12,nvfp4_fa2,,31.338655471801758,31.361215591430664,,,,,ok,,/home/josh/tdm/infer/current/.venv/bin/python /home/josh/tdm/infer/worktrees/flashinfer-nvfp4-kv/benchmarks/bench_nvfp4_fmha_v2_gqa_grouped_attention.py --device 0 --gemma4-shape custom --q-len 2048 --kv-len 131072 --head-dim 256 --group-sizes 12 --batch-size 1 --only grouped-fp4 --fp4-backend fa2 --fp4-v-layout nhd --fp4-v-sf-layout linear --bf16-backend fa2 --warmup 1 --repeat 3
2048,131072,256,12,fp8_fa2,,27.96076774597168,27.970826466878254,,,,,ok,,/home/josh/tdm/infer/current/.venv/bin/python /home/josh/tdm/infer/worktrees/flashinfer-nvfp4-kv/benchmarks/bench_nvfp4_fmha_v2_gqa_grouped_attention.py --device 0 --gemma4-shape custom --q-len 2048 --kv-len 131072 --head-dim 256 --group-sizes 12 --batch-size 1 --only fp8 --fp4-backend fa2 --fp4-v-layout nhd --fp4-v-sf-layout linear --bf16-backend fa2 --warmup 1 --repeat 3
2048,131072,256,12,bf16_fa2,,19.778783798217773,19.791221618652344,,,,,ok,,/home/josh/tdm/infer/current/.venv/bin/python /home/josh/tdm/infer/worktrees/flashinfer-nvfp4-kv/benchmarks/bench_nvfp4_fmha_v2_gqa_grouped_attention.py --device 0 --gemma4-shape custom --q-len 2048 --kv-len 131072 --head-dim 256 --group-sizes 12 --batch-size 1 --only bf16 --fp4-backend fa2 --fp4-v-layout nhd --fp4-v-sf-layout linear --bf16-backend fa2 --warmup 1 --repeat 3
2048,262144,256,12,sm120_fused,2,14.921600341796875,14.946186701456705,0.9920792579650879,40,6656,50176,ok,,/home/josh/tdm/infer/current/.venv/bin/python /home/josh/tdm/infer/worktrees/flashinfer-nvfp4-kv/benchmarks/bench_sm120_nvfp4_cutlass_fused_attention.py --device 0 --q-len 2048 --kv-len 262144 --head-dim 256 --group 12 --split-kv-len 6656 --warmup 1 --repeat 3 --sm120-qkv-online-splitkv-reuse2-full-grid-bench
2048,262144,256,12,nvfp4_fa2,,63.29955291748047,63.56089655558268,,,,,ok,,/home/josh/tdm/infer/current/.venv/bin/python /home/josh/tdm/infer/worktrees/flashinfer-nvfp4-kv/benchmarks/bench_nvfp4_fmha_v2_gqa_grouped_attention.py --device 0 --gemma4-shape custom --q-len 2048 --kv-len 262144 --head-dim 256 --group-sizes 12 --batch-size 1 --only grouped-fp4 --fp4-backend fa2 --fp4-v-layout nhd --fp4-v-sf-layout linear --bf16-backend fa2 --warmup 1 --repeat 3
2048,262144,256,12,fp8_fa2,,57.19910430908203,57.4779421488444,,,,,ok,,/home/josh/tdm/infer/current/.venv/bin/python /home/josh/tdm/infer/worktrees/flashinfer-nvfp4-kv/benchmarks/bench_nvfp4_fmha_v2_gqa_grouped_attention.py --device 0 --gemma4-shape custom --q-len 2048 --kv-len 262144 --head-dim 256 --group-sizes 12 --batch-size 1 --only fp8 --fp4-backend fa2 --fp4-v-layout nhd --fp4-v-sf-layout linear --bf16-backend fa2 --warmup 1 --repeat 3
2048,262144,256,12,bf16_fa2,,41.43084716796875,41.75542322794596,,,,,ok,,/home/josh/tdm/infer/current/.venv/bin/python /home/josh/tdm/infer/worktrees/flashinfer-nvfp4-kv/benchmarks/bench_nvfp4_fmha_v2_gqa_grouped_attention.py --device 0 --gemma4-shape custom --q-len 2048 --kv-len 262144 --head-dim 256 --group-sizes 12 --batch-size 1 --only bf16 --fp4-backend fa2 --fp4-v-layout nhd --fp4-v-sf-layout linear --bf16-backend fa2 --warmup 1 --repeat 3
4096,8192,256,12,sm120_fused,2,0.9757120013237,0.9797120094299316,0.9887527227401733,2,6656,50176,ok,,/home/josh/tdm/infer/current/.venv/bin/python /home/josh/tdm/infer/worktrees/flashinfer-nvfp4-kv/benchmarks/bench_sm120_nvfp4_cutlass_fused_attention.py --device 0 --q-len 4096 --kv-len 8192 --head-dim 256 --group 12 --split-kv-len 6656 --warmup 1 --repeat 3 --sm120-qkv-online-splitkv-reuse2-full-grid-bench
4096,8192,256,12,nvfp4_fa2,,2.555327892303467,2.567039966583252,,,,,ok,,/home/josh/tdm/infer/current/.venv/bin/python /home/josh/tdm/infer/worktrees/flashinfer-nvfp4-kv/benchmarks/bench_nvfp4_fmha_v2_gqa_grouped_attention.py --device 0 --gemma4-shape custom --q-len 4096 --kv-len 8192 --head-dim 256 --group-sizes 12 --batch-size 1 --only grouped-fp4 --fp4-backend fa2 --fp4-v-layout nhd --fp4-v-sf-layout linear --bf16-backend fa2 --warmup 1 --repeat 3
4096,8192,256,12,fp8_fa2,,2.2735040187835693,2.292896032333374,,,,,ok,,/home/josh/tdm/infer/current/.venv/bin/python /home/josh/tdm/infer/worktrees/flashinfer-nvfp4-kv/benchmarks/bench_nvfp4_fmha_v2_gqa_grouped_attention.py --device 0 --gemma4-shape custom --q-len 4096 --kv-len 8192 --head-dim 256 --group-sizes 12 --batch-size 1 --only fp8 --fp4-backend fa2 --fp4-v-layout nhd --fp4-v-sf-layout linear --bf16-backend fa2 --warmup 1 --repeat 3
4096,8192,256,12,bf16_fa2,,1.5436480045318604,1.5617280006408691,,,,,ok,,/home/josh/tdm/infer/current/.venv/bin/python /home/josh/tdm/infer/worktrees/flashinfer-nvfp4-kv/benchmarks/bench_nvfp4_fmha_v2_gqa_grouped_attention.py --device 0 --gemma4-shape custom --q-len 4096 --kv-len 8192 --head-dim 256 --group-sizes 12 --batch-size 1 --only bf16 --fp4-backend fa2 --fp4-v-layout nhd --fp4-v-sf-layout linear --bf16-backend fa2 --warmup 1 --repeat 3
4096,32768,256,12,sm120_fused,2,3.733311891555786,3.7339093685150146,0.9934709072113037,5,6656,50176,ok,,/home/josh/tdm/infer/current/.venv/bin/python /home/josh/tdm/infer/worktrees/flashinfer-nvfp4-kv/benchmarks/bench_sm120_nvfp4_cutlass_fused_attention.py --device 0 --q-len 4096 --kv-len 32768 --head-dim 256 --group 12 --split-kv-len 6656 --warmup 1 --repeat 3 --sm120-qkv-online-splitkv-reuse2-full-grid-bench
4096,32768,256,12,nvfp4_fa2,,12.541855812072754,12.555253346761068,,,,,ok,,/home/josh/tdm/infer/current/.venv/bin/python /home/josh/tdm/infer/worktrees/flashinfer-nvfp4-kv/benchmarks/bench_nvfp4_fmha_v2_gqa_grouped_attention.py --device 0 --gemma4-shape custom --q-len 4096 --kv-len 32768 --head-dim 256 --group-sizes 12 --batch-size 1 --only grouped-fp4 --fp4-backend fa2 --fp4-v-layout nhd --fp4-v-sf-layout linear --bf16-backend fa2 --warmup 1 --repeat 3
4096,32768,256,12,fp8_fa2,,11.22985553741455,11.238826433817545,,,,,ok,,/home/josh/tdm/infer/current/.venv/bin/python /home/josh/tdm/infer/worktrees/flashinfer-nvfp4-kv/benchmarks/bench_nvfp4_fmha_v2_gqa_grouped_attention.py --device 0 --gemma4-shape custom --q-len 4096 --kv-len 32768 --head-dim 256 --group-sizes 12 --batch-size 1 --only fp8 --fp4-backend fa2 --fp4-v-layout nhd --fp4-v-sf-layout linear --bf16-backend fa2 --warmup 1 --repeat 3
4096,32768,256,12,bf16_fa2,,7.624063968658447,7.628373305002849,,,,,ok,,/home/josh/tdm/infer/current/.venv/bin/python /home/josh/tdm/infer/worktrees/flashinfer-nvfp4-kv/benchmarks/bench_nvfp4_fmha_v2_gqa_grouped_attention.py --device 0 --gemma4-shape custom --q-len 4096 --kv-len 32768 --head-dim 256 --group-sizes 12 --batch-size 1 --only bf16 --fp4-backend fa2 --fp4-v-layout nhd --fp4-v-sf-layout linear --bf16-backend fa2 --warmup 1 --repeat 3
4096,65536,256,12,sm120_fused,2,7.450592041015625,7.455541292826335,0.9899370074272156,10,6656,50176,ok,,/home/josh/tdm/infer/current/.venv/bin/python /home/josh/tdm/infer/worktrees/flashinfer-nvfp4-kv/benchmarks/bench_sm120_nvfp4_cutlass_fused_attention.py --device 0 --q-len 4096 --kv-len 65536 --head-dim 256 --group 12 --split-kv-len 6656 --warmup 1 --repeat 3 --sm120-qkv-online-splitkv-reuse2-full-grid-bench
4096,65536,256,12,nvfp4_fa2,,25.89299201965332,25.92743428548177,,,,,ok,,/home/josh/tdm/infer/current/.venv/bin/python /home/josh/tdm/infer/worktrees/flashinfer-nvfp4-kv/benchmarks/bench_nvfp4_fmha_v2_gqa_grouped_attention.py --device 0 --gemma4-shape custom --q-len 4096 --kv-len 65536 --head-dim 256 --group-sizes 12 --batch-size 1 --only grouped-fp4 --fp4-backend fa2 --fp4-v-layout nhd --fp4-v-sf-layout linear --bf16-backend fa2 --warmup 1 --repeat 3
4096,65536,256,12,fp8_fa2,,23.134016036987305,23.147733688354492,,,,,ok,,/home/josh/tdm/infer/current/.venv/bin/python /home/josh/tdm/infer/worktrees/flashinfer-nvfp4-kv/benchmarks/bench_nvfp4_fmha_v2_gqa_grouped_attention.py --device 0 --gemma4-shape custom --q-len 4096 --kv-len 65536 --head-dim 256 --group-sizes 12 --batch-size 1 --only fp8 --fp4-backend fa2 --fp4-v-layout nhd --fp4-v-sf-layout linear --bf16-backend fa2 --warmup 1 --repeat 3
4096,65536,256,12,bf16_fa2,,15.767295837402344,15.790879885355631,,,,,ok,,/home/josh/tdm/infer/current/.venv/bin/python /home/josh/tdm/infer/worktrees/flashinfer-nvfp4-kv/benchmarks/bench_nvfp4_fmha_v2_gqa_grouped_attention.py --device 0 --gemma4-shape custom --q-len 4096 --kv-len 65536 --head-dim 256 --group-sizes 12 --batch-size 1 --only bf16 --fp4-backend fa2 --fp4-v-layout nhd --fp4-v-sf-layout linear --bf16-backend fa2 --warmup 1 --repeat 3
4096,131072,256,12,sm120_fused,2,14.808735847473145,14.82147185007731,0.9884305000305176,20,6656,50176,ok,,/home/josh/tdm/infer/current/.venv/bin/python /home/josh/tdm/infer/worktrees/flashinfer-nvfp4-kv/benchmarks/bench_sm120_nvfp4_cutlass_fused_attention.py --device 0 --q-len 4096 --kv-len 131072 --head-dim 256 --group 12 --split-kv-len 6656 --warmup 1 --repeat 3 --sm120-qkv-online-splitkv-reuse2-full-grid-bench
4096,131072,256,12,nvfp4_fa2,,53.01408004760742,53.414292653401695,,,,,ok,,/home/josh/tdm/infer/current/.venv/bin/python /home/josh/tdm/infer/worktrees/flashinfer-nvfp4-kv/benchmarks/bench_nvfp4_fmha_v2_gqa_grouped_attention.py --device 0 --gemma4-shape custom --q-len 4096 --kv-len 131072 --head-dim 256 --group-sizes 12 --batch-size 1 --only grouped-fp4 --fp4-backend fa2 --fp4-v-layout nhd --fp4-v-sf-layout linear --bf16-backend fa2 --warmup 1 --repeat 3
4096,131072,256,12,fp8_fa2,,47.07721710205078,47.584405263264976,,,,,ok,,/home/josh/tdm/infer/current/.venv/bin/python /home/josh/tdm/infer/worktrees/flashinfer-nvfp4-kv/benchmarks/bench_nvfp4_fmha_v2_gqa_grouped_attention.py --device 0 --gemma4-shape custom --q-len 4096 --kv-len 131072 --head-dim 256 --group-sizes 12 --batch-size 1 --only fp8 --fp4-backend fa2 --fp4-v-layout nhd --fp4-v-sf-layout linear --bf16-backend fa2 --warmup 1 --repeat 3
4096,131072,256,12,bf16_fa2,,32.647361755371094,32.79496637980143,,,,,ok,,/home/josh/tdm/infer/current/.venv/bin/python /home/josh/tdm/infer/worktrees/flashinfer-nvfp4-kv/benchmarks/bench_nvfp4_fmha_v2_gqa_grouped_attention.py --device 0 --gemma4-shape custom --q-len 4096 --kv-len 131072 --head-dim 256 --group-sizes 12 --batch-size 1 --only bf16 --fp4-backend fa2 --fp4-v-layout nhd --fp4-v-sf-layout linear --bf16-backend fa2 --warmup 1 --repeat 3
4096,262144,256,12,sm120_fused,2,29.5614070892334,29.80676205952962,0.990972101688385,40,6656,50176,ok,,/home/josh/tdm/infer/current/.venv/bin/python /home/josh/tdm/infer/worktrees/flashinfer-nvfp4-kv/benchmarks/bench_sm120_nvfp4_cutlass_fused_attention.py --device 0 --q-len 4096 --kv-len 262144 --head-dim 256 --group 12 --split-kv-len 6656 --warmup 1 --repeat 3 --sm120-qkv-online-splitkv-reuse2-full-grid-bench
4096,262144,256,12,nvfp4_fa2,,108.25878143310547,109.85390981038411,,,,,ok,,/home/josh/tdm/infer/current/.venv/bin/python /home/josh/tdm/infer/worktrees/flashinfer-nvfp4-kv/benchmarks/bench_nvfp4_fmha_v2_gqa_grouped_attention.py --device 0 --gemma4-shape custom --q-len 4096 --kv-len 262144 --head-dim 256 --group-sizes 12 --batch-size 1 --only grouped-fp4 --fp4-backend fa2 --fp4-v-layout nhd --fp4-v-sf-layout linear --bf16-backend fa2 --warmup 1 --repeat 3
4096,262144,256,12,fp8_fa2,,98.10688018798828,99.24121602376302,,,,,ok,,/home/josh/tdm/infer/current/.venv/bin/python /home/josh/tdm/infer/worktrees/flashinfer-nvfp4-kv/benchmarks/bench_nvfp4_fmha_v2_gqa_grouped_attention.py --device 0 --gemma4-shape custom --q-len 4096 --kv-len 262144 --head-dim 256 --group-sizes 12 --batch-size 1 --only fp8 --fp4-backend fa2 --fp4-v-layout nhd --fp4-v-sf-layout linear --bf16-backend fa2 --warmup 1 --repeat 3
4096,262144,256,12,bf16_fa2,,68.2721939086914,68.82598622639973,,,,,ok,,/home/josh/tdm/infer/current/.venv/bin/python /home/josh/tdm/infer/worktrees/flashinfer-nvfp4-kv/benchmarks/bench_nvfp4_fmha_v2_gqa_grouped_attention.py --device 0 --gemma4-shape custom --q-len 4096 --kv-len 262144 --head-dim 256 --group-sizes 12 --batch-size 1 --only bf16 --fp4-backend fa2 --fp4-v-layout nhd --fp4-v-sf-layout linear --bf16-backend fa2 --warmup 1 --repeat 3
128,8192,256,16,sm120_fused,2,0.1727360039949417,0.17550933361053467,0.991529643535614,2,6656,50176,ok,,/home/josh/tdm/infer/current/.venv/bin/python /home/josh/tdm/infer/worktrees/flashinfer-nvfp4-kv/benchmarks/bench_sm120_nvfp4_cutlass_fused_attention.py --device 0 --q-len 128 --kv-len 8192 --head-dim 256 --group 16 --split-kv-len 6656 --warmup 1 --repeat 3 --sm120-qkv-online-splitkv-reuse2-full-grid-bench
128,8192,256,16,nvfp4_fa2,,0.14892800152301788,0.16476800044377646,,,,,ok,,/home/josh/tdm/infer/current/.venv/bin/python /home/josh/tdm/infer/worktrees/flashinfer-nvfp4-kv/benchmarks/bench_nvfp4_fmha_v2_gqa_grouped_attention.py --device 0 --gemma4-shape custom --q-len 128 --kv-len 8192 --head-dim 256 --group-sizes 16 --batch-size 1 --only grouped-fp4 --fp4-backend fa2 --fp4-v-layout nhd --fp4-v-sf-layout linear --bf16-backend fa2 --warmup 1 --repeat 3
128,8192,256,16,fp8_fa2,,0.13513599336147308,0.1493226687113444,,,,,ok,,/home/josh/tdm/infer/current/.venv/bin/python /home/josh/tdm/infer/worktrees/flashinfer-nvfp4-kv/benchmarks/bench_nvfp4_fmha_v2_gqa_grouped_attention.py --device 0 --gemma4-shape custom --q-len 128 --kv-len 8192 --head-dim 256 --group-sizes 16 --batch-size 1 --only fp8 --fp4-backend fa2 --fp4-v-layout nhd --fp4-v-sf-layout linear --bf16-backend fa2 --warmup 1 --repeat 3
128,8192,256,16,bf16_fa2,,0.0974079966545105,0.11299200107653935,,,,,ok,,/home/josh/tdm/infer/current/.venv/bin/python /home/josh/tdm/infer/worktrees/flashinfer-nvfp4-kv/benchmarks/bench_nvfp4_fmha_v2_gqa_grouped_attention.py --device 0 --gemma4-shape custom --q-len 128 --kv-len 8192 --head-dim 256 --group-sizes 16 --batch-size 1 --only bf16 --fp4-backend fa2 --fp4-v-layout nhd --fp4-v-sf-layout linear --bf16-backend fa2 --warmup 1 --repeat 3
128,32768,256,16,sm120_fused,2,0.1907840073108673,0.19330133497714996,0.9913405179977417,5,6656,50176,ok,,/home/josh/tdm/infer/current/.venv/bin/python /home/josh/tdm/infer/worktrees/flashinfer-nvfp4-kv/benchmarks/bench_sm120_nvfp4_cutlass_fused_attention.py --device 0 --q-len 128 --kv-len 32768 --head-dim 256 --group 16 --split-kv-len 6656 --warmup 1 --repeat 3 --sm120-qkv-online-splitkv-reuse2-full-grid-bench
128,32768,256,16,nvfp4_fa2,,0.5175999999046326,0.5341440041859945,,,,,ok,,/home/josh/tdm/infer/current/.venv/bin/python /home/josh/tdm/infer/worktrees/flashinfer-nvfp4-kv/benchmarks/bench_nvfp4_fmha_v2_gqa_grouped_attention.py --device 0 --gemma4-shape custom --q-len 128 --kv-len 32768 --head-dim 256 --group-sizes 16 --batch-size 1 --only grouped-fp4 --fp4-backend fa2 --fp4-v-layout nhd --fp4-v-sf-layout linear --bf16-backend fa2 --warmup 1 --repeat 3
128,32768,256,16,fp8_fa2,,0.4639360010623932,0.4749866724014282,,,,,ok,,/home/josh/tdm/infer/current/.venv/bin/python /home/josh/tdm/infer/worktrees/flashinfer-nvfp4-kv/benchmarks/bench_nvfp4_fmha_v2_gqa_grouped_attention.py --device 0 --gemma4-shape custom --q-len 128 --kv-len 32768 --head-dim 256 --group-sizes 16 --batch-size 1 --only fp8 --fp4-backend fa2 --fp4-v-layout nhd --fp4-v-sf-layout linear --bf16-backend fa2 --warmup 1 --repeat 3
128,32768,256,16,bf16_fa2,,0.32121598720550537,0.3343573311964671,,,,,ok,,/home/josh/tdm/infer/current/.venv/bin/python /home/josh/tdm/infer/worktrees/flashinfer-nvfp4-kv/benchmarks/bench_nvfp4_fmha_v2_gqa_grouped_attention.py --device 0 --gemma4-shape custom --q-len 128 --kv-len 32768 --head-dim 256 --group-sizes 16 --batch-size 1 --only bf16 --fp4-backend fa2 --fp4-v-layout nhd --fp4-v-sf-layout linear --bf16-backend fa2 --warmup 1 --repeat 3
128,65536,256,16,sm120_fused,2,0.3547520041465759,0.35771732529004413,0.9929143786430359,10,6656,50176,ok,,/home/josh/tdm/infer/current/.venv/bin/python /home/josh/tdm/infer/worktrees/flashinfer-nvfp4-kv/benchmarks/bench_sm120_nvfp4_cutlass_fused_attention.py --device 0 --q-len 128 --kv-len 65536 --head-dim 256 --group 16 --split-kv-len 6656 --warmup 1 --repeat 3 --sm120-qkv-online-splitkv-reuse2-full-grid-bench
128,65536,256,16,nvfp4_fa2,,1.0159679651260376,1.0336106618245442,,,,,ok,,/home/josh/tdm/infer/current/.venv/bin/python /home/josh/tdm/infer/worktrees/flashinfer-nvfp4-kv/benchmarks/bench_nvfp4_fmha_v2_gqa_grouped_attention.py --device 0 --gemma4-shape custom --q-len 128 --kv-len 65536 --head-dim 256 --group-sizes 16 --batch-size 1 --only grouped-fp4 --fp4-backend fa2 --fp4-v-layout nhd --fp4-v-sf-layout linear --bf16-backend fa2 --warmup 1 --repeat 3
128,65536,256,16,fp8_fa2,,0.901856005191803,0.9126613338788351,,,,,ok,,/home/josh/tdm/infer/current/.venv/bin/python /home/josh/tdm/infer/worktrees/flashinfer-nvfp4-kv/benchmarks/bench_nvfp4_fmha_v2_gqa_grouped_attention.py --device 0 --gemma4-shape custom --q-len 128 --kv-len 65536 --head-dim 256 --group-sizes 16 --batch-size 1 --only fp8 --fp4-backend fa2 --fp4-v-layout nhd --fp4-v-sf-layout linear --bf16-backend fa2 --warmup 1 --repeat 3
128,65536,256,16,bf16_fa2,,0.6220800280570984,0.6332480112711588,,,,,ok,,/home/josh/tdm/infer/current/.venv/bin/python /home/josh/tdm/infer/worktrees/flashinfer-nvfp4-kv/benchmarks/bench_nvfp4_fmha_v2_gqa_grouped_attention.py --device 0 --gemma4-shape custom --q-len 128 --kv-len 65536 --head-dim 256 --group-sizes 16 --batch-size 1 --only bf16 --fp4-backend fa2 --fp4-v-layout nhd --fp4-v-sf-layout linear --bf16-backend fa2 --warmup 1 --repeat 3
128,131072,256,16,sm120_fused,2,0.687391996383667,0.6913493275642395,0.9900987148284912,20,6656,50176,ok,,/home/josh/tdm/infer/current/.venv/bin/python /home/josh/tdm/infer/worktrees/flashinfer-nvfp4-kv/benchmarks/bench_sm120_nvfp4_cutlass_fused_attention.py --device 0 --q-len 128 --kv-len 131072 --head-dim 256 --group 16 --split-kv-len 6656 --warmup 1 --repeat 3 --sm120-qkv-online-splitkv-reuse2-full-grid-bench
128,131072,256,16,nvfp4_fa2,,2.0054399967193604,2.0196266969045005,,,,,ok,,/home/josh/tdm/infer/current/.venv/bin/python /home/josh/tdm/infer/worktrees/flashinfer-nvfp4-kv/benchmarks/bench_nvfp4_fmha_v2_gqa_grouped_attention.py --device 0 --gemma4-shape custom --q-len 128 --kv-len 131072 --head-dim 256 --group-sizes 16 --batch-size 1 --only grouped-fp4 --fp4-backend fa2 --fp4-v-layout nhd --fp4-v-sf-layout linear --bf16-backend fa2 --warmup 1 --repeat 3
128,131072,256,16,fp8_fa2,,1.780735969543457,1.7930346727371216,,,,,ok,,/home/josh/tdm/infer/current/.venv/bin/python /home/josh/tdm/infer/worktrees/flashinfer-nvfp4-kv/benchmarks/bench_nvfp4_fmha_v2_gqa_grouped_attention.py --device 0 --gemma4-shape custom --q-len 128 --kv-len 131072 --head-dim 256 --group-sizes 16 --batch-size 1 --only fp8 --fp4-backend fa2 --fp4-v-layout nhd --fp4-v-sf-layout linear --bf16-backend fa2 --warmup 1 --repeat 3
128,131072,256,16,bf16_fa2,,1.2486079931259155,1.2610560258229573,,,,,ok,,/home/josh/tdm/infer/current/.venv/bin/python /home/josh/tdm/infer/worktrees/flashinfer-nvfp4-kv/benchmarks/bench_nvfp4_fmha_v2_gqa_grouped_attention.py --device 0 --gemma4-shape custom --q-len 128 --kv-len 131072 --head-dim 256 --group-sizes 16 --batch-size 1 --only bf16 --fp4-backend fa2 --fp4-v-layout nhd --fp4-v-sf-layout linear --bf16-backend fa2 --warmup 1 --repeat 3
128,262144,256,16,sm120_fused,2,1.2316800355911255,1.2339306672414143,0.9917596578598022,40,6656,50176,ok,,/home/josh/tdm/infer/current/.venv/bin/python /home/josh/tdm/infer/worktrees/flashinfer-nvfp4-kv/benchmarks/bench_sm120_nvfp4_cutlass_fused_attention.py --device 0 --q-len 128 --kv-len 262144 --head-dim 256 --group 16 --split-kv-len 6656 --warmup 1 --repeat 3 --sm120-qkv-online-splitkv-reuse2-full-grid-bench
128,262144,256,16,nvfp4_fa2,,3.9793601036071777,3.990293343861898,,,,,ok,,/home/josh/tdm/infer/current/.venv/bin/python /home/josh/tdm/infer/worktrees/flashinfer-nvfp4-kv/benchmarks/bench_nvfp4_fmha_v2_gqa_grouped_attention.py --device 0 --gemma4-shape custom --q-len 128 --kv-len 262144 --head-dim 256 --group-sizes 16 --batch-size 1 --only grouped-fp4 --fp4-backend fa2 --fp4-v-layout nhd --fp4-v-sf-layout linear --bf16-backend fa2 --warmup 1 --repeat 3
128,262144,256,16,fp8_fa2,,3.5808000564575195,3.5981973012288413,,,,,ok,,/home/josh/tdm/infer/current/.venv/bin/python /home/josh/tdm/infer/worktrees/flashinfer-nvfp4-kv/benchmarks/bench_nvfp4_fmha_v2_gqa_grouped_attention.py --device 0 --gemma4-shape custom --q-len 128 --kv-len 262144 --head-dim 256 --group-sizes 16 --batch-size 1 --only fp8 --fp4-backend fa2 --fp4-v-layout nhd --fp4-v-sf-layout linear --bf16-backend fa2 --warmup 1 --repeat 3
128,262144,256,16,bf16_fa2,,2.501312017440796,2.513536055882772,,,,,ok,,/home/josh/tdm/infer/current/.venv/bin/python /home/josh/tdm/infer/worktrees/flashinfer-nvfp4-kv/benchmarks/bench_nvfp4_fmha_v2_gqa_grouped_attention.py --device 0 --gemma4-shape custom --q-len 128 --kv-len 262144 --head-dim 256 --group-sizes 16 --batch-size 1 --only bf16 --fp4-backend fa2 --fp4-v-layout nhd --fp4-v-sf-layout linear --bf16-backend fa2 --warmup 1 --repeat 3
256,8192,256,16,sm120_fused,2,0.17791999876499176,0.1807573288679123,0.9915125370025635,2,6656,50176,ok,,/home/josh/tdm/infer/current/.venv/bin/python /home/josh/tdm/infer/worktrees/flashinfer-nvfp4-kv/benchmarks/bench_sm120_nvfp4_cutlass_fused_attention.py --device 0 --q-len 256 --kv-len 8192 --head-dim 256 --group 16 --split-kv-len 6656 --warmup 1 --repeat 3 --sm120-qkv-online-splitkv-reuse2-full-grid-bench
256,8192,256,16,nvfp4_fa2,,0.2852799892425537,0.3012906610965729,,,,,ok,,/home/josh/tdm/infer/current/.venv/bin/python /home/josh/tdm/infer/worktrees/flashinfer-nvfp4-kv/benchmarks/bench_nvfp4_fmha_v2_gqa_grouped_attention.py --device 0 --gemma4-shape custom --q-len 256 --kv-len 8192 --head-dim 256 --group-sizes 16 --batch-size 1 --only grouped-fp4 --fp4-backend fa2 --fp4-v-layout nhd --fp4-v-sf-layout linear --bf16-backend fa2 --warmup 1 --repeat 3
256,8192,256,16,fp8_fa2,,0.2555519938468933,0.2670400043328603,,,,,ok,,/home/josh/tdm/infer/current/.venv/bin/python /home/josh/tdm/infer/worktrees/flashinfer-nvfp4-kv/benchmarks/bench_nvfp4_fmha_v2_gqa_grouped_attention.py --device 0 --gemma4-shape custom --q-len 256 --kv-len 8192 --head-dim 256 --group-sizes 16 --batch-size 1 --only fp8 --fp4-backend fa2 --fp4-v-layout nhd --fp4-v-sf-layout linear --bf16-backend fa2 --warmup 1 --repeat 3
256,8192,256,16,bf16_fa2,,0.1764799952507019,0.19017600019772848,,,,,ok,,/home/josh/tdm/infer/current/.venv/bin/python /home/josh/tdm/infer/worktrees/flashinfer-nvfp4-kv/benchmarks/bench_nvfp4_fmha_v2_gqa_grouped_attention.py --device 0 --gemma4-shape custom --q-len 256 --kv-len 8192 --head-dim 256 --group-sizes 16 --batch-size 1 --only bf16 --fp4-backend fa2 --fp4-v-layout nhd --fp4-v-sf-layout linear --bf16-backend fa2 --warmup 1 --repeat 3
256,32768,256,16,sm120_fused,2,0.35660800337791443,0.3585173388322194,0.9913433194160461,5,6656,50176,ok,,/home/josh/tdm/infer/current/.venv/bin/python /home/josh/tdm/infer/worktrees/flashinfer-nvfp4-kv/benchmarks/bench_sm120_nvfp4_cutlass_fused_attention.py --device 0 --q-len 256 --kv-len 32768 --head-dim 256 --group 16 --split-kv-len 6656 --warmup 1 --repeat 3 --sm120-qkv-online-splitkv-reuse2-full-grid-bench
256,32768,256,16,nvfp4_fa2,,1.0664639472961426,1.0801493326822917,,,,,ok,,/home/josh/tdm/infer/current/.venv/bin/python /home/josh/tdm/infer/worktrees/flashinfer-nvfp4-kv/benchmarks/bench_nvfp4_fmha_v2_gqa_grouped_attention.py --device 0 --gemma4-shape custom --q-len 256 --kv-len 32768 --head-dim 256 --group-sizes 16 --batch-size 1 --only grouped-fp4 --fp4-backend fa2 --fp4-v-layout nhd --fp4-v-sf-layout linear --bf16-backend fa2 --warmup 1 --repeat 3
256,32768,256,16,fp8_fa2,,0.9503679871559143,0.9665813446044922,,,,,ok,,/home/josh/tdm/infer/current/.venv/bin/python /home/josh/tdm/infer/worktrees/flashinfer-nvfp4-kv/benchmarks/bench_nvfp4_fmha_v2_gqa_grouped_attention.py --device 0 --gemma4-shape custom --q-len 256 --kv-len 32768 --head-dim 256 --group-sizes 16 --batch-size 1 --only fp8 --fp4-backend fa2 --fp4-v-layout nhd --fp4-v-sf-layout linear --bf16-backend fa2 --warmup 1 --repeat 3
256,32768,256,16,bf16_fa2,,0.6545600295066833,0.6697386900583903,,,,,ok,,/home/josh/tdm/infer/current/.venv/bin/python /home/josh/tdm/infer/worktrees/flashinfer-nvfp4-kv/benchmarks/bench_nvfp4_fmha_v2_gqa_grouped_attention.py --device 0 --gemma4-shape custom --q-len 256 --kv-len 32768 --head-dim 256 --group-sizes 16 --batch-size 1 --only bf16 --fp4-backend fa2 --fp4-v-layout nhd --fp4-v-sf-layout linear --bf16-backend fa2 --warmup 1 --repeat 3
256,65536,256,16,sm120_fused,2,0.685696005821228,0.6908266544342041,0.9929431676864624,10,6656,50176,ok,,/home/josh/tdm/infer/current/.venv/bin/python /home/josh/tdm/infer/worktrees/flashinfer-nvfp4-kv/benchmarks/bench_sm120_nvfp4_cutlass_fused_attention.py --device 0 --q-len 256 --kv-len 65536 --head-dim 256 --group 16 --split-kv-len 6656 --warmup 1 --repeat 3 --sm120-qkv-online-splitkv-reuse2-full-grid-bench
256,65536,256,16,nvfp4_fa2,,2.107487916946411,2.1199680169423423,,,,,ok,,/home/josh/tdm/infer/current/.venv/bin/python /home/josh/tdm/infer/worktrees/flashinfer-nvfp4-kv/benchmarks/bench_nvfp4_fmha_v2_gqa_grouped_attention.py --device 0 --gemma4-shape custom --q-len 256 --kv-len 65536 --head-dim 256 --group-sizes 16 --batch-size 1 --only grouped-fp4 --fp4-backend fa2 --fp4-v-layout nhd --fp4-v-sf-layout linear --bf16-backend fa2 --warmup 1 --repeat 3
256,65536,256,16,fp8_fa2,,1.8767679929733276,1.9092586437861125,,,,,ok,,/home/josh/tdm/infer/current/.venv/bin/python /home/josh/tdm/infer/worktrees/flashinfer-nvfp4-kv/benchmarks/bench_nvfp4_fmha_v2_gqa_grouped_attention.py --device 0 --gemma4-shape custom --q-len 256 --kv-len 65536 --head-dim 256 --group-sizes 16 --batch-size 1 --only fp8 --fp4-backend fa2 --fp4-v-layout nhd --fp4-v-sf-layout linear --bf16-backend fa2 --warmup 1 --repeat 3
256,65536,256,16,bf16_fa2,,1.2902079820632935,1.302463968594869,,,,,ok,,/home/josh/tdm/infer/current/.venv/bin/python /home/josh/tdm/infer/worktrees/flashinfer-nvfp4-kv/benchmarks/bench_nvfp4_fmha_v2_gqa_grouped_attention.py --device 0 --gemma4-shape custom --q-len 256 --kv-len 65536 --head-dim 256 --group-sizes 16 --batch-size 1 --only bf16 --fp4-backend fa2 --fp4-v-layout nhd --fp4-v-sf-layout linear --bf16-backend fa2 --warmup 1 --repeat 3
256,131072,256,16,sm120_fused,2,1.2219840288162231,1.2265493075052898,0.990013599395752,20,6656,50176,ok,,/home/josh/tdm/infer/current/.venv/bin/python /home/josh/tdm/infer/worktrees/flashinfer-nvfp4-kv/benchmarks/bench_sm120_nvfp4_cutlass_fused_attention.py --device 0 --q-len 256 --kv-len 131072 --head-dim 256 --group 16 --split-kv-len 6656 --warmup 1 --repeat 3 --sm120-qkv-online-splitkv-reuse2-full-grid-bench
256,131072,256,16,nvfp4_fa2,,4.183104038238525,4.194421450297038,,,,,ok,,/home/josh/tdm/infer/current/.venv/bin/python /home/josh/tdm/infer/worktrees/flashinfer-nvfp4-kv/benchmarks/bench_nvfp4_fmha_v2_gqa_grouped_attention.py --device 0 --gemma4-shape custom --q-len 256 --kv-len 131072 --head-dim 256 --group-sizes 16 --batch-size 1 --only grouped-fp4 --fp4-backend fa2 --fp4-v-layout nhd --fp4-v-sf-layout linear --bf16-backend fa2 --warmup 1 --repeat 3
256,131072,256,16,fp8_fa2,,3.719167947769165,3.734250624974569,,,,,ok,,/home/josh/tdm/infer/current/.venv/bin/python /home/josh/tdm/infer/worktrees/flashinfer-nvfp4-kv/benchmarks/bench_nvfp4_fmha_v2_gqa_grouped_attention.py --device 0 --gemma4-shape custom --q-len 256 --kv-len 131072 --head-dim 256 --group-sizes 16 --batch-size 1 --only fp8 --fp4-backend fa2 --fp4-v-layout nhd --fp4-v-sf-layout linear --bf16-backend fa2 --warmup 1 --repeat 3
256,131072,256,16,bf16_fa2,,2.5893120765686035,2.6022613048553467,,,,,ok,,/home/josh/tdm/infer/current/.venv/bin/python /home/josh/tdm/infer/worktrees/flashinfer-nvfp4-kv/benchmarks/bench_nvfp4_fmha_v2_gqa_grouped_attention.py --device 0 --gemma4-shape custom --q-len 256 --kv-len 131072 --head-dim 256 --group-sizes 16 --batch-size 1 --only bf16 --fp4-backend fa2 --fp4-v-layout nhd --fp4-v-sf-layout linear --bf16-backend fa2 --warmup 1 --repeat 3
256,262144,256,16,sm120_fused,2,2.624095916748047,2.6250240008036294,0.9917877316474915,40,6656,50176,ok,,/home/josh/tdm/infer/current/.venv/bin/python /home/josh/tdm/infer/worktrees/flashinfer-nvfp4-kv/benchmarks/bench_sm120_nvfp4_cutlass_fused_attention.py --device 0 --q-len 256 --kv-len 262144 --head-dim 256 --group 16 --split-kv-len 6656 --warmup 1 --repeat 3 --sm120-qkv-online-splitkv-reuse2-full-grid-bench
256,262144,256,16,nvfp4_fa2,,8.357760429382324,8.375658988952637,,,,,ok,,/home/josh/tdm/infer/current/.venv/bin/python /home/josh/tdm/infer/worktrees/flashinfer-nvfp4-kv/benchmarks/bench_nvfp4_fmha_v2_gqa_grouped_attention.py --device 0 --gemma4-shape custom --q-len 256 --kv-len 262144 --head-dim 256 --group-sizes 16 --batch-size 1 --only grouped-fp4 --fp4-backend fa2 --fp4-v-layout nhd --fp4-v-sf-layout linear --bf16-backend fa2 --warmup 1 --repeat 3
256,262144,256,16,fp8_fa2,,7.444447994232178,7.45849593480428,,,,,ok,,/home/josh/tdm/infer/current/.venv/bin/python /home/josh/tdm/infer/worktrees/flashinfer-nvfp4-kv/benchmarks/bench_nvfp4_fmha_v2_gqa_grouped_attention.py --device 0 --gemma4-shape custom --q-len 256 --kv-len 262144 --head-dim 256 --group-sizes 16 --batch-size 1 --only fp8 --fp4-backend fa2 --fp4-v-layout nhd --fp4-v-sf-layout linear --bf16-backend fa2 --warmup 1 --repeat 3
256,262144,256,16,bf16_fa2,,5.171199798583984,5.183327992757161,,,,,ok,,/home/josh/tdm/infer/current/.venv/bin/python /home/josh/tdm/infer/worktrees/flashinfer-nvfp4-kv/benchmarks/bench_nvfp4_fmha_v2_gqa_grouped_attention.py --device 0 --gemma4-shape custom --q-len 256 --kv-len 262144 --head-dim 256 --group-sizes 16 --batch-size 1 --only bf16 --fp4-backend fa2 --fp4-v-layout nhd --fp4-v-sf-layout linear --bf16-backend fa2 --warmup 1 --repeat 3
512,8192,256,16,sm120_fused,2,0.19513599574565887,0.19891199469566345,0.9900102019309998,2,6656,50176,ok,,/home/josh/tdm/infer/current/.venv/bin/python /home/josh/tdm/infer/worktrees/flashinfer-nvfp4-kv/benchmarks/bench_sm120_nvfp4_cutlass_fused_attention.py --device 0 --q-len 512 --kv-len 8192 --head-dim 256 --group 16 --split-kv-len 6656 --warmup 1 --repeat 3 --sm120-qkv-online-splitkv-reuse2-full-grid-bench
512,8192,256,16,nvfp4_fa2,,0.6278719902038574,0.6467626690864563,,,,,ok,,/home/josh/tdm/infer/current/.venv/bin/python /home/josh/tdm/infer/worktrees/flashinfer-nvfp4-kv/benchmarks/bench_nvfp4_fmha_v2_gqa_grouped_attention.py --device 0 --gemma4-shape custom --q-len 512 --kv-len 8192 --head-dim 256 --group-sizes 16 --batch-size 1 --only grouped-fp4 --fp4-backend fa2 --fp4-v-layout nhd --fp4-v-sf-layout linear --bf16-backend fa2 --warmup 1 --repeat 3
512,8192,256,16,fp8_fa2,,0.5538560152053833,0.5721279978752136,,,,,ok,,/home/josh/tdm/infer/current/.venv/bin/python /home/josh/tdm/infer/worktrees/flashinfer-nvfp4-kv/benchmarks/bench_nvfp4_fmha_v2_gqa_grouped_attention.py --device 0 --gemma4-shape custom --q-len 512 --kv-len 8192 --head-dim 256 --group-sizes 16 --batch-size 1 --only fp8 --fp4-backend fa2 --fp4-v-layout nhd --fp4-v-sf-layout linear --bf16-backend fa2 --warmup 1 --repeat 3
512,8192,256,16,bf16_fa2,,0.3813439905643463,0.39980799953142804,,,,,ok,,/home/josh/tdm/infer/current/.venv/bin/python /home/josh/tdm/infer/worktrees/flashinfer-nvfp4-kv/benchmarks/bench_nvfp4_fmha_v2_gqa_grouped_attention.py --device 0 --gemma4-shape custom --q-len 512 --kv-len 8192 --head-dim 256 --group-sizes 16 --batch-size 1 --only bf16 --fp4-backend fa2 --fp4-v-layout nhd --fp4-v-sf-layout linear --bf16-backend fa2 --warmup 1 --repeat 3
512,32768,256,16,sm120_fused,2,0.6765760183334351,0.6821226676305135,0.9919500350952148,5,6656,50176,ok,,/home/josh/tdm/infer/current/.venv/bin/python /home/josh/tdm/infer/worktrees/flashinfer-nvfp4-kv/benchmarks/bench_sm120_nvfp4_cutlass_fused_attention.py --device 0 --q-len 512 --kv-len 32768 --head-dim 256 --group 16 --split-kv-len 6656 --warmup 1 --repeat 3 --sm120-qkv-online-splitkv-reuse2-full-grid-bench
512,32768,256,16,nvfp4_fa2,,2.481503963470459,2.4937386512756348,,,,,ok,,/home/josh/tdm/infer/current/.venv/bin/python /home/josh/tdm/infer/worktrees/flashinfer-nvfp4-kv/benchmarks/bench_nvfp4_fmha_v2_gqa_grouped_attention.py --device 0 --gemma4-shape custom --q-len 512 --kv-len 32768 --head-dim 256 --group-sizes 16 --batch-size 1 --only grouped-fp4 --fp4-backend fa2 --fp4-v-layout nhd --fp4-v-sf-layout linear --bf16-backend fa2 --warmup 1 --repeat 3
512,32768,256,16,fp8_fa2,,2.1534080505371094,2.171349366505941,,,,,ok,,/home/josh/tdm/infer/current/.venv/bin/python /home/josh/tdm/infer/worktrees/flashinfer-nvfp4-kv/benchmarks/bench_nvfp4_fmha_v2_gqa_grouped_attention.py --device 0 --gemma4-shape custom --q-len 512 --kv-len 32768 --head-dim 256 --group-sizes 16 --batch-size 1 --only fp8 --fp4-backend fa2 --fp4-v-layout nhd --fp4-v-sf-layout linear --bf16-backend fa2 --warmup 1 --repeat 3
512,32768,256,16,bf16_fa2,,1.490496039390564,1.5111039876937866,,,,,ok,,/home/josh/tdm/infer/current/.venv/bin/python /home/josh/tdm/infer/worktrees/flashinfer-nvfp4-kv/benchmarks/bench_nvfp4_fmha_v2_gqa_grouped_attention.py --device 0 --gemma4-shape custom --q-len 512 --kv-len 32768 --head-dim 256 --group-sizes 16 --batch-size 1 --only bf16 --fp4-backend fa2 --fp4-v-layout nhd --fp4-v-sf-layout linear --bf16-backend fa2 --warmup 1 --repeat 3
512,65536,256,16,sm120_fused,2,1.2155840396881104,1.2181440194447835,0.9930053949356079,10,6656,50176,ok,,/home/josh/tdm/infer/current/.venv/bin/python /home/josh/tdm/infer/worktrees/flashinfer-nvfp4-kv/benchmarks/bench_sm120_nvfp4_cutlass_fused_attention.py --device 0 --q-len 512 --kv-len 65536 --head-dim 256 --group 16 --split-kv-len 6656 --warmup 1 --repeat 3 --sm120-qkv-online-splitkv-reuse2-full-grid-bench
512,65536,256,16,nvfp4_fa2,,4.936831951141357,4.954240004221599,,,,,ok,,/home/josh/tdm/infer/current/.venv/bin/python /home/josh/tdm/infer/worktrees/flashinfer-nvfp4-kv/benchmarks/bench_nvfp4_fmha_v2_gqa_grouped_attention.py --device 0 --gemma4-shape custom --q-len 512 --kv-len 65536 --head-dim 256 --group-sizes 16 --batch-size 1 --only grouped-fp4 --fp4-backend fa2 --fp4-v-layout nhd --fp4-v-sf-layout linear --bf16-backend fa2 --warmup 1 --repeat 3
512,65536,256,16,fp8_fa2,,4.29091215133667,4.304181416829427,,,,,ok,,/home/josh/tdm/infer/current/.venv/bin/python /home/josh/tdm/infer/worktrees/flashinfer-nvfp4-kv/benchmarks/bench_nvfp4_fmha_v2_gqa_grouped_attention.py --device 0 --gemma4-shape custom --q-len 512 --kv-len 65536 --head-dim 256 --group-sizes 16 --batch-size 1 --only fp8 --fp4-backend fa2 --fp4-v-layout nhd --fp4-v-sf-layout linear --bf16-backend fa2 --warmup 1 --repeat 3
512,65536,256,16,bf16_fa2,,2.9617919921875,2.9801599979400635,,,,,ok,,/home/josh/tdm/infer/current/.venv/bin/python /home/josh/tdm/infer/worktrees/flashinfer-nvfp4-kv/benchmarks/bench_nvfp4_fmha_v2_gqa_grouped_attention.py --device 0 --gemma4-shape custom --q-len 512 --kv-len 65536 --head-dim 256 --group-sizes 16 --batch-size 1 --only bf16 --fp4-backend fa2 --fp4-v-layout nhd --fp4-v-sf-layout linear --bf16-backend fa2 --warmup 1 --repeat 3
512,131072,256,16,sm120_fused,2,2.4310719966888428,2.433354616165161,0.9901700019836426,20,6656,50176,ok,,/home/josh/tdm/infer/current/.venv/bin/python /home/josh/tdm/infer/worktrees/flashinfer-nvfp4-kv/benchmarks/bench_sm120_nvfp4_cutlass_fused_attention.py --device 0 --q-len 512 --kv-len 131072 --head-dim 256 --group 16 --split-kv-len 6656 --warmup 1 --repeat 3 --sm120-qkv-online-splitkv-reuse2-full-grid-bench
512,131072,256,16,nvfp4_fa2,,9.874239921569824,9.875327746073404,,,,,ok,,/home/josh/tdm/infer/current/.venv/bin/python /home/josh/tdm/infer/worktrees/flashinfer-nvfp4-kv/benchmarks/bench_nvfp4_fmha_v2_gqa_grouped_attention.py --device 0 --gemma4-shape custom --q-len 512 --kv-len 131072 --head-dim 256 --group-sizes 16 --batch-size 1 --only grouped-fp4 --fp4-backend fa2 --fp4-v-layout nhd --fp4-v-sf-layout linear --bf16-backend fa2 --warmup 1 --repeat 3
512,131072,256,16,fp8_fa2,,8.55081558227539,8.568149248758951,,,,,ok,,/home/josh/tdm/infer/current/.venv/bin/python /home/josh/tdm/infer/worktrees/flashinfer-nvfp4-kv/benchmarks/bench_nvfp4_fmha_v2_gqa_grouped_attention.py --device 0 --gemma4-shape custom --q-len 512 --kv-len 131072 --head-dim 256 --group-sizes 16 --batch-size 1 --only fp8 --fp4-backend fa2 --fp4-v-layout nhd --fp4-v-sf-layout linear --bf16-backend fa2 --warmup 1 --repeat 3
512,131072,256,16,bf16_fa2,,5.94217586517334,5.957493305206299,,,,,ok,,/home/josh/tdm/infer/current/.venv/bin/python /home/josh/tdm/infer/worktrees/flashinfer-nvfp4-kv/benchmarks/bench_nvfp4_fmha_v2_gqa_grouped_attention.py --device 0 --gemma4-shape custom --q-len 512 --kv-len 131072 --head-dim 256 --group-sizes 16 --batch-size 1 --only bf16 --fp4-backend fa2 --fp4-v-layout nhd --fp4-v-sf-layout linear --bf16-backend fa2 --warmup 1 --repeat 3
512,262144,256,16,sm120_fused,2,5.071231842041016,5.0725226402282715,0.9919441342353821,40,6656,50176,ok,,/home/josh/tdm/infer/current/.venv/bin/python /home/josh/tdm/infer/worktrees/flashinfer-nvfp4-kv/benchmarks/bench_sm120_nvfp4_cutlass_fused_attention.py --device 0 --q-len 512 --kv-len 262144 --head-dim 256 --group 16 --split-kv-len 6656 --warmup 1 --repeat 3 --sm120-qkv-online-splitkv-reuse2-full-grid-bench
512,262144,256,16,nvfp4_fa2,,19.708768844604492,19.731979370117188,,,,,ok,,/home/josh/tdm/infer/current/.venv/bin/python /home/josh/tdm/infer/worktrees/flashinfer-nvfp4-kv/benchmarks/bench_nvfp4_fmha_v2_gqa_grouped_attention.py --device 0 --gemma4-shape custom --q-len 512 --kv-len 262144 --head-dim 256 --group-sizes 16 --batch-size 1 --only grouped-fp4 --fp4-backend fa2 --fp4-v-layout nhd --fp4-v-sf-layout linear --bf16-backend fa2 --warmup 1 --repeat 3
512,262144,256,16,fp8_fa2,,17.07257652282715,17.085322697957356,,,,,ok,,/home/josh/tdm/infer/current/.venv/bin/python /home/josh/tdm/infer/worktrees/flashinfer-nvfp4-kv/benchmarks/bench_nvfp4_fmha_v2_gqa_grouped_attention.py --device 0 --gemma4-shape custom --q-len 512 --kv-len 262144 --head-dim 256 --group-sizes 16 --batch-size 1 --only fp8 --fp4-backend fa2 --fp4-v-layout nhd --fp4-v-sf-layout linear --bf16-backend fa2 --warmup 1 --repeat 3
512,262144,256,16,bf16_fa2,,11.884832382202148,11.895541508992514,,,,,ok,,/home/josh/tdm/infer/current/.venv/bin/python /home/josh/tdm/infer/worktrees/flashinfer-nvfp4-kv/benchmarks/bench_nvfp4_fmha_v2_gqa_grouped_attention.py --device 0 --gemma4-shape custom --q-len 512 --kv-len 262144 --head-dim 256 --group-sizes 16 --batch-size 1 --only bf16 --fp4-backend fa2 --fp4-v-layout nhd --fp4-v-sf-layout linear --bf16-backend fa2 --warmup 1 --repeat 3
1024,8192,256,16,sm120_fused,2,0.3667199909687042,0.36904533704121906,0.9893175363540649,2,6656,50176,ok,,/home/josh/tdm/infer/current/.venv/bin/python /home/josh/tdm/infer/worktrees/flashinfer-nvfp4-kv/benchmarks/bench_sm120_nvfp4_cutlass_fused_attention.py --device 0 --q-len 1024 --kv-len 8192 --head-dim 256 --group 16 --split-kv-len 6656 --warmup 1 --repeat 3 --sm120-qkv-online-splitkv-reuse2-full-grid-bench
1024,8192,256,16,nvfp4_fa2,,1.2047359943389893,1.2198293606440227,,,,,ok,,/home/josh/tdm/infer/current/.venv/bin/python /home/josh/tdm/infer/worktrees/flashinfer-nvfp4-kv/benchmarks/bench_nvfp4_fmha_v2_gqa_grouped_attention.py --device 0 --gemma4-shape custom --q-len 1024 --kv-len 8192 --head-dim 256 --group-sizes 16 --batch-size 1 --only grouped-fp4 --fp4-backend fa2 --fp4-v-layout nhd --fp4-v-sf-layout linear --bf16-backend fa2 --warmup 1 --repeat 3
1024,8192,256,16,fp8_fa2,,1.0551999807357788,1.0701653162638347,,,,,ok,,/home/josh/tdm/infer/current/.venv/bin/python /home/josh/tdm/infer/worktrees/flashinfer-nvfp4-kv/benchmarks/bench_nvfp4_fmha_v2_gqa_grouped_attention.py --device 0 --gemma4-shape custom --q-len 1024 --kv-len 8192 --head-dim 256 --group-sizes 16 --batch-size 1 --only fp8 --fp4-backend fa2 --fp4-v-layout nhd --fp4-v-sf-layout linear --bf16-backend fa2 --warmup 1 --repeat 3
1024,8192,256,16,bf16_fa2,,0.7339199781417847,0.7471253275871277,,,,,ok,,/home/josh/tdm/infer/current/.venv/bin/python /home/josh/tdm/infer/worktrees/flashinfer-nvfp4-kv/benchmarks/bench_nvfp4_fmha_v2_gqa_grouped_attention.py --device 0 --gemma4-shape custom --q-len 1024 --kv-len 8192 --head-dim 256 --group-sizes 16 --batch-size 1 --only bf16 --fp4-backend fa2 --fp4-v-layout nhd --fp4-v-sf-layout linear --bf16-backend fa2 --warmup 1 --repeat 3
1024,32768,256,16,sm120_fused,2,1.2125760316848755,1.2187520265579224,0.9909512996673584,5,6656,50176,ok,,/home/josh/tdm/infer/current/.venv/bin/python /home/josh/tdm/infer/worktrees/flashinfer-nvfp4-kv/benchmarks/bench_sm120_nvfp4_cutlass_fused_attention.py --device 0 --q-len 1024 --kv-len 32768 --head-dim 256 --group 16 --split-kv-len 6656 --warmup 1 --repeat 3 --sm120-qkv-online-splitkv-reuse2-full-grid-bench
1024,32768,256,16,nvfp4_fa2,,4.9009599685668945,4.910911877950032,,,,,ok,,/home/josh/tdm/infer/current/.venv/bin/python /home/josh/tdm/infer/worktrees/flashinfer-nvfp4-kv/benchmarks/bench_nvfp4_fmha_v2_gqa_grouped_attention.py --device 0 --gemma4-shape custom --q-len 1024 --kv-len 32768 --head-dim 256 --group-sizes 16 --batch-size 1 --only grouped-fp4 --fp4-backend fa2 --fp4-v-layout nhd --fp4-v-sf-layout linear --bf16-backend fa2 --warmup 1 --repeat 3
1024,32768,256,16,fp8_fa2,,4.249792098999023,4.262154738108317,,,,,ok,,/home/josh/tdm/infer/current/.venv/bin/python /home/josh/tdm/infer/worktrees/flashinfer-nvfp4-kv/benchmarks/bench_nvfp4_fmha_v2_gqa_grouped_attention.py --device 0 --gemma4-shape custom --q-len 1024 --kv-len 32768 --head-dim 256 --group-sizes 16 --batch-size 1 --only fp8 --fp4-backend fa2 --fp4-v-layout nhd --fp4-v-sf-layout linear --bf16-backend fa2 --warmup 1 --repeat 3
1024,32768,256,16,bf16_fa2,,2.9316160678863525,2.945173422495524,,,,,ok,,/home/josh/tdm/infer/current/.venv/bin/python /home/josh/tdm/infer/worktrees/flashinfer-nvfp4-kv/benchmarks/bench_nvfp4_fmha_v2_gqa_grouped_attention.py --device 0 --gemma4-shape custom --q-len 1024 --kv-len 32768 --head-dim 256 --group-sizes 16 --batch-size 1 --only bf16 --fp4-backend fa2 --fp4-v-layout nhd --fp4-v-sf-layout linear --bf16-backend fa2 --warmup 1 --repeat 3
1024,65536,256,16,sm120_fused,2,2.4136641025543213,2.416031996409098,0.9919617176055908,10,6656,50176,ok,,/home/josh/tdm/infer/current/.venv/bin/python /home/josh/tdm/infer/worktrees/flashinfer-nvfp4-kv/benchmarks/bench_sm120_nvfp4_cutlass_fused_attention.py --device 0 --q-len 1024 --kv-len 65536 --head-dim 256 --group 16 --split-kv-len 6656 --warmup 1 --repeat 3 --sm120-qkv-online-splitkv-reuse2-full-grid-bench
1024,65536,256,16,nvfp4_fa2,,9.809951782226562,9.83352533976237,,,,,ok,,/home/josh/tdm/infer/current/.venv/bin/python /home/josh/tdm/infer/worktrees/flashinfer-nvfp4-kv/benchmarks/bench_nvfp4_fmha_v2_gqa_grouped_attention.py --device 0 --gemma4-shape custom --q-len 1024 --kv-len 65536 --head-dim 256 --group-sizes 16 --batch-size 1 --only grouped-fp4 --fp4-backend fa2 --fp4-v-layout nhd --fp4-v-sf-layout linear --bf16-backend fa2 --warmup 1 --repeat 3
1024,65536,256,16,fp8_fa2,,8.50438404083252,8.522165298461914,,,,,ok,,/home/josh/tdm/infer/current/.venv/bin/python /home/josh/tdm/infer/worktrees/flashinfer-nvfp4-kv/benchmarks/bench_nvfp4_fmha_v2_gqa_grouped_attention.py --device 0 --gemma4-shape custom --q-len 1024 --kv-len 65536 --head-dim 256 --group-sizes 16 --batch-size 1 --only fp8 --fp4-backend fa2 --fp4-v-layout nhd --fp4-v-sf-layout linear --bf16-backend fa2 --warmup 1 --repeat 3
1024,65536,256,16,bf16_fa2,,5.863296031951904,5.875199953715007,,,,,ok,,/home/josh/tdm/infer/current/.venv/bin/python /home/josh/tdm/infer/worktrees/flashinfer-nvfp4-kv/benchmarks/bench_nvfp4_fmha_v2_gqa_grouped_attention.py --device 0 --gemma4-shape custom --q-len 1024 --kv-len 65536 --head-dim 256 --group-sizes 16 --batch-size 1 --only bf16 --fp4-backend fa2 --fp4-v-layout nhd --fp4-v-sf-layout linear --bf16-backend fa2 --warmup 1 --repeat 3
1024,131072,256,16,sm120_fused,2,4.9576640129089355,4.961493333180745,0.9909847974777222,20,6656,50176,ok,,/home/josh/tdm/infer/current/.venv/bin/python /home/josh/tdm/infer/worktrees/flashinfer-nvfp4-kv/benchmarks/bench_sm120_nvfp4_cutlass_fused_attention.py --device 0 --q-len 1024 --kv-len 131072 --head-dim 256 --group 16 --split-kv-len 6656 --warmup 1 --repeat 3 --sm120-qkv-online-splitkv-reuse2-full-grid-bench
1024,131072,256,16,nvfp4_fa2,,19.660959243774414,19.666783650716145,,,,,ok,,/home/josh/tdm/infer/current/.venv/bin/python /home/josh/tdm/infer/worktrees/flashinfer-nvfp4-kv/benchmarks/bench_nvfp4_fmha_v2_gqa_grouped_attention.py --device 0 --gemma4-shape custom --q-len 1024 --kv-len 131072 --head-dim 256 --group-sizes 16 --batch-size 1 --only grouped-fp4 --fp4-backend fa2 --fp4-v-layout nhd --fp4-v-sf-layout linear --bf16-backend fa2 --warmup 1 --repeat 3
1024,131072,256,16,fp8_fa2,,16.98476791381836,17.01968002319336,,,,,ok,,/home/josh/tdm/infer/current/.venv/bin/python /home/josh/tdm/infer/worktrees/flashinfer-nvfp4-kv/benchmarks/bench_nvfp4_fmha_v2_gqa_grouped_attention.py --device 0 --gemma4-shape custom --q-len 1024 --kv-len 131072 --head-dim 256 --group-sizes 16 --batch-size 1 --only fp8 --fp4-backend fa2 --fp4-v-layout nhd --fp4-v-sf-layout linear --bf16-backend fa2 --warmup 1 --repeat 3
1024,131072,256,16,bf16_fa2,,11.814847946166992,11.852426846822103,,,,,ok,,/home/josh/tdm/infer/current/.venv/bin/python /home/josh/tdm/infer/worktrees/flashinfer-nvfp4-kv/benchmarks/bench_nvfp4_fmha_v2_gqa_grouped_attention.py --device 0 --gemma4-shape custom --q-len 1024 --kv-len 131072 --head-dim 256 --group-sizes 16 --batch-size 1 --only bf16 --fp4-backend fa2 --fp4-v-layout nhd --fp4-v-sf-layout linear --bf16-backend fa2 --warmup 1 --repeat 3
1024,262144,256,16,sm120_fused,2,9.897407531738281,9.90556780497233,0.9925978183746338,40,6656,50176,ok,,/home/josh/tdm/infer/current/.venv/bin/python /home/josh/tdm/infer/worktrees/flashinfer-nvfp4-kv/benchmarks/bench_sm120_nvfp4_cutlass_fused_attention.py --device 0 --q-len 1024 --kv-len 262144 --head-dim 256 --group 16 --split-kv-len 6656 --warmup 1 --repeat 3 --sm120-qkv-online-splitkv-reuse2-full-grid-bench
1024,262144,256,16,nvfp4_fa2,,39.52377700805664,39.58818054199219,,,,,ok,,/home/josh/tdm/infer/current/.venv/bin/python /home/josh/tdm/infer/worktrees/flashinfer-nvfp4-kv/benchmarks/bench_nvfp4_fmha_v2_gqa_grouped_attention.py --device 0 --gemma4-shape custom --q-len 1024 --kv-len 262144 --head-dim 256 --group-sizes 16 --batch-size 1 --only grouped-fp4 --fp4-backend fa2 --fp4-v-layout nhd --fp4-v-sf-layout linear --bf16-backend fa2 --warmup 1 --repeat 3
1024,262144,256,16,fp8_fa2,,34.06991958618164,34.224629720052086,,,,,ok,,/home/josh/tdm/infer/current/.venv/bin/python /home/josh/tdm/infer/worktrees/flashinfer-nvfp4-kv/benchmarks/bench_nvfp4_fmha_v2_gqa_grouped_attention.py --device 0 --gemma4-shape custom --q-len 1024 --kv-len 262144 --head-dim 256 --group-sizes 16 --batch-size 1 --only fp8 --fp4-backend fa2 --fp4-v-layout nhd --fp4-v-sf-layout linear --bf16-backend fa2 --warmup 1 --repeat 3
1024,262144,256,16,bf16_fa2,,23.654783248901367,23.67917823791504,,,,,ok,,/home/josh/tdm/infer/current/.venv/bin/python /home/josh/tdm/infer/worktrees/flashinfer-nvfp4-kv/benchmarks/bench_nvfp4_fmha_v2_gqa_grouped_attention.py --device 0 --gemma4-shape custom --q-len 1024 --kv-len 262144 --head-dim 256 --group-sizes 16 --batch-size 1 --only bf16 --fp4-backend fa2 --fp4-v-layout nhd --fp4-v-sf-layout linear --bf16-backend fa2 --warmup 1 --repeat 3
2048,8192,256,16,sm120_fused,2,0.6512960195541382,0.6551253398259481,0.9905917644500732,2,6656,50176,ok,,/home/josh/tdm/infer/current/.venv/bin/python /home/josh/tdm/infer/worktrees/flashinfer-nvfp4-kv/benchmarks/bench_sm120_nvfp4_cutlass_fused_attention.py --device 0 --q-len 2048 --kv-len 8192 --head-dim 256 --group 16 --split-kv-len 6656 --warmup 1 --repeat 3 --sm120-qkv-online-splitkv-reuse2-full-grid-bench
2048,8192,256,16,nvfp4_fa2,,1.8652479648590088,1.8848960002263386,,,,,ok,,/home/josh/tdm/infer/current/.venv/bin/python /home/josh/tdm/infer/worktrees/flashinfer-nvfp4-kv/benchmarks/bench_nvfp4_fmha_v2_gqa_grouped_attention.py --device 0 --gemma4-shape custom --q-len 2048 --kv-len 8192 --head-dim 256 --group-sizes 16 --batch-size 1 --only grouped-fp4 --fp4-backend fa2 --fp4-v-layout nhd --fp4-v-sf-layout linear --bf16-backend fa2 --warmup 1 --repeat 3
2048,8192,256,16,fp8_fa2,,1.6869759559631348,1.6993706623713176,,,,,ok,,/home/josh/tdm/infer/current/.venv/bin/python /home/josh/tdm/infer/worktrees/flashinfer-nvfp4-kv/benchmarks/bench_nvfp4_fmha_v2_gqa_grouped_attention.py --device 0 --gemma4-shape custom --q-len 2048 --kv-len 8192 --head-dim 256 --group-sizes 16 --batch-size 1 --only fp8 --fp4-backend fa2 --fp4-v-layout nhd --fp4-v-sf-layout linear --bf16-backend fa2 --warmup 1 --repeat 3
2048,8192,256,16,bf16_fa2,,1.1561599969863892,1.1713279883066814,,,,,ok,,/home/josh/tdm/infer/current/.venv/bin/python /home/josh/tdm/infer/worktrees/flashinfer-nvfp4-kv/benchmarks/bench_nvfp4_fmha_v2_gqa_grouped_attention.py --device 0 --gemma4-shape custom --q-len 2048 --kv-len 8192 --head-dim 256 --group-sizes 16 --batch-size 1 --only bf16 --fp4-backend fa2 --fp4-v-layout nhd --fp4-v-sf-layout linear --bf16-backend fa2 --warmup 1 --repeat 3
2048,32768,256,16,sm120_fused,2,2.421663999557495,2.425034681955973,0.9928102493286133,5,6656,50176,ok,,/home/josh/tdm/infer/current/.venv/bin/python /home/josh/tdm/infer/worktrees/flashinfer-nvfp4-kv/benchmarks/bench_sm120_nvfp4_cutlass_fused_attention.py --device 0 --q-len 2048 --kv-len 32768 --head-dim 256 --group 16 --split-kv-len 6656 --warmup 1 --repeat 3 --sm120-qkv-online-splitkv-reuse2-full-grid-bench
2048,32768,256,16,nvfp4_fa2,,7.899424076080322,7.911626656850179,,,,,ok,,/home/josh/tdm/infer/current/.venv/bin/python /home/josh/tdm/infer/worktrees/flashinfer-nvfp4-kv/benchmarks/bench_nvfp4_fmha_v2_gqa_grouped_attention.py --device 0 --gemma4-shape custom --q-len 2048 --kv-len 32768 --head-dim 256 --group-sizes 16 --batch-size 1 --only grouped-fp4 --fp4-backend fa2 --fp4-v-layout nhd --fp4-v-sf-layout linear --bf16-backend fa2 --warmup 1 --repeat 3
2048,32768,256,16,fp8_fa2,,7.153759956359863,7.168383916219075,,,,,ok,,/home/josh/tdm/infer/current/.venv/bin/python /home/josh/tdm/infer/worktrees/flashinfer-nvfp4-kv/benchmarks/bench_nvfp4_fmha_v2_gqa_grouped_attention.py --device 0 --gemma4-shape custom --q-len 2048 --kv-len 32768 --head-dim 256 --group-sizes 16 --batch-size 1 --only fp8 --fp4-backend fa2 --fp4-v-layout nhd --fp4-v-sf-layout linear --bf16-backend fa2 --warmup 1 --repeat 3
2048,32768,256,16,bf16_fa2,,4.8788161277771,4.894730567932129,,,,,ok,,/home/josh/tdm/infer/current/.venv/bin/python /home/josh/tdm/infer/worktrees/flashinfer-nvfp4-kv/benchmarks/bench_nvfp4_fmha_v2_gqa_grouped_attention.py --device 0 --gemma4-shape custom --q-len 2048 --kv-len 32768 --head-dim 256 --group-sizes 16 --batch-size 1 --only bf16 --fp4-backend fa2 --fp4-v-layout nhd --fp4-v-sf-layout linear --bf16-backend fa2 --warmup 1 --repeat 3
2048,65536,256,16,sm120_fused,2,4.96995210647583,4.972117265065511,0.9908209443092346,10,6656,50176,ok,,/home/josh/tdm/infer/current/.venv/bin/python /home/josh/tdm/infer/worktrees/flashinfer-nvfp4-kv/benchmarks/bench_sm120_nvfp4_cutlass_fused_attention.py --device 0 --q-len 2048 --kv-len 65536 --head-dim 256 --group 16 --split-kv-len 6656 --warmup 1 --repeat 3 --sm120-qkv-online-splitkv-reuse2-full-grid-bench
2048,65536,256,16,nvfp4_fa2,,16.016895294189453,16.027562459309895,,,,,ok,,/home/josh/tdm/infer/current/.venv/bin/python /home/josh/tdm/infer/worktrees/flashinfer-nvfp4-kv/benchmarks/bench_nvfp4_fmha_v2_gqa_grouped_attention.py --device 0 --gemma4-shape custom --q-len 2048 --kv-len 65536 --head-dim 256 --group-sizes 16 --batch-size 1 --only grouped-fp4 --fp4-backend fa2 --fp4-v-layout nhd --fp4-v-sf-layout linear --bf16-backend fa2 --warmup 1 --repeat 3
2048,65536,256,16,fp8_fa2,,14.481951713562012,14.496512095133463,,,,,ok,,/home/josh/tdm/infer/current/.venv/bin/python /home/josh/tdm/infer/worktrees/flashinfer-nvfp4-kv/benchmarks/bench_nvfp4_fmha_v2_gqa_grouped_attention.py --device 0 --gemma4-shape custom --q-len 2048 --kv-len 65536 --head-dim 256 --group-sizes 16 --batch-size 1 --only fp8 --fp4-backend fa2 --fp4-v-layout nhd --fp4-v-sf-layout linear --bf16-backend fa2 --warmup 1 --repeat 3
2048,65536,256,16,bf16_fa2,,9.859935760498047,9.872533162434896,,,,,ok,,/home/josh/tdm/infer/current/.venv/bin/python /home/josh/tdm/infer/worktrees/flashinfer-nvfp4-kv/benchmarks/bench_nvfp4_fmha_v2_gqa_grouped_attention.py --device 0 --gemma4-shape custom --q-len 2048 --kv-len 65536 --head-dim 256 --group-sizes 16 --batch-size 1 --only bf16 --fp4-backend fa2 --fp4-v-layout nhd --fp4-v-sf-layout linear --bf16-backend fa2 --warmup 1 --repeat 3
2048,131072,256,16,sm120_fused,2,9.873632431030273,9.88586680094401,0.988807737827301,20,6656,50176,ok,,/home/josh/tdm/infer/current/.venv/bin/python /home/josh/tdm/infer/worktrees/flashinfer-nvfp4-kv/benchmarks/bench_sm120_nvfp4_cutlass_fused_attention.py --device 0 --q-len 2048 --kv-len 131072 --head-dim 256 --group 16 --split-kv-len 6656 --warmup 1 --repeat 3 --sm120-qkv-online-splitkv-reuse2-full-grid-bench
2048,131072,256,16,nvfp4_fa2,,32.225887298583984,32.64904530843099,,,,,ok,,/home/josh/tdm/infer/current/.venv/bin/python /home/josh/tdm/infer/worktrees/flashinfer-nvfp4-kv/benchmarks/bench_nvfp4_fmha_v2_gqa_grouped_attention.py --device 0 --gemma4-shape custom --q-len 2048 --kv-len 131072 --head-dim 256 --group-sizes 16 --batch-size 1 --only grouped-fp4 --fp4-backend fa2 --fp4-v-layout nhd --fp4-v-sf-layout linear --bf16-backend fa2 --warmup 1 --repeat 3
2048,131072,256,16,fp8_fa2,,29.13260841369629,29.304853439331055,,,,,ok,,/home/josh/tdm/infer/current/.venv/bin/python /home/josh/tdm/infer/worktrees/flashinfer-nvfp4-kv/benchmarks/bench_nvfp4_fmha_v2_gqa_grouped_attention.py --device 0 --gemma4-shape custom --q-len 2048 --kv-len 131072 --head-dim 256 --group-sizes 16 --batch-size 1 --only fp8 --fp4-backend fa2 --fp4-v-layout nhd --fp4-v-sf-layout linear --bf16-backend fa2 --warmup 1 --repeat 3
2048,131072,256,16,bf16_fa2,,20.387168884277344,20.41412353515625,,,,,ok,,/home/josh/tdm/infer/current/.venv/bin/python /home/josh/tdm/infer/worktrees/flashinfer-nvfp4-kv/benchmarks/bench_nvfp4_fmha_v2_gqa_grouped_attention.py --device 0 --gemma4-shape custom --q-len 2048 --kv-len 131072 --head-dim 256 --group-sizes 16 --batch-size 1 --only bf16 --fp4-backend fa2 --fp4-v-layout nhd --fp4-v-sf-layout linear --bf16-backend fa2 --warmup 1 --repeat 3
2048,262144,256,16,sm120_fused,2,19.63974380493164,19.673184076944988,0.9918494820594788,40,6656,50176,ok,,/home/josh/tdm/infer/current/.venv/bin/python /home/josh/tdm/infer/worktrees/flashinfer-nvfp4-kv/benchmarks/bench_sm120_nvfp4_cutlass_fused_attention.py --device 0 --q-len 2048 --kv-len 262144 --head-dim 256 --group 16 --split-kv-len 6656 --warmup 1 --repeat 3 --sm120-qkv-online-splitkv-reuse2-full-grid-bench
2048,262144,256,16,nvfp4_fa2,,65.9513931274414,68.61889139811198,,,,,ok,,/home/josh/tdm/infer/current/.venv/bin/python /home/josh/tdm/infer/worktrees/flashinfer-nvfp4-kv/benchmarks/bench_nvfp4_fmha_v2_gqa_grouped_attention.py --device 0 --gemma4-shape custom --q-len 2048 --kv-len 262144 --head-dim 256 --group-sizes 16 --batch-size 1 --only grouped-fp4 --fp4-backend fa2 --fp4-v-layout nhd --fp4-v-sf-layout linear --bf16-backend fa2 --warmup 1 --repeat 3
2048,262144,256,16,fp8_fa2,,59.109375,62.154004414876304,,,,,ok,,/home/josh/tdm/infer/current/.venv/bin/python /home/josh/tdm/infer/worktrees/flashinfer-nvfp4-kv/benchmarks/bench_nvfp4_fmha_v2_gqa_grouped_attention.py --device 0 --gemma4-shape custom --q-len 2048 --kv-len 262144 --head-dim 256 --group-sizes 16 --batch-size 1 --only fp8 --fp4-backend fa2 --fp4-v-layout nhd --fp4-v-sf-layout linear --bf16-backend fa2 --warmup 1 --repeat 3
2048,262144,256,16,bf16_fa2,,41.503360748291016,42.734368642171226,,,,,ok,,/home/josh/tdm/infer/current/.venv/bin/python /home/josh/tdm/infer/worktrees/flashinfer-nvfp4-kv/benchmarks/bench_nvfp4_fmha_v2_gqa_grouped_attention.py --device 0 --gemma4-shape custom --q-len 2048 --kv-len 262144 --head-dim 256 --group-sizes 16 --batch-size 1 --only bf16 --fp4-backend fa2 --fp4-v-layout nhd --fp4-v-sf-layout linear --bf16-backend fa2 --warmup 1 --repeat 3
4096,8192,256,16,sm120_fused,2,1.2863999605178833,1.289237340291341,0.9891250729560852,2,6656,50176,ok,,/home/josh/tdm/infer/current/.venv/bin/python /home/josh/tdm/infer/worktrees/flashinfer-nvfp4-kv/benchmarks/bench_sm120_nvfp4_cutlass_fused_attention.py --device 0 --q-len 4096 --kv-len 8192 --head-dim 256 --group 16 --split-kv-len 6656 --warmup 1 --repeat 3 --sm120-qkv-online-splitkv-reuse2-full-grid-bench
4096,8192,256,16,nvfp4_fa2,,3.1341440677642822,3.1432000001271567,,,,,ok,,/home/josh/tdm/infer/current/.venv/bin/python /home/josh/tdm/infer/worktrees/flashinfer-nvfp4-kv/benchmarks/bench_nvfp4_fmha_v2_gqa_grouped_attention.py --device 0 --gemma4-shape custom --q-len 4096 --kv-len 8192 --head-dim 256 --group-sizes 16 --batch-size 1 --only grouped-fp4 --fp4-backend fa2 --fp4-v-layout nhd --fp4-v-sf-layout linear --bf16-backend fa2 --warmup 1 --repeat 3
4096,8192,256,16,fp8_fa2,,2.777631998062134,2.798720041910807,,,,,ok,,/home/josh/tdm/infer/current/.venv/bin/python /home/josh/tdm/infer/worktrees/flashinfer-nvfp4-kv/benchmarks/bench_nvfp4_fmha_v2_gqa_grouped_attention.py --device 0 --gemma4-shape custom --q-len 4096 --kv-len 8192 --head-dim 256 --group-sizes 16 --batch-size 1 --only fp8 --fp4-backend fa2 --fp4-v-layout nhd --fp4-v-sf-layout linear --bf16-backend fa2 --warmup 1 --repeat 3
4096,8192,256,16,bf16_fa2,,1.9018559455871582,1.9154560168584187,,,,,ok,,/home/josh/tdm/infer/current/.venv/bin/python /home/josh/tdm/infer/worktrees/flashinfer-nvfp4-kv/benchmarks/bench_nvfp4_fmha_v2_gqa_grouped_attention.py --device 0 --gemma4-shape custom --q-len 4096 --kv-len 8192 --head-dim 256 --group-sizes 16 --batch-size 1 --only bf16 --fp4-backend fa2 --fp4-v-layout nhd --fp4-v-sf-layout linear --bf16-backend fa2 --warmup 1 --repeat 3
4096,32768,256,16,sm120_fused,2,4.9911041259765625,4.993002732594808,0.9902434349060059,5,6656,50176,ok,,/home/josh/tdm/infer/current/.venv/bin/python /home/josh/tdm/infer/worktrees/flashinfer-nvfp4-kv/benchmarks/bench_sm120_nvfp4_cutlass_fused_attention.py --device 0 --q-len 4096 --kv-len 32768 --head-dim 256 --group 16 --split-kv-len 6656 --warmup 1 --repeat 3 --sm120-qkv-online-splitkv-reuse2-full-grid-bench
4096,32768,256,16,nvfp4_fa2,,15.200384140014648,15.220021565755209,,,,,ok,,/home/josh/tdm/infer/current/.venv/bin/python /home/josh/tdm/infer/worktrees/flashinfer-nvfp4-kv/benchmarks/bench_nvfp4_fmha_v2_gqa_grouped_attention.py --device 0 --gemma4-shape custom --q-len 4096 --kv-len 32768 --head-dim 256 --group-sizes 16 --batch-size 1 --only grouped-fp4 --fp4-backend fa2 --fp4-v-layout nhd --fp4-v-sf-layout linear --bf16-backend fa2 --warmup 1 --repeat 3
4096,32768,256,16,fp8_fa2,,13.46406364440918,13.491402626037598,,,,,ok,,/home/josh/tdm/infer/current/.venv/bin/python /home/josh/tdm/infer/worktrees/flashinfer-nvfp4-kv/benchmarks/bench_nvfp4_fmha_v2_gqa_grouped_attention.py --device 0 --gemma4-shape custom --q-len 4096 --kv-len 32768 --head-dim 256 --group-sizes 16 --batch-size 1 --only fp8 --fp4-backend fa2 --fp4-v-layout nhd --fp4-v-sf-layout linear --bf16-backend fa2 --warmup 1 --repeat 3
4096,32768,256,16,bf16_fa2,,9.20627212524414,9.243733406066895,,,,,ok,,/home/josh/tdm/infer/current/.venv/bin/python /home/josh/tdm/infer/worktrees/flashinfer-nvfp4-kv/benchmarks/bench_nvfp4_fmha_v2_gqa_grouped_attention.py --device 0 --gemma4-shape custom --q-len 4096 --kv-len 32768 --head-dim 256 --group-sizes 16 --batch-size 1 --only bf16 --fp4-backend fa2 --fp4-v-layout nhd --fp4-v-sf-layout linear --bf16-backend fa2 --warmup 1 --repeat 3
4096,65536,256,16,sm120_fused,2,9.899711608886719,9.908639589945475,0.9904826879501343,10,6656,50176,ok,,/home/josh/tdm/infer/current/.venv/bin/python /home/josh/tdm/infer/worktrees/flashinfer-nvfp4-kv/benchmarks/bench_sm120_nvfp4_cutlass_fused_attention.py --device 0 --q-len 4096 --kv-len 65536 --head-dim 256 --group 16 --split-kv-len 6656 --warmup 1 --repeat 3 --sm120-qkv-online-splitkv-reuse2-full-grid-bench
4096,65536,256,16,nvfp4_fa2,,31.354816436767578,31.55656560262044,,,,,ok,,/home/josh/tdm/infer/current/.venv/bin/python /home/josh/tdm/infer/worktrees/flashinfer-nvfp4-kv/benchmarks/bench_nvfp4_fmha_v2_gqa_grouped_attention.py --device 0 --gemma4-shape custom --q-len 4096 --kv-len 65536 --head-dim 256 --group-sizes 16 --batch-size 1 --only grouped-fp4 --fp4-backend fa2 --fp4-v-layout nhd --fp4-v-sf-layout linear --bf16-backend fa2 --warmup 1 --repeat 3
4096,65536,256,16,fp8_fa2,,27.884159088134766,27.923935572306316,,,,,ok,,/home/josh/tdm/infer/current/.venv/bin/python /home/josh/tdm/infer/worktrees/flashinfer-nvfp4-kv/benchmarks/bench_nvfp4_fmha_v2_gqa_grouped_attention.py --device 0 --gemma4-shape custom --q-len 4096 --kv-len 65536 --head-dim 256 --group-sizes 16 --batch-size 1 --only fp8 --fp4-backend fa2 --fp4-v-layout nhd --fp4-v-sf-layout linear --bf16-backend fa2 --warmup 1 --repeat 3
4096,65536,256,16,bf16_fa2,,18.935712814331055,19.044095993041992,,,,,ok,,/home/josh/tdm/infer/current/.venv/bin/python /home/josh/tdm/infer/worktrees/flashinfer-nvfp4-kv/benchmarks/bench_nvfp4_fmha_v2_gqa_grouped_attention.py --device 0 --gemma4-shape custom --q-len 4096 --kv-len 65536 --head-dim 256 --group-sizes 16 --batch-size 1 --only bf16 --fp4-backend fa2 --fp4-v-layout nhd --fp4-v-sf-layout linear --bf16-backend fa2 --warmup 1 --repeat 3
4096,131072,256,16,sm120_fused,2,19.676671981811523,19.702272415161133,0.9894976615905762,20,6656,50176,ok,,/home/josh/tdm/infer/current/.venv/bin/python /home/josh/tdm/infer/worktrees/flashinfer-nvfp4-kv/benchmarks/bench_sm120_nvfp4_cutlass_fused_attention.py --device 0 --q-len 4096 --kv-len 131072 --head-dim 256 --group 16 --split-kv-len 6656 --warmup 1 --repeat 3 --sm120-qkv-online-splitkv-reuse2-full-grid-bench
4096,131072,256,16,nvfp4_fa2,,64.4867172241211,66.61616770426433,,,,,ok,,/home/josh/tdm/infer/current/.venv/bin/python /home/josh/tdm/infer/worktrees/flashinfer-nvfp4-kv/benchmarks/bench_nvfp4_fmha_v2_gqa_grouped_attention.py --device 0 --gemma4-shape custom --q-len 4096 --kv-len 131072 --head-dim 256 --group-sizes 16 --batch-size 1 --only grouped-fp4 --fp4-backend fa2 --fp4-v-layout nhd --fp4-v-sf-layout linear --bf16-backend fa2 --warmup 1 --repeat 3
4096,131072,256,16,fp8_fa2,,56.87779235839844,59.485514322916664,,,,,ok,,/home/josh/tdm/infer/current/.venv/bin/python /home/josh/tdm/infer/worktrees/flashinfer-nvfp4-kv/benchmarks/bench_nvfp4_fmha_v2_gqa_grouped_attention.py --device 0 --gemma4-shape custom --q-len 4096 --kv-len 131072 --head-dim 256 --group-sizes 16 --batch-size 1 --only fp8 --fp4-backend fa2 --fp4-v-layout nhd --fp4-v-sf-layout linear --bf16-backend fa2 --warmup 1 --repeat 3
4096,131072,256,16,bf16_fa2,,39.222145080566406,39.75015513102213,,,,,ok,,/home/josh/tdm/infer/current/.venv/bin/python /home/josh/tdm/infer/worktrees/flashinfer-nvfp4-kv/benchmarks/bench_nvfp4_fmha_v2_gqa_grouped_attention.py --device 0 --gemma4-shape custom --q-len 4096 --kv-len 131072 --head-dim 256 --group-sizes 16 --batch-size 1 --only bf16 --fp4-backend fa2 --fp4-v-layout nhd --fp4-v-sf-layout linear --bf16-backend fa2 --warmup 1 --repeat 3
4096,262144,256,16,sm120_fused,2,39.32876968383789,40.47864659627279,0.9923859238624573,40,6656,50176,ok,,/home/josh/tdm/infer/current/.venv/bin/python /home/josh/tdm/infer/worktrees/flashinfer-nvfp4-kv/benchmarks/bench_sm120_nvfp4_cutlass_fused_attention.py --device 0 --q-len 4096 --kv-len 262144 --head-dim 256 --group 16 --split-kv-len 6656 --warmup 1 --repeat 3 --sm120-qkv-online-splitkv-reuse2-full-grid-bench
4096,262144,256,16,nvfp4_fa2,,137.182373046875,138.24609375,,,,,ok,,/home/josh/tdm/infer/current/.venv/bin/python /home/josh/tdm/infer/worktrees/flashinfer-nvfp4-kv/benchmarks/bench_nvfp4_fmha_v2_gqa_grouped_attention.py --device 0 --gemma4-shape custom --q-len 4096 --kv-len 262144 --head-dim 256 --group-sizes 16 --batch-size 1 --only grouped-fp4 --fp4-backend fa2 --fp4-v-layout nhd --fp4-v-sf-layout linear --bf16-backend fa2 --warmup 1 --repeat 3
4096,262144,256,16,fp8_fa2,,122.40605163574219,123.50105539957683,,,,,ok,,/home/josh/tdm/infer/current/.venv/bin/python /home/josh/tdm/infer/worktrees/flashinfer-nvfp4-kv/benchmarks/bench_nvfp4_fmha_v2_gqa_grouped_attention.py --device 0 --gemma4-shape custom --q-len 4096 --kv-len 262144 --head-dim 256 --group-sizes 16 --batch-size 1 --only fp8 --fp4-backend fa2 --fp4-v-layout nhd --fp4-v-sf-layout linear --bf16-backend fa2 --warmup 1 --repeat 3
4096,262144,256,16,bf16_fa2,,81.09468841552734,83.56772359212239,,,,,ok,,/home/josh/tdm/infer/current/.venv/bin/python /home/josh/tdm/infer/worktrees/flashinfer-nvfp4-kv/benchmarks/bench_nvfp4_fmha_v2_gqa_grouped_attention.py --device 0 --gemma4-shape custom --q-len 4096 --kv-len 262144 --head-dim 256 --group-sizes 16 --batch-size 1 --only bf16 --fp4-backend fa2 --fp4-v-layout nhd --fp4-v-sf-layout linear --bf16-backend fa2 --warmup 1 --repeat 3
